source,preprint_doi,published_doi,published_journal,preprint_title,preprint_authors,preprint_category,preprint_date,published_date,preprint_abstract
biorxiv,10.1101/2020.10.08.329912,10.1515/tnsci-2020-0157,Translational Neuroscience,Transcranial Bipolar Direct Current Stimulation of the Frontoparietal Cortex Reduces Ketamine-Induced Oscillopathies: A Pilot Study in the Sedated Rat,"Lahogue, C.; Pinault, D.",neuroscience,2020-10-09,2021-06-28,"During the prodromal phase of schizophrenia with its complex and insidious clinical picture, electroencephalographic recordings detect widespread oscillation disturbances (or oscillopathies). Neural oscillations are electro-biomarkers of the connectivity state within systems. A single systemic administration of ketamine, a non-competitive NMDA glutamate receptor antagonist, transiently reproduces the oscillopathies with a clinical picture reminiscent of the psychosis prodrome. This acute pharmacological model may help the research and development of innovative treatments against the psychotic transition. Transcranial electrical stimulation is recognized as an appropriate non-invasive therapeutic modality since it can increase cognitive performance and modulate neural oscillations with little or no side effects. Therefore, our objective was to set up, in the sedated adult rat, a stimulation method able to normalize the ketamine-induced oscillopathies. Unilateral transcranial frontoparietal anodal stimulation by direct current (<+1 mA) was applied in ketamine-treated rats. A concomitant electroencephalographic recording of the parietal cortex measured the stimulation effects on its spontaneously-occurring oscillations. A 5-min bipolar anodal tDCS immediately and quickly reduced, significantly with an intensity-effect relationship, the ketamine-induced oscillopathies at least in the bilateral parietal cortex. A duration effect was also recorded. These preliminary neurophysiological findings are promising for developing a therapeutic proof-of-concept against neuropsychiatric disorders."
medrxiv,10.1101/2025.08.08.25333284,10.1186/s12904-025-01971-4,BMC Palliative Care,Coproducing a conceptual understanding of unmet palliative care needs: stakeholder workshops using modified nominal group technique,"Bone, A. E.; Diggle, M.; Johansson, T.; Finucane, A.; Sleeman, K. E.; Davies, J. M.; Higginson, I. J.; Fraser, L. K.; Murtagh, F. E. M.",palliative medicine,2025-08-11,2025-12-23,"BackgroundDespite growing recognition of the importance of identifying unmet needs in palliative care, there remains no clear, operational definition of what constitutes unmet palliative care needs. This gap hinders service planning, policy development and equitable access to care. We aimed to explore priorities for understanding and measuring unmet palliative care needs with stakeholders, including people with lived and professional experience.

MethodsThree online workshops using a modified nominal group technique with people with lived experience of life-limiting illness and professionals in palliative care. Separate workshops were held for each group to independently identify elements that capture the concept of unmet palliative care needs, followed by a combined workshop to refine and consolidate findings. Workshop data were analysed using content analysis. Participants then completed an online ranking exercise to prioritise key elements, which was analysed descriptively.

FindingsTwenty-eight individuals participated, including 11 people with lived experience and 17 with professional experience. In the final workshop, participants agreed on a list of 27 elements capturing unmet palliative care needs, which were conceptualised in two main ways: 1) service-related (e.g. lack of a single point of contact to access support, including out-of-hours), and those related to symptoms and concerns, (e.g. pain not assessed and managed). Twenty-three participants completed the ranking exercise. Highly prioritised elements included lack of timely and holistic assessment of symptoms or suffering, inability to access services needed, lack of coordination, and continuity of care. Other priorities for understanding and measuring unmet palliative care needs were lack of timely follow-up to address symptoms, lack of skilled support, and lack of respect, dignity and empathy.

ConclusionsThis study is the first to engage both individuals with lived experience and professionals in conceptualising unmet palliative care needs. Stakeholders prioritised two broad aspects important for capturing unmet palliative care needs: symptom-related concerns and service-related issues. These findings provide a foundation for developing stakeholder-informed tools to assess unmet palliative care needs that are feasible for use across diverse care settings and populations."
medrxiv,10.1101/2024.08.06.24311421,10.3390/diagnostics15070923,Diagnostics,Analytical Validation of MyProstateScore 2.0,"Meyers, J. I.; Schatz, T. M.; Seitz, C. J.; Botbyl, R.; Moore, B. S.; Crafts, B. G.; Heaton, S.; Kitchen, J. R.",oncology,2024-08-10,2025-04-03,"Prostate cancer (PCa) remains the most common cancer and the second leading cause of cancer-related deaths among men in the United States. Early detection is critical, yet routine prostate-specific antigen (PSA) screening has shown limited benefits, often leading to unnecessary biopsies. MyProstateScore 2.0 (MPS2), a novel urinary 18-biomarker test, aims to improve the detection of clinically significant prostate cancer (csPCa) while minimizing the risk of unnecessary procedures. This study aims to validate the analytical performance of MPS2, including analytical detection limits, reproducibility, and robustness across various potential interfering substances. The limit of detection (LoD) and lower limit of quantitation (LLOQ) for the 18 MPS2 biomarkers ranged from 40 to 160 copies/reaction and 80 to 320 copies/reaction, respectively. The upper limit of quantitation (ULOQ) was determined to be up to 10^7 copies/reaction for most analytes. The linear amplification of MPS2 biomarker amplification was confirmed between the defined LLOQ and ULOQ. The impact of eleven potential interfering substances were tested and shown to have minimal impact on the assay. In conclusion, MPS2 exhibits robust analytical performance, with reliable detection and quantitation limits. This validation supports the clinical use of MPS2 for accurately predicting clinically-significant PCa, potentially reducing unnecessary biopsies and associated complications."
biorxiv,10.1101/2020.10.20.346817,10.1371/journal.pone.0241653,PLOS ONE,Potential Linkage between Toxoplasma gondii Infection and Physical Education Scores of College Students,"Sheng, Z.; Jin, Y.; Du, Y.; Yan, X.; Yao, Y.",microbiology,2020-10-20,2021-03-03,"ObjectiveToxoplasma gondii is a worldwide protozoan parasite that could infect virtually all warm-blooded animals, including humans. Our study aimed to investigate the prevalence of T. gondii infection in college students at Anhui province, China. Moreover, growing studies demonstrated the association between T. gondii infection and host behavioral changes. We also studied the linkage between T. gondii and scores of college students.

Methods2704 serum samples of medical school students attending physical education lessons were collected from September 2017 to September 2019 and evaluated for T. gondii IgG antibodies using an enzyme-linked immunosorbent assay (ELISA). We also analysed PE scores of T. gondii infected students and T. gondii uninfected students.

ResultsThe overall seroprevalence of T. gondii was 11.5%. The main risk factors related to T. gondii infections were cat in the household and gardening or agriculture activity. Furthermore, in basketball group and football group, scores of T. gondii seropositive students were significantly higher than that of seronegative students, while in other sports there is no difference between scores of T. gondii infected students and T. gondii uninfected students.

ConclusionThis is the first report of T. gondii seroprevalence in college students in Anhui province, China."
medrxiv,10.1101/2021.07.13.21259300,10.1038/s41531-021-00260-0,npj Parkinson's Disease,"Gut bacterial tyrosine decarboxylase gene abundance associates with disease duration, medication exposure, and gastrointestinal symptoms in a longitudinal cohort of Parkinson's disease patients.","van Kessel, S. P.; Auvinen, P.; Scheperjans, F.; El Aidy, S.",neurology,2021-07-15,2021-12-15,"Gut microbiota influences the clinical response of a wide variety of orally administered drugs. However, the underlying mechanisms by which drug-microbiota interactions occur are still obscure. Previously, we reported that tyrosine decarboxylating (TDC) bacteria may restrict the levels of levodopa reaching the circulation in patients with Parkinsons disease (PD). We observed a significant positive association between disease duration and the abundance of the bacterial tdc-gene. The question arises whether increased exposure to anti-PD medication could affect the abundance of bacterial TDC, to ultimately impact drug efficacy. To this end, we investigated the potential association between anti-PD drug exposure and bacterial tdc-gene abundance over a time period of two years in a longitudinal cohort of PD patients and healthy controls. Our data reveal significant associations between tdc-gene abundance, anti-PD medication, and gastrointestinal symptoms and warrants further research on the effect of anti-PD medication on microbial changes and gastrointestinal-function."
biorxiv,10.1101/2021.06.27.450065,10.1038/s41467-021-26889-2,Nature Communications,Mechanism of actin-dependent activation of nucleotidyl cyclase toxins from bacterial human pathogens,"Belyy, A.; Merino, F.; Mechold, U.; Raunser, S.",biochemistry,2021-06-27,2021-11-16,"Several bacterial human pathogens secrete nucleotidyl cyclase toxins, that are activated by interaction with actin of the eukaryotic host cells. However, the underlying molecular mechanism of this process which protects bacteria from self-intoxication is unclear. Here, we report structures of ExoY from Pseudomonas aeruginosa and Vibrio vulnificus in complex with their corresponding activators F-actin and profilin-G-actin. The structures reveal that in contrast to the apo state, two flexible regions become ordered and interact strongly with actin. The specific stabilization of these regions results in an allosteric stabilization of the distant nucleotide binding pocket and thereby to an activation of the enzyme. Differences in the sequence and conformation of the actin-binding regions are responsible for the selective binding to either F- or G-actin. This specificity can be biotechnologically modulated by exchanging these regions from one toxin to the other.

Other bacterial nucleotidyl cyclases, such as the anthrax edema factor and CyaA from Bortedella pertussis, that bind to calmodulin undergo a similar disordered-to-ordered transition during activation, suggesting that the allosteric activation-by-stabilization mechanism of ExoY is paradigmatic for all bacterial nucleotidyl cyclase toxins."
biorxiv,10.1101/2024.06.10.598101,10.1111/imm.13905,Immunology,Epstein-Barr virus induced 3 attributes to TLR7-mediated splenomegaly and bicytopenia,"Iseki, M.; Sakamoto, Y.; Takezaki, D.; Matsuda, Y.; Inoue, M.; Morizane, S.; Mukai, T.",immunology,2024-06-11,2025-01-28,"Epstein-Barr virus induced 3 (EBI3) is a gene induced by stimulation of toll-like receptors (TLRs) and functions as a component of a heterodimer cytokine IL-27. IL-27 regulates both innate and acquired immune responses; however, their function in vivo is still largely unknown. Splenomegaly, an enlargement of the spleen, is known to be induced by chronic infectious diseases, including infectious mononucleosis due to EB virus infection. Repeated treatment of imiquimod (IMQ; a TLR7 agonist) has been reported to induce splenomegaly and cytopenia due to increased splenic function. Although immune cell activation is speculated to be involved in the pathogenesis of chronic infection-mediated splenomegaly, the detailed molecular mechanism is unknown. Here, we demonstrated that IMQ induced marked splenomegaly and severe bicytopenia (anemia and thrombocytopenia) in the wild-type mice. Myeloid cells, not lymphoid cells, were increased in the enlarged spleen. Extramedullary hematopoiesis was observed in the enlarged spleen of the IMQ-treated mice. RNA-seq analysis revealed that type I interferon (IFN)-related genes were upregulated in the spleen and peripheral blood in IMQ-treated mice. Ebi3 deficiency partially retrieved these IMQ-induced pathological changes. We found that Il27 as well as Ebi3 genes were elevated by IMQ in the spleen and peripheral blood. Further, IL-27 stimulation upregulated type I IFN-related genes in bone marrow-derived macrophage culture in the absence of type I IFN. Collectively, EBI3 contributes to TLR7-induced splenomegaly and bicytopenia, presumably via IL-27."
biorxiv,10.1101/2024.02.12.579861,10.1126/sciadv.ado7829,Science Advances,Chemogenetic activation of microglial Gi signaling decreases microglial surveillance and impairs neuronal synchronization,"Zhao, S.; Wang, L.; Liang, Y.; Zheng, J.; Umpierre, A. D.; Wu, L.-J.",neuroscience,2024-02-12,2025-02-28,"Microglia actively survey the brain and dynamically interact with neurons to maintain brain homeostasis. Microglial Gi-protein coupled receptors (Gi-GPCRs) play a critical role in microglia-neuron communications. However, the impact of temporally activating microglial Gi signaling on microglial dynamics and neuronal activity in the homeostatic brain remains largely unknown. In this study, we employed Gi-based Designer Receptors Exclusively Activated by Designer Drugs (Gi-DREADD) to selectively and temporally modulate microglial Gi signaling pathway. By integrating this chemogenetic approach with in vivo two-photon imaging, we observed that exogenous activation of microglial Gi signaling transiently inhibited microglial process dynamics, reduced neuronal activity, and impaired neuronal synchronization. These altered neuronal functions were associated with a decrease in interactions between microglia and neuron somata. Altogether, this study demonstrates that acute, exogenous activation of microglial Gi signaling can regulate neuronal circuit function, offering a potential pharmacological target for neuromodulation through microglia."
biorxiv,10.1101/2022.02.21.481265,10.1371/journal.pgen.1010432,PLOS Genetics,Antisense non-coding transcription represses the PHO5 model gene via remodelling of promoter chromatin structure,"Novacic, A.; Menendez, D.; Ljubas, J.; Barbaric, S.; Stutz, F.; Soudet, J.; Stuparevic, I.",molecular biology,2022-02-21,2022-10-10,"Pervasive transcription of eukaryotic genomes generates non-coding transcripts with regulatory potential. We examined the effects of non-coding antisense transcription on the regulation of expression of the yeast PHO5 gene, a paradigmatic case for gene regulation through promoter chromatin remodeling. A negative role for antisense transcription at the PHO5 gene locus was demonstrated by leveraging the level of overlapping antisense transcription through specific mutant backgrounds, expression from a strong promoter in cis, and use of the CRISPRi system. Furthermore, we showed that enhanced elongation of PHO5 antisense leads to a more repressive chromatin conformation at the PHO5 gene promoter, which is more slowly remodeled upon gene induction. The negative effect of antisense transcription on PHO5 gene transcription is mitigated upon inactivation of the histone deacetylase Rpd3, showing that PHO5 antisense RNA acts via histone deacetylation. This regulatory pathway leads to Rpd3-dependent decreased recruitment of the RSC chromatin remodeling complex to the PHO5 gene promoter upon induction of antisense transcription. Overall, the data in this work reveal an additional level in the complex regulatory mechanism of PHO5 gene expression by showing antisense transcription-mediated repression at the level of promoter chromatin structure remodeling."
biorxiv,10.1101/2020.10.30.361915,10.1016/j.stemcr.2021.11.006,Stem Cell Reports,Haploid mouse germ cell precursors from embryonic stem cells reveal Xist activation from a single X chromosome,"Aizawa, E.; Kaufmann, C.; Sting, S.; Freimann, R.; Wutz, A.",developmental biology,2020-10-30,2021-12-16,Mammalian haploid cells have applications for genetic screening and substituting gametic genomes. Here we characterize a culture system for obtaining haploid primordial germ cell-like cells (PCGLCs) from haploid mouse embryonic stem cells (ESCs). We find that a haploid genome is maintained in PGCLCs with a high frequency indicating a substantially lower rate of diploidization than somatic cells. Characterization of the differentiating haploid ESCs reveals that Xist is activated from the single X chromosome. This observation suggests that X chromosome inactivation is initiated in haploid cells consistent with a model where autosomal blocking factors set a threshold for X-linked activators. The germline segregates from the epiblast and differs from somatic lineages in gene expression and epigenetic mechanisms. The ability of primordial germ cells for repressing Xist might contribute to the maintenance of a haploid genome.
biorxiv,10.1101/2021.08.05.455205,10.1242/jcs.259220,Journal of Cell Science,Co-translational biogenesis of lipid droplet integral membrane proteins,"Leznicki, P.; Shi, W. Q.; High, S.",biochemistry,2021-08-05,2021-11-02,"Membrane proteins destined for lipid droplets (LDs), a major intracellular storage site for neutral lipids, are inserted into the endoplasmic reticulum (ER) and then trafficked to LDs where they reside in a hairpin loop conformation. Here, we show that LD membrane proteins can be delivered to the ER either co- or post-translationally and that their membrane-embedded region specifies pathway selection. The co-translational route for LD membrane protein biogenesis is insensitive to a small molecule inhibitor of the Sec61 translocon, Ipomoeassin F, and instead relies on the ER membrane protein complex (EMC) for membrane insertion. Strikingly, this route can also result in a transient exposure of the short N-termini of LD membrane proteins to the ER lumen, followed by topological rearrangements that enable their transmembrane segment to form a hairpin loop and N-termini to face the cytosol. Our study reveals an unexpected complexity to LD membrane protein biogenesis and identifies a role for the EMC during their co-translational insertion into the ER.

SUMMARY STATEMENTInsertion of many lipid droplet membrane proteins into the endoplasmic reticulum (ER) is co-translational, mediated by the ER membrane protein complex (EMC) and involves topology reorientation."
medrxiv,10.1101/2022.01.21.22269650,10.1038/s41467-023-36356-9,Nature Communications,Quantifying the direct and indirect protection provided by insecticide treated bed nets against malaria,"Unwin, H. J. T.; Sherrard-Smith, E.; Churcher, T. S.; Ghani, A.",infectious diseases,2022-01-21,2023-02-08,"Long lasting insecticide treated mosquito nets (LLINs) provide both direct and indirect protection against bites from mosquitoes potentially transmitting malaria. Direct personal protection is provided to net users given both the nets physical barrier and its insecticidal action. Indirect mass protection for the community is afforded through reduced infectious bites per person annually (entomological inoculation rate, EIR). Quantifying these protective effects can help strategize options for net interventions, particularly as insecticide-resistant mosquitoes spread.

These types of protection are inherently linked, rendering it impossible to empirically quantify the contribution of each to the overall  community effect, instead we investigate this with a modelling framework and compare model predictions to trends with Demographic Health Survey (DHS) data.

Our modelling exercise predicts that in a situation with an EIR of 100, the reduction in EIR from an untreated net used by 80% of the population is 52% [95% CI: 12% - 84%] for users and 21% [95% CI: 0% - 57%] for non-users. Due to the impact of the insecticide, the reduction in EIR for LLINs is 89% [95% CI: 67% - 98%] for users and 74% [95% CI: 48% - 92%] for non-users, but this protection reduces as insecticide resistance in mosquitoes increases. Modelled trends in the difference in protection between users and non-users across endemicity and net usage levels are consistent with DHS data (2000-2018).

This study supports the concept of a community effect from LLINs, highlights the value of blocking and killing mosquitoes for community protection. Achieving high LLIN usage is always preferential, but there remains protection to non-users as the number of people using nets increases."
biorxiv,10.1101/2024.08.20.608746,10.1093/pnasnexus/pgae440,PNAS Nexus,Pollen foraging mediates exposure to dichotomous stressor syndromes in honey bees,"Wizenberg, S. B.; French, S. K.; Newburn, L. R.; Pepinelli, M.; Conflitti, I. M.; Moubony, M.; Ritchie, C.; Jamieson, A.; Richardson, R. T.; Travas, A.; Imrit, M. A.; Chihata, M.; Higo, H.; Common, J.; Walsh, E. M.; Bixby, M.; Guarna, M. M.; Pernal, S. F.; Hoover, S. E.; Currie, R. W.; Giovenazzo, P.; Guzman-Novoa, E.; Borges, D.; Foster, L. J.; Zayed, A.",ecology,2024-08-20,2024-10-18,"Recent declines in the health of honey bee colonies used for crop pollination pose a considerable threat to global food security. Foraging by honey bee workers represents the primary route of exposure to a plethora of toxins and pathogens known to affect bee health, but it remains unclear how foraging preferences impact colony-level patterns of stressor exposure. Resolving this knowledge gap is crucial for enhancing the health of honey bees and the agricultural systems that rely on them for pollination. To address this, we carried out a national-scale experiment encompassing 456 Canadian honey bee colonies to first characterize pollen foraging preferences in relation to major crops, then explore how foraging behaviour influences patterns of stressor exposure. We used a metagenetic approach to quantify honey bee dietary breadth and found that bees display distinct foraging preferences that vary substantially relative to crop type and proximity, and the breadth of foraging interactions can be used to predict the abundance and diversity of stressors a colony is exposed to. Foraging on diverse plant communities was associated with increased exposure to pathogens, while the opposite was associated with increased exposure to xenobiotics. Our work provides the first large-scale empirical evidence that pollen foraging behaviour plays an influential role in determining exposure to dichotomous stressor syndromes in honey bees.

Significance StatementInsect-mediated pollination is an important ecological process that is crucial for food production. Managed honey bee colonies are one of the most important insect pollinators, but their health has been under threat from a variety of stressors. Bee workers are primarily exposed to stressors while foraging and understanding how bee foraging preferences are related to exposure risk could provide pivotal information to improve management efforts. Here, we studied honey bee foraging preferences in relation to prominent Canadian crops and across a gradient of modified environments. We found that honey bees show distinct, measurable foraging preferences and that dietary diversity is a strong predictor of the stressors that colonies are exposed to."
biorxiv,10.1101/499699,10.1083/jcb.201812133,Journal of Cell Biology,SGK regulates meiotic resumption in ovarian starfish oocytes via intracellular pH-increase and cyclin B-Cdk1 activation,"Hosoda, E.; Hiraoka, D.; Hirohashi, N.; Omi, S.; Kishimoto, T.; Chiba, K.",molecular biology,2018-12-18,2019-09-19,"Tight regulation of intracellular pH (pHi) is essential for biological processes. Fully-grown oocytes, having a large nucleus called the germinal vesicle, arrest at meiotic prophase-I. Upon hormonal stimulus, oocytes resume meiosis to acquire fertilizability. At this time, pHi increases through Na+/H+ exchanger activity. However, regulation and function of this change remains obscure. Here we show that in starfish oocytes, serum- and glucocorticoid-regulated kinase (SGK) is activated by the PI3K/TORC2/PDK1 signaling after hormonal stimulus, and is required for the pHi increase and cyclin B-Cdk1 activation. Furthermore, when we clamped pHi at 6.7, corresponding to the pHi of unstimulated ovarian oocytes, hormonal stimulus normally induced cyclin B-Cdk1 activation; thereafter, oocytes initiated germinal vesicle breakdown (GVBD), but failed to complete it. Thus, SGK-dependent pHi increase is likely prerequisite for completion of GVBD in ovarian oocytes. We propose a model that SGK drives meiotic resumption through concomitant regulation of pHi and the cell-cycle machinery."
biorxiv,10.1101/747410,10.15252/embj.2019103315,The EMBO Journal,Autophagy mediates temporary reprogramming and dedifferentiation in plant somatic cells,"Rodriguez, E.; Chevalier, J.; Olsen, J.; Ansbol, J.; Kapousidou, V.; Zuo, Z.; Svenning, S.; Loefke, C.; Koemeda, S.; Drozdowskyj, P. S.; Jez, J.; Durnberger, G.; Kuenzl, F.; Schutzbier, M.; Mechtler, K.; Lolle, S.; Dagdas, Y.; Petersen, M.",plant biology,2019-08-28,2020-01-13,"Somatic cells acclimate to changes in the environment by temporary reprogramming. Much has been learned about transcription factors that induce these cell-state switches in both plants and animals, but how cells rapidly modulate their proteome remains elusive. Here, we show rapid induction of autophagy during temporary reprogramming in plants triggered by phytohormones, immune and danger signals. Quantitative proteomics following sequential reprogramming revealed that autophagy is required for timely decay of previous cellular states and for tweaking the proteome to acclimate to the new conditions. Signatures of previous cellular programs thus persist in autophagy deficient cells, affecting cellular decision-making. Concordantly, autophagy deficient cells fail to acclimatize to dynamic climate changes. Similarly, they have defects in dedifferentiating into pluripotent stem cells, and redifferentiation during organogenesis. These observations indicate that autophagy mediates cell state switches that underlie somatic cell reprogramming in plants and possibly other organisms, and thereby promotes phenotypic plasticity."
biorxiv,10.1101/2023.02.07.527545,10.1016/j.celrep.2023.112556,Cell Reports,Several cell-intrinsic effectors drive type I interferon-mediated restriction of HIV-1 in primary CD4+ T cells,"Itell, H. L.; Humes, D.; Overbaugh, J.",microbiology,2023-02-07,2023-05-23,"Type I interferon (IFN) upregulates proteins that inhibit HIV within infected cells. Prior studies have identified IFN-stimulated genes (ISGs) that impede lab-adapted HIV in cell lines, yet the ISG(s) that mediate IFN restriction in HIV target cells, primary CD4+ T cells, are unknown. Here, we interrogate ISG restriction of primary HIV in CD4+ T cells. We performed CRISPR-knockout screens using a custom library that specifically targets ISGs expressed in CD4+ T cells and validated top hits. Our investigation identified new HIV-restricting ISGs (HM13, IGFBP2, LAP3) and found that two previously studied factors (IFI16, UBE2L6) are IFN effectors in T cells. Inactivation of these five ISGs in combination further diminished IFNs protective effect against six diverse HIV strains. This work demonstrates that IFN restriction of HIV is multifaceted, resulting from several effectors functioning collectively, and establishes a primary cell ISG screening model to identify both single and combinations of HIV-restricting ISGs."
biorxiv,10.1101/2020.12.24.424245,10.1039/d1ra00426c,RSC Advances,Single point mutations can potentially enhance infectivity of SARS-CoV-2 revealed by in silico affinity maturation and SPR assay,"Xue, T.; Wu, W.; Guo, N.; Wu, C.; Huang, J.; Lai, L.; Liu, H.; Li, Y.; Wang, T.; Wang, Y.",bioinformatics,2020-12-26,2021-05-10,"The RBD (receptor binding domain) of the SARS-CoV-2 virus S (spike) protein mediates the viral cell attachment and serves as a promising target for therapeutics development. Mutations on the S-RBD may alter its affinity to cell receptor and affect the potency of vaccines and antibodies. Here we used an in-silico approach to predict how mutations on RBD affect its binding affinity to hACE2 (human angiotensin-converting enzyme2). The effect of all single point mutations on the interface was predicted. SPR assay result shows that 6 out of 9 selected mutations can strengthen binding affinity. Our prediction has reasonable agreement with the previous deep mutational scan results and recently reported mutants. Our work demonstrated in silico method as a powerful tool to forecast more powerful virus mutants, which will significantly benefit for the development of broadly neutralizing vaccine and antibody."
biorxiv,10.1101/2024.11.01.621499,10.1093/g3journal/jkaf061,G3: Genes|Genomes|Genetics,Kudoa genomes from contaminated hosts reveal extensive gene order conservation and rapid sequence evolution,"Weber, C. C.; Paulini, M.; Wellcome Sanger Institute Tree of Life Management, Samples and Laboratory team,  ; Wellcome Sanger Institute Tree of Life Core Informatics team,  ; Blaxter, M. L.",genomics,2024-11-03,2025-03-20,"Myxozoans are obligate endoparasites that belong to the phylum Cnidaria. Compared to their closest free-living relatives, they have evolved highly simplified body plans and reduced genomes. Kudoa iwatai, for example, has lost upwards of two thirds of genes thought to have been present in its ancestors. However, little is known about myxozoan genome architecture because of a lack of sufficiently contiguous genome assemblies.

This work presents two new, near-chromosomal Kudoa genomes, built entirely from low-coverage long reads from infected fish samples. The results illustrate the potential of using unsupervised learning methods to disentangle sequences from different sources, and facilitate producing genomes from undersampled taxa. Extracting distinct components of chromatin interaction networks allows scaffolds from mixed samples to be assigned to their source genomes. Meanwhile, low-dimensional embeddings of read composition permit targeted assembly of potential parasite reads.

Despite drastic changes in genome architecture in the lineage leading to Kudoa and considerable sequence divergence between the two genomes, gene order is highly conserved. Although parasitic cnidarians show rapid protein evolution compared to their free-living relatives, there is limited evidence of less efficient selection. While deleterious substitutions may become fixed at a higher rate, large evolutionary distances between species make robustly analysing patterns of molecular evolution challenging. These observations highlight the importance of filling in taxonomic gaps, to allow a comprehensive assessment of the impacts of parasitism on genome evolution."
medrxiv,10.1101/2021.10.11.21264835,10.1136/bmjresp-2022-001258,BMJ Open Respiratory Research,Vitamin D Status: A U-shaped relationship for SARS-CoV-2 seropositivity in UK healthcare workers,"Mackay, W. R.; Lugg, S. T.; Faniyi, A. A.; Faustini, S.; Webster, C.; Duffy, J.; Hewison, M.; Shields, A.; Richter, A. A.; Parekh, D.; Scott, A.; Thickett, D. R.",respiratory medicine,2021-10-14,2022-09-27,"BackgroundVitamin D has numerous mechanistic roles within the immune system. There is increasing evidence to suggest Vitamin D deficiency may increase individuals risk of COVID-19 infection and susceptibility. We aimed to determine the relationship between severity of vitamin D deficiency and sufficiency and COVID-19 infection within healthcare workers.

MethodsThe study included an observational cohort of healthcare workers who isolated due to COVID-19 symptoms from 12th to 22nd May 2020, from the University Hospitals Birmingham NHS Foundation Trust (UHBFT). This was part of the COVID-19 convalescent immunity study (COCO). Data collected included SARS-CoV-2 seroconversion status, serum 25(OH)D3 levels as well as age, body mass index (BMI), sex, ethnicity, job role, and co-morbidities. Participants were grouped into four vitamin D (VD) categories. 1) Severe VD deficiency (VD <30 nmol/L); 2) VD deficiency (30 nmol/L [&le;] VD <50 nmol/L); 3) VD insufficiency (50 nmol/L [&le;] VD <75 nmol/L); 4) VD sufficiency (VD [&ge;]75 nmol/L).

ResultsWhen VD levels were compared against COVID-19 seropositivity rate, a U-shaped curve was identified in the total population. This trend repeated when split into subgroups of age, sex, ethnicity, BMI, and co-morbidity status. Significant difference was identified in the COVID-19 seropositivity rate between VD groups between multiple VD groups in the total population, males, females, BAME, BMI<30 (kg/m2), 0 and +1 comorbidities; the majority of which were differences when the severely VD deficient category were compared to the other group. A significantly larger proportion of those within the Black, Asian, minority ethnic (BAME) group (vs. white ethnicity) were severely vitamin D deficient (P <0.00001). A significantly higher proportion of the 0-comorbidity subgroup were vitamin D deficient in comparison to the 1+ comorbidity subgroup (P = 0.046).

ConclusionsFurther investigation of the U-shaped curves is required to determine whether high VD levels can have a detrimental effect on susceptibility to COVID-19 infection. Future randomised clinical trials of VD supplementation could potentially identify  optimal VD levels. This would allow for targeted therapeutic treatment for those at-risk such as in the BAME group."
medrxiv,10.1101/2021.03.17.21253813,10.1016/j.mbs.2021.108732,Mathematical Biosciences,A simple model for how the risk of pandemics from different virus families depends on viral and human traits,"Doelger, J.; Chakraborty, A. K.; Kardar, M.",epidemiology,2021-03-24,2021-11-06,"Different virus families, like influenza or corona viruses, exhibit characteristic traits such as typical modes of transmission and replication as well as specific animal reservoirs in which each family of viruses circulate. These traits of genetically related groups of viruses influence how easily an animal virus can adapt to infect humans, how well novel human variants can spread in the population, and the risk of causing a global pandemic. Relating the traits of virus families to their risk of causing future pandemics, and identification of the key time scales within which public health interventions can control the spread of a new virus that could cause a pandemic, are obviously significant. We address these issues using a minimal model whose parameters are related to characteristic traits of different virus families. A key trait of viruses that ""spillover"" from animal reservoirs to infect humans is their ability to propagate infection through the human population (fitness). We find that the risk of pandemics emerging from virus families characterized by a wide distribution of the fitness of spillover strains is much higher than if such strains were characterized by narrow fitness distributions around the same mean. The dependences of the risk of a pandemic on various model parameters exhibit inflection points. We find that these inflection points define informative thresholds. For example, the inflection point in variation of pandemic risk with time after the spillover represents a threshold time beyond which global interventions would likely be too late to prevent a pandemic."
biorxiv,10.1101/2020.07.28.224931,10.1016/j.pscychresns.2021.111270,Psychiatry Research: Neuroimaging,Brain age prediction in schizophrenia: does the choice of machine learning algorithm matter?,"Lee, W. H.; Antoniades, M.; Schnack, H. G.; Kahn, R.; Frangou, S.",neuroscience,2020-07-29,2021-03-07,"BackgroundSchizophrenia has been associated with lifelong deviations in the normative trajectories of brain structure. These deviations can be captured using the brain-predicted age difference (brainPAD), which is the difference between the biological age of an individuals brain, as inferred from neuroimaging data, and their chronological age. Various machine learning algorithms are currently used for this purpose but their comparative performance has yet to be systematically evaluated.

MethodsSix linear regression algorithms, ordinary least squares (OLS) regression, ridge regression, least absolute shrinkage and selection operator (Lasso) regression, elastic-net regression, linear support vector regression (SVR), and relevance vector regression (RVR), were applied to brain structural data acquired on the same 3T scanner using identical sequences from patients with schizophrenia (n=90) and healthy individuals (n=200). The performance of each algorithm was quantified by the mean absolute error (MAE) and the correlation (R) between predicted brain-age and chronological age. The inter-algorithm similarity in predicted brain-age, brain regional regression weights and brainPAD were compared using correlation analyses and hierarchical clustering.

ResultsIn patients with schizophrenia, ridge regression, Lasso regression, elastic-net regression, and RVR performed very similarly and showed a high degree of correlation in predicted brain-age (R>0.94) and brain regional regression weights (R>0.66). By contrast, OLS regression, which was the only algorithm without a penalty term, performed markedly worse and showed a lower similarity with the other algorithms. The mean brainPAD was higher in patients than in healthy individuals but varied by algorithm from 3.8 to 5.2 years although all analyses were performed on the same dataset.

ConclusionsLinear machine learning algorithms, with the exception of OLS regression, have comparable performance for age prediction on the basis of a combination of cortical and subcortical structural measures. However, algorithm choice introduced variation in brainPAD estimation, and therefore represents an important source of inter-study variability."
medrxiv,10.1101/2023.02.08.23285643,10.2807/1560-7917.es.2023.28.7.2300087,Eurosurveillance,"Effectiveness of bivalent mRNA booster vaccination against SARS-CoV-2 Omicron infection in the Netherlands, September to December 2022","Huiberts, A. J.; de Gier, B.; Hoeve, C. E.; de Melker, H. E.; Hahne, S. J. M.; den Hartog, G.; van de Wijgert, J. H. H. M.; van den Hof, S.; Knol, M. J.",infectious diseases,2023-02-10,2023-02-17,"We used data of 32,542 prospective cohort study participants who previously received primary and one or two monovalent booster COVID-19 vaccinations. Between 26 September and 19 December 2022, relative effectiveness of bivalent Original/Omicron BA.1 vaccination against self-reported Omicron SARS-CoV-2 infection was 31% in 18-59-year-olds and 14% in 60-85-year-olds. Protection was higher after prior Omicron infection than after bivalent vaccination without prior infection. Although bivalent booster vaccination increases protection against COVID-19 hospitalizations, we found limited added benefit in preventing SARS-CoV-2 infection."
biorxiv,10.1101/2022.09.13.506124,10.15252/embr.202357550,EMBO reports,MATR3-antisense LINE1 RNA meshwork scaffolds higher-order chromatin organization,"Zhang, Y.; Cao, X.; Gao, Z.; Ma, X.; Wang, Q.; Cai, X.; Zhang, Y.; Zhang, Z.; Wei, G.; Wen, B.",cell biology,2022-09-13,2023-06-29,"Long interspersed nuclear elements (LINEs) play essential role in shaping chromatin state, while the factors that cooperate with LINEs and their roles in higher-order chromatin organization remain poorly understood. Here we show that MATR3, a nuclear matrix protein, interplays with antisense LINE1 (AS L1) RNAs to form into a gel-like meshwork via phase-separation, providing a partially dynamic platform for chromatin spatial organization. Either depletion of MATR3 or AS L1 RNAs changes nuclear distribution of each other and leads to chromatin reorganization in the nucleus. After MATR3 depletion, topologically associating domains (TADs) that highly transcribed MATR3-associated AS L1 RNAs showed a decrease on local chromatin interactions. Furthermore, amyotrophic lateral sclerosis (ALS)-associated MATR3 mutants alter biophysical features of the MATR3-AS L1 RNA meshwork and cause chromatin reorganization. Collectively, we revealed an essential role of meshwork formed by nuclear matrix and retrotransposon-derived RNAs in gathering chromatin in the nucleus."
biorxiv,10.1101/2022.07.25.501356,10.1371/journal.pgen.1010353,PLOS Genetics,Mating system and speciation I: accumulation of genetic incompatibilities in allopatry,"Marie-Orleach, L.; Brochmann, C.; Glemin, S.",evolutionary biology,2022-07-25,2022-12-15,"Self-fertilisation is widespread among hermaphroditic species across the tree of life. Selfing has many consequences on the genetic diversity and the evolutionary dynamics of populations, which may in turn affect macroevolutionary processes such as speciation. On the one hand, because selfing increases genetic drift and reduces migration rate among populations, selfing may be expected to promote speciation. On the other hand, because selfing reduces the efficacy of selection, selfing may be expected to hamper ecological speciation. To better understand under which conditions and in which direction selfing affects the build-up of reproductive isolation, an explicit population genetics model is required. Here, we focus on the interplay between genetic drift, selection and genetic linkage by studying speciation without gene flow. We test how fast populations with different rates of selfing accumulate mutations leading to genetic incompatibilities. When speciation requires the population to pass through a fitness valley caused by underdominant and compensatory mutations, selfing reduces the depth and/or breadth of the valley, and thus overall facilitates the fixation of incompatibilities. When speciation does not require the population to pass through a fitness valley, as for Bateson-Dobzhanzky-Muller incompatibilities (BDMi), the lower effective population size and higher genetic linkage in selfing populations facilitates the fixation of incompatibilities. Interestingly, and contrary to intuitive expectations, local selection does not always accelerate the build-up of reproductive isolation in outcrossing relative to selfing populations. Our work helps to clarify how selfing lineages may speciate and diversify over time, and emphasizes the need to account for interactions among segregating mutations within populations to better understand macroevolutionary dynamics.

Author summaryHermaphroditic organisms may use their male gametes to fertilise their own female gametes, and species vary greatly in how much they self-fertilise. Self-fertilisation induces many genetic modifications in the population, which may ultimately affect the rates at which lineages diversify. Here we aim to build predictions on how self-fertilisation affects the rate at which reproductive isolation arises between geographically isolated populations. Specifically, we develop theoretical models in which populations varying in their rates of self-fertilisation may fixate mutations leading to reproductive isolation. We first explored scenarios in which reproductive isolation is made by mutations whose fixations necessitate the population to experience temporally deleterious effects (i.e., a fitness valley), and found that self-fertilisation reduces the breadth and depth of the fitness valley and thereby overall facilitates the accumulation of such mutations. Second, we explored scenarios in which genetic incompatibilities are caused by interactions between derived alleles of different genes (i.e., BDMi). By allowing the BDMi to occur within populations, we found that self-fertilisation reduces the manifestation of BDMi within population, and thereby facilitates their fixation. This effect prevails even in the face of local adaptation. Thus, our study clarifies how fast species are expected to arise in self-fertilisation lineages."
biorxiv,10.1101/2020.09.26.314534,10.1016/j.celrep.2021.110116,Cell Reports,Complex spike firing adapts to saliency of inputsand engages readiness to act,"Bina, L.; Romano, V.; Hoogland, T. M.; Bosman, L. W.; De Zeeuw, C. I.",neuroscience,2020-09-27,2021-12-14,"The cerebellum is involved in cognition next to motor coordination. During complex tasks, climbing fiber input to the cerebellum can deliver seemingly opposite signals, covering both motor and non-motor functions. To elucidate this ambiguity, we hypothesized that climbing fiber activity represents the saliency of inputs leading to action-readiness. We addressed this hypothesis by recording Purkinje cell activity in lateral cerebellum of awake mice learning go/no-go decisions based on entrained saliency of different sensory stimuli. As training progressed, the timing of climbing fiber signals switched in a coordinated fashion with that of Purkinje cell simple spikes towards the moment of occurrence of the salient stimulus that required action. Trial-by-trial analysis indicated that emerging climbing fiber activity is not linked to individual motor responses or rewards per se, but rather reflects the saliency of a particular sensory stimulus that engages a general readiness to act, bridging the non-motor with the motor functions.

In brief

O_FIG O_LINKSMALLFIG WIDTH=200 HEIGHT=199 SRC=""FIGDIR/small/314534v1_ufig1.gif"" ALT=""Figure 1"">
View larger version (29K):
org.highwire.dtl.DTLVardef@c319edorg.highwire.dtl.DTLVardef@db527eorg.highwire.dtl.DTLVardef@104e94eorg.highwire.dtl.DTLVardef@17115f2_HPS_FORMAT_FIGEXP  M_FIG C_FIG Mice were trained to identify the saliency of different sensory inputs in that they had to learn to ignore a prominent sound cue and respond to a light tactile cue in a Go/No-Go licking task. As the mice learned to discriminate the two inputs and respond to the proper signal, the Purkinje cells in the lateral cerebellum switched their climbing fiber activity (i.e., complex spike activity) towards the moment of occurrence of the salient stimulus that required a response, while concomitantly shifting the phase of their simple spike modulation. Trial-by-trial analysis indicates that the emerging climbing fiber activity is not linked to the occurrence of the motor response or reward per se, but rather reflects the saliency of a particular sensory stimulus engaging a general readiness to act."
biorxiv,10.1101/2021.12.29.474444,10.1111/tpj.16186,The Plant Journal,Geminiviral βC1 orchestrates organellar genomic instability to augment viral infection by hijacking host RecA,"Shivaprasad, P. V.; Nair, A.; Harshith, C. Y.; N, A.",plant biology,2021-12-29,2023-04-05,"Chloroplast is the site for transforming light energy to chemical energy. It also acts as a production unit for a variety of defense-related molecules. These defense moieties are necessary to mount a successful counter defence against pathogens including viruses. Geminiviruses disrupt chloroplast homeostasis as a basic strategy for their successful infection inducing vein-clearing, mosaics and chlorosis in infected plants. Here we show that a geminiviral pathogenicity determinant protein {beta}C1 directly interferes with plastid homeostasis. {beta}C1 was capable of inducing organelle-specific nuclease to degrade plastid genome as well as diverted functions of RecA1 protein, a major player in plastid genome maintenance. {beta}C1 interacted with RecA1 in plants and its homolog in bacteria to reduce the ability of host cells to maintain genomic integrity under stresses. Further, reduction in the coding capacity of plastids severely affected retrograde signalling necessary for viral perception and activation of defense. Induction of chloroplast-specific nuclease by {beta}C1 is similar to phosphate starvation-response in which nucleotides are recycled to augment synthesis of new, potentially viral, DNA. These results indicate the presence of a novel strategy in which a viral protein alters host defence by targeting regulators of chloroplast DNA. We predict that the mechanism identified here might have similarities in other plant-pathogen interactions.

One line summary{beta}C1 alters plastid genome metabolism."
biorxiv,10.1101/2025.08.15.670581,10.1128/spectrum.03020-25,Microbiology Spectrum,Immortal genome assumption significantly underestimates replication and death rates of Mycobacterium tuberculosis in mice and monkeys,"Friesen, A.; Ganusov, V. V.",microbiology,2025-08-15,2026-06-15,"Immune correlates of protection against infection with Mycobacterium tuberculosis (Mtb) or against tuberculosis (TB) remain poorly defined. The ratio of colony forming units (CFUs) to chromosomal equivalents (CEQs), Z = CFUs/CEQs, recovered either from the whole lung (mice) or individual lesions (monkeys or rabbits) of Mtb-infected animals has been used as a metric for how effectively Mtb is killed in vivo. However, the contribution of bacterial killing to changes in the CFU/CEQ ratio during an infection has not been rigorously investigated. We developed alternative mathematical models to study the dynamics of CFUs, CEQs, and their ratio during an Mtb infection. We find that the ratio Z alone cannot be used to infer the death rate of bacteria, unless the dynamics of CEQs and CFUs are entirely uncoupled, which is biologically unreasonable and inconsistent with the view that CEQs reflect an accumulated burden of both viable and non-viable bacteria. Importantly, we estimate a decay rate of 3.6%/day (a half life of about 20 days) of Mtb H37Rv CEQs in B6 mice that is similar to 4%/day, previously found for Mtb Erdman in cynomolgus macaques. While the estimated Mtb DNA decay rate seems small, we found that estimated rates of Mtb replication and death/killing are still extremely sensitive even to slow decay of Mtb DNA, in part, because Mtb replication and death rates are also small especially during chronic phases of infection. By applying our models to data on Mtb dynamics during the first 3 weeks of infection in macaques, we provide evidence of substantial killing of Mtb bacteria, prior to arrival of adaptive immunity to the site of infection, challenging the previously established notion of non-dying bacteria in the absence of T cell immunity and granuloma formation. We also propose experiments that will allow more accurately to measure the rate of Mtb DNA loss, helping more rigorously quantify impact of immunity on within-host Mtb dynamics."
biorxiv,10.1101/2021.04.30.442191,10.1371/journal.pcbi.1009918,PLOS Computational Biology,In heart failure reactivation of RNA-binding proteins drives the transcriptome into a fetal state,"D'Antonio, M.; Nguyen, J. P.; Arthur, T. D.; Matsui, H.; Donovan, M. K. R.; DAntonio-Chronowska, A.; Frazer, K. A.",genomics,2021-05-01,2022-02-28,"Transcriptome-wide expression changes occur during heart failure, including reactivation of fetal-specific isoforms. However, the underlying molecular mechanisms and the extent to which a fetal gene program switch occurs remains unclear. Limitations hindering transcriptome-wide analyses of alternative splicing differences (i.e. isoform switching) in cardiovascular system (CVS) tissues between fetal and adult (healthy and diseased) stages have included both cellular heterogeneity across bulk RNA-seq samples and limited availability of fetal tissue for research. To overcome these limitations, we have deconvoluted the cellular compositions of 996 RNA-seq samples representing heart failure, healthy adult (heart and arteria), and fetal-like (iPSC-derived cardiovascular progenitor cells) CVS tissues. Comparison of the expression profiles revealed that RNA-binding proteins (RBPs) are highly overexpressed in fetal-like compared with healthy adult and are reactivated in heart failure, which results in expression of thousands fetal-specific isoforms. Of note, isoforms for 20 different RBPs were among those that reverted in heart failure to the fetal-like expression pattern. We determined that, compared with adult-specific isoforms, fetal-specific isoforms are more likely to bind RBPs, have canonical sequences at their splice sites and encode proteins with more functions. Our findings suggest targeting RBP fetal-specific isoforms could result in novel therapeutics for heart failure."
biorxiv,10.1101/2025.09.30.674088,10.1038/s41598-026-54788-3,Scientific Reports,Reference-guided Genome Assembly of Long Non-coding RNA Transcripts reveals Target Genes Associated With Crohn's Disease,"Kennedy Ng, M. M.; Silverstein, S.; Nishiyama, N. C.; Beasley, C.; Lian, G.; Huan, B.; Lau, G.; Weaver, D.; Awad, A.; Schaner, M. R.; Sheikh, S. Z.; Furey, T. S.",genomics,2025-10-01,2026-05-25,"Crohns disease (CD) is highly heterogeneous in presentation and progression with no cure. Molecular phenotyping has been used to elucidate cellular and tissue-based alterations to characterize drivers and effects of disease. One currently understudied class of functional molecules is long non-coding RNAs (lncRNAs). Studying the full lncRNA landscape in IBD is challenging due in part to an incomplete lncRNA annotation and a lack of their functional characterization in tissues of interest. We used a genome-guided alignment strategy to assemble predicted lncRNA transcripts using short RNA-sequencing data from colon tissue of adult patient samples. When combining our predicted lncRNAs with previous lncRNA annotations, we determined 98 that were differentially expressed, recapitulating many from previous IBD studies while also uncovering new ones. We built gene co-expression networks to cluster lncRNAs with functionally characterized protein-coding genes. Clusters containing differential lncRNAs were correlated to disease status and associated with pathways related to the humoral immune response, metabolism, and tissue regeneration. We uncovered multiple differential lncRNAs whose expression significantly correlated with nearby differential protein-coding genes that have also been differentially expressed in other IBD datasets, such as PITX2. We focused on a predicted lncRNA that is antisense to the PITX2-adjacent lncRNA PANCR, which we called PANCR-AS1, and provide multiple lines of evidence that support PANCR-AS1 functioning as an enhancer of PITX2 expression. Overall, we determined lncRNAs that are potential contributors to CD pathogenesis. We developed a robust pipeline for identifying lncRNAs in diseased and non-diseased tissue that are absent from reference annotations. We also outlined a framework to pinpoint significant disease-associated lncRNAs with potential functional activity related to their nearby protein-coding genes."
biorxiv,10.1101/055681,10.46469/mq.2017.57.3.10,Mankind Quarterly,Biogeographic Ancestry and Socioeconomic Outcomes in the Americas: a Meta-analysis,Emil O. W. Kirkegaard;Mingrui Wang;John Fuerst;,Scientific Communication and Education,2016-05-27,2020-07-20,"Narrative reports suggest that socioeconomic status (SES) is associated with biogeographic ancestry (BGA) in the Americas. If so, SES potentially acts as a confound that needs to be taken into account when evaluating the relation between medical outcomes and BGA. To explore how systematic BGA-SES associations are, a meta-analysis of American studies was conducted. 41 studies were identified, yielding a total of 64 independent samples with directions of associations, including 48 independent samples with effect sizes. An analysis of association directions found a high degree of consistency. The square root n-weighted directions were 0.83 (K = 36), -0.81 (K = 41) and -0.82 (K = 39) for European, Amerindian and African BGA, respectively. An analysis of effect size magnitudes found that European BGA was positively associated with SES, with a meta-analytic effect size of r = .18 [95% CI: .13 to .24, K = 28, n = 35,476.50], while both Amerindian and African BGA were negatively associated with SES, having meta-analytic effect sizes of -.14 [-.18 to -.10, k =31, n = 28,937.50] and -.11 [-.15 to -.07, K = 28, n = 32,710.50], respectively. There was considerable cross-sample variation in effect sizes (mean I2 = 92%), but the sample size was not enough for performing credible moderator analysis. Implications for future studies are discussed."
biorxiv,10.1101/2025.04.23.650182,10.1111/epi.70024,Epilepsia,Neuronal Hyperexcitability: A Key to Unravelling Hippocampal Synaptic Dysfunctions in Lafora Disease,"Costa, C.; Bellingacci, L.; Canonichesi, J.; Imperatore, V.; Taddei, A. A.; Zafra-Puerta, L.; Iglesias-Cabeza, N.; Prontera, P.; Mancini, A.; Di Filippo, M.; Tozzi, A.; Barzasi, M.; Gardoni, F.; Sanchez, M. P.; Serratosa, J. M.; Parnetti, L.; Sciaccaluga, M.",neuroscience,2025-04-24,2025-12-18,"Lafora disease (LD) is a rare progressive disorder caused by mutations in the EPM2A or EPM2B genes, characterized by the accumulation of Lafora bodies, drug-resistant epilepsy, and cognitive decline. To investigate the early molecular mechanisms of LD, we studied electrophysiological changes in the dentate gyrus (DG) of the Epm2aR240X knock-in mouse model at various ages. Electrophysiological recordings measured neuronal membrane properties, epileptic-like activity, epileptic thresholds, and synaptic plasticity in Epm2aR240X mice at 1, 3, and 12 months. We also employed PAS diastase staining, immunofluorescence, and Western blotting to detect Lafora bodies, amyloid beta deposition, and glutamate receptor subunit expression.

Epileptic-like activity began at 1 month and intensified with age. Aberrant long-term potentiation (LTP) appeared at 3 months and worsened by 12 months. Notably, cannabidiol (CBD) treatment reduced excitability and restored LTP in older mice, suggesting its potential therapeutic value. These findings indicate that network hyperexcitability is an early event in LD, highlighting a therapeutic window for interventions like CBD."
biorxiv,10.1101/2025.10.10.681480,10.1016/j.celrep.2026.117748,Cell Reports,Notch2 signaling instructs viral and bacterial TLR responsiveness in B cells,"Londregan, J.; Rozich, I.; Gaudette, B. T.; Tursi, N. J.; Weiner, D. B.; Maillard, I.; Allman, D.",immunology,2025-10-12,2026-07-30,"Marginal zone (MZ) B cells are hyperresponsive to bacterial Toll-like Receptor (TLR) ligands. However, the full extent of TLR responsiveness for MZ B cells and the mechanisms regulating such responses are unclear. We report that Notch2 activation establishes MZ B cell responsiveness for the viral dsRNA receptor TLR3 and augments responses for the LPS receptor TLR4. Notch2 ligation accelerated Myc induction, mitosis, and plasma cell differentiation to LPS. Further, TLR3 expression in MZ B cells was Notch2 dependent, and ectopic Notch2 signaling was sufficient to promote robust TLR3 responsiveness dependent on the TIR-domain-containing adapter TRIF and the kinase BTK. TLR3 engagement in MZ B cells promoted proliferation, differentiation, and the secretion of IgG2b and IgG2c antibodies. Our results establish a novel role for Notch2 in establishing TLR3 and TLR4 responsiveness in B cells and suggest that MZ B cells play unappreciated roles in immunity against RNA viruses."
biorxiv,10.1101/2024.04.22.590530,10.1523/jneurosci.0794-24.2024,The Journal of Neuroscience,How distributed subcortical integration of reward and threat may inform approach-avoidance decisions,"Hulsman, A. M.; Klaassen, F. H.; De Voogd, L. D.; Roelofs, K.; Klumpers, F.",neuroscience,2024-04-23,2024-10-08,"Healthy and successful living involves carefully navigating rewarding and threatening situations by balancing approach and avoidance behaviours. Excessive avoidance to evade potential threats often leads to forfeiting potential rewards. However, little is known about how reward and threat information is integrated neurally to inform approach or avoidance decisions. In this preregistered study, participants (Nbehaviour=31, 17F; NMRI=28, 15F) made approach-avoidance decisions under varying reward (monetary gains) and threat (electrical stimulations) prospects during functional MRI scanning. In contrast to theorized parallel subcortical processing of reward and threat information before cortical integration, Bayesian Multivariate Multilevel analyses revealed subcortical reward and threat integration prior to indicating approach-avoidance decisions. This integration occurred in the ventral striatum, thalamus, and bed nucleus of the stria terminalis (BNST). When reward was low, risk-diminishing avoidance decisions dominated, which was linked to more positive tracking of threat magnitude prior to indicating avoidance than approach decisions across these regions. In contrast, the amygdala exhibited dual sensitivity to reward and threat. While anticipating outcomes of risky approach decisions, we observed positive tracking of threat magnitude within the salience network (dorsal anterior cingulate cortex, thalamus, periaqueductal gray, BNST). Conversely, after risk-diminishing avoidance, characterized by reduced reward prospects, we observed more negative tracking of reward magnitude in the ventromedial prefrontal cortex and ventral striatum. These findings shed light on the temporal dynamics of approach-avoidance decision-making. Importantly, they demonstrate the role of subcortical integration of reward and threat information in balancing approach and avoidance, challenging theories positing predominantly separate subcortical processing prior to cortical integration."
biorxiv,10.1101/2020.07.27.222729,10.1523/jneurosci.2690-20.2021,The Journal of Neuroscience,Dorsal raphe dopamine neurons signal motivational salience dependent on internal and external states,"Cho, J. R.; Chen, X.; Kahan, A.; Robinson, E.; Wagenaar, D. A.; Gradinaru, V.",neuroscience,2020-07-27,2021-02-09,"The ability to recognize motivationally salient events and respond to them adaptively is critical for survival. Here we tested whether dopamine (DA) neurons in the dorsal raphe nucleus (DRN) contribute to this process. Population recordings of DRNDA neurons during associative learning tasks showed that their activity dynamically tracks salience, developing excitation to both reward- and punishment-paired cues. The DRNDA response to reward-predicting cues was diminished after satiety, suggesting modulation by internal states. DRNDA activity was also greater for unexpected outcomes than for expected outcomes. Two-photon imaging of DRNDA neurons demonstrated that the majority of individual neurons developed activation to reward-predicting cues but not to punishment-predicting cues, which was surprising and qualitatively distinct from the population results. Head-fixation during fear learning abolished the neural response to aversive cues, indicating modulation by behavioral context. Overall, these results suggest that DRNDA neurons encode motivational salience, dependent on internal and external factors."
biorxiv,10.1101/2020.07.25.221176,10.1073/pnas.2016810118,Proceedings of the National Academy of Sciences,"Estimating maximal microbial growth rates from cultures, metagenomes, and single cells via codon usage patterns","Weissman, J. L.; Hou, S.; Fuhrman, J. A.",microbiology,2020-07-25,2021-03-15,"Maximal growth rate is a basic parameter of microbial lifestyle that varies over several orders of magnitude, with doubling times ranging from a matter of minutes to multiple days. Growth rates are typically measured using laboratory culture experiments. Yet, we lack sufficient understanding of the physiology of most microbes to design appropriate culture conditions for them, severely limiting our ability to assess the global diversity of microbial growth rates. Genomic estimators of maximal growth rate provide a practical solution to survey the distribution of microbial growth potential, regardless of cultivation status. We developed an improved maximal growth rate estimator, and implement this estimator in an easy-to-use R package (gRodon), which outperforms the state-of-the-art growth estimator in multiple settings, including in a community context where we implement a novel species abundance correction for metagenomes. Additionally, we estimate maximal growth rates from over 200,000 genomes, metagenome-assembled genomes, and single-cell amplified genomes to survey growth potential across the range of prokaryotic diversity. We provide these compiled maximal growth rates in a publicly-available database (EGGO), which we use to illustrate how culture collections show a strong bias towards organisms capable of rapid growth. We demonstrate how this database can be used to propagate maximal growth rate predictions to organisms for which we lack genomic information, on the basis of 16S rRNA sequence alone. Finally, we observe a bias in growth predictions for extremely slow-growing organisms, ultimately leading us to suggest a novel evolutionary definition of oligotrophy based on the selective regime an organism occupies.

SignificanceDespite the wide perception that microbes have rapid growth rates, many environments like seawater and soil are often dominated by microorganisms that can only grow very slowly. Our knowledge about growth is necessarily biased towards easily culturable organisms, which turn out to be those that tend to grow fast, because microbial growth rates have traditionally been measured using lab growth experiments. But how are potential growth rates distributed in nature? We developed a tool to predict maximum growth rate from an organisms genome sequence (gRodon). We predicted the growth rates of over 200,000 organisms and compiled these predictions in a publicly-available database (EGGO), which illustrates how current collections of cultured microbes are strongly biased towards fast-growing organisms."
biorxiv,10.1101/2024.03.18.585147,10.1073/pnas.2404542121,Proceedings of the National Academy of Sciences,Structural basis for surface activation of the classical complement cascade by the short pentraxin C-reactive protein,"Noone, D.; Isendoorn, M.; Hamers, S.; Keizer, M.; Wulffele, J. T.; van der Velden, T.; Dijkstra, D.; Trouw, L.; Filippov, D.; Sharp, T.",immunology,2024-03-19,2024-09-06,"Human C-reactive protein (CRP) is a pentameric complex involved in defence against pathogens and regulation of autoimmunity. CRP is also a therapeutic target, with both administration and depletion of serum CRP being pursued as a possible treatment for autoimmune and cardiovascular diseases, among others. CRP binds to phosphocholine (PC) moieties on membranes in order to activate the complement system via the C1 complex, but it is unknown how CRP, or any pentraxin, binds to C1. Here, we present a cryo-electron tomography (cryoET)-derived structure of CRP bound to PC ligands and the C1 complex. To gain control of CRP binding, a synthetic mimotope of PC was synthesised and used to decorate cell-mimetic liposome surfaces. Structure-guided mutagenesis of CRP yielded a fully-active complex able to bind PC-coated liposomes that was ideal for cryoET and subtomogram averaging. In contrast to antibodies, which form Fc-mediated hexameric platforms to bind and activate the C1 complex, CRP formed rectangular platforms assembled from four laterally-associated CRP pentamers that bind only four of the six available globular C1 head groups. Potential residues mediating lateral association of CRP were identified from interactions between unit cells in existing crystal structures, which rationalised previously unexplained mutagenesis data regarding CRP-mediated complement activation. The structure also enabled interpretation of existing biochemical data regarding interactions mediating C1 binding, and identified additional residues for further mutagenesis studies. These structural data therefore provide a possible mechanism for regulation of complement by CRP, which limits complement progression and has consequences for how the innate immune system influences autoimmunity.

Significance statementHuman C-reactive protein (CRP) activates the complement system to protect us from infections, but can also contribute towards progression of cardiovascular and autoimmune diseases when erroneously activated. To understand these processes, the authors used cryo-electron tomography to solve the in situ structure of surface-bound CRP interacting with the complement C1 complex. The structure revealed new interfaces that explain previous, sometimes contradictory, biochemical data. Comparisons with existing structures of antibody-mediated C1 activation revealed distinct structural differences that may explain how CRP modulates complement activity. Together, these structural data identify residues for mutagenesis to gain control over CRP functions, and provide new routes for future therapeutic developments."
biorxiv,10.1101/2025.08.01.667781,10.1016/j.xinn.2026.101543,The Innovation,Approaching an Error-Free Diploid Human Genome,"Chu, Y.; Huang, Z.; Shao, C.; Guo, S.; Yu, X.; Wang, J.; Tian, Y.; Chen, J.; Li, R.; He, Y.; Yu, J.; Huang, J.; Gao, Z.; Kang, Y.",genomics,2025-08-01,2026-08-27,"Complete human genomes now resolve regions long inaccessible to genetic analysis, yet repetitive and structurally complex sequences remain prone to assembly errors because of limitations in current assembly algorithms. We introduce a support-based framework founded on the principle that each sequencing read provides independent evidence for the underlying genome sequence. Implemented through Sufficient Alignment Support (SAS), the framework identifies regions lacking concordant read support, localizes residual errors, and guides correction. Applying SAS to T2T-YAO, a haplotype-resolved Han Chinese genome, produced a support-validated assembly in which nearly all sequences outside unresolved rDNA arrays and long homopolymer tracts are supported by independent sequencing evidence. This work establishes a scalable framework for genome validation and provides a support-validated East Asian diploid reference for investigating human genomic diversity."
biorxiv,10.1101/2022.12.09.519847,10.1186/s40168-024-01812-1,Microbiome,Global soil metagenomics reveals ubiquitous yet previously-hidden predominance of Deltaproteobacteria in nitrogen-fixing microbiome,"Masuda, Y.; Mise, K.; Xu, Z.; Zhang, Z.; Shiratori, Y.; Senoo, K.; Itoh, H.",microbiology,2022-12-10,2024-05-24,"Biological nitrogen fixation is a fundamental process sustaining all life on earth. In the soil, Alphaproteobacteria, Betaproteobacteria, and Cyanobacteria are traditionally considered the major groups of nitrogen fixation population. This conventional knowledge has been accumulated by numerous PCR amplicon surveys for nitrogenase genes. However, this prevalent view appears to be inconsistent with results of recent PCR-free meta-omics investigations. Here, we show the global distribution and diversity of terrestrial diazotrophic microbiome, updated by fully leveraging the planetary collections of soil metagenomes along with recently expanded culture collections. After extensive analysis of 1,445 soil metagenomic samples, we proved that the previously-undervalued Anaeromyxobacteraceae and Geobacteraceae within Deltaproteobacteria are ubiquitous and predominant groups of diazotrophic microbiome in the soils, spanning a broad spectrum of environments, with different geographic origins and land usage types, including aerobic (croplands, grasslands) and anaerobic ones (paddy soils, sediments). Our results delineate a revised scheme of soil nitrogen fixation, which is inclusive of both conventional diazotrophs and the so far undervalued Deltaproteobacteria."
biorxiv,10.1101/2020.11.08.361014,10.1038/s41559-022-01934-5,Nature Ecology & Evolution,Global critical natural assets,"Chaplin-Kramer, R.; Neugarten, R.; Sharp, R. P.; Collins, P. M.; Polasky, S.; Hole, D.; Schuster, R.; Strimas-Mackey, M.; Mulligan, M.; Brandon, C.; Diaz, S.; Fluet-Chouinard, E.; Gorenflo, L.; Johnson, J. A.; Keys, P. W.; Longley-Wood, K.; McIntyre, P. B.; Noon, M.; Pascual, U.; Reidy Liermann, C.; Roehrdanz, P.; Schmidt-Traub, G.; Shaw, M. R.; Spalding, M.; Turner, W. R.; van Soesbergen, A.; Watson, R.",ecology,2020-11-09,2022-11-28,"Sustaining the organisms, ecosystems, and processes that underpin human well-being is necessary to achieve sustainable development. Here we identify critical natural assets, natural and semi-natural ecosystems that provide 90% of the total current magnitude of 14 types of natures contributions to people (NCP). Critical natural assets for maintaining local-scale NCP (12 of the 14 NCP mapped) comprise 30% of total global land area and 24% of national territorial waters, while 44% of land area is required for maintaining all NCP (including those that accrue at the global scale, carbon storage and moisture recycling). At least 87% of the worlds population lives in the areas benefiting from critical natural assets for local-scale NCP, while only 16% lives on the lands containing these assets. Critical natural assets also overlap substantially with areas important for biodiversity (covering area requirements for 73% of birds and 66% of mammals) and cultural diversity (representing 96% of global Indigenous and non-migrant languages). Many of the NCP mapped here are left out of international agreements focused on conserving species or mitigating climate change, yet this analysis shows that explicitly prioritizing critical natural assets for NCP could simultaneously advance development, climate, and conservation goals. Crafting policy and investment strategies that protect critical natural assets is essential for sustaining human well-being and securing Earths life support systems."
biorxiv,10.1101/2020.08.17.254037,10.1038/s41467-021-27705-7,Nature Communications,Endosomal trafficking defects alter neural progenitor proliferation and cause microcephaly,"Carpentieri, J. A.; Di Cicco, A.; Andreau, D.; Del Maestro, L.; El Marjou, F.; Coquand, l.; Brault, J.-B.; Bahi-Buisson, N.; Baffet, A.",neuroscience,2020-08-17,2022-01-10,"Primary microcephaly and megalencephaly are severe brain malformations defined by reduced and increased brain size, respectively. Whether these two pathologies arise from related alterations at the molecular level is unclear. Microcephaly has been largely associated with centrosomal defects, leading to cell death. Here, we investigated the consequences of WDR81 loss of function, which cause severe microcephaly in patients. We show that WDR81 regulates endosomal trafficking of EGFR, and that loss of function leads to reduced MAP kinase pathway activation. Mouse radial glial progenitor cells knocked-out for WDR81 display reduced proliferation rates, leading to reduced brain size. These proliferation defects are rescued in vivo by the expression of megalencephaly-causing mutated Cyclin D2. Our results identify the endosomal machinery as an important regulator of RG cell proliferation rates and brain growth. They demonstrate that microcephaly and megalencephaly can be due to opposite effects on the proliferation rate of radial glial progenitors."
biorxiv,10.1101/2021.12.13.472454,10.1093/bioinformatics/btac186,Bioinformatics,TopHap: Rapid inference of key phylogenetic structures from common haplotypes in large genome collections with limited diversity,"Caraballo-Ortiz, M. A.; Miura, S.; Sanderford, M.; Dolker, T.; Tao, Q.; Weaver, S.; Kosakovsky Pond, S. L.; Kumar, S.",bioinformatics,2021-12-14,2022-03-23,"MotivationBuilding reliable phylogenies from very large collections of sequences with a limited number of phylogenetically informative sites is challenging because sequencing errors and recurrent/backward mutations interfere with the phylogenetic signal, confounding true evolutionary relationships. Massive global efforts of sequencing genomes and reconstructing the phylogeny of SARS-CoV-2 strains exemplify these difficulties since there are only hundreds of phylogenetically informative sites and millions of genomes. For such datasets, we set out to develop a method for building the phylogenetic tree of genomic haplotypes consisting of positions harboring common variants to improve the signal-to-noise ratio for more accurate phylogenetic inference of resolvable phylogenetic features.

ResultsWe present the TopHap approach that determines spatiotemporally common haplotypes of common variants and builds their phylogeny at a fraction of the computational time of traditional methods. To assess topological robustness, we develop a bootstrap resampling strategy that resamples genomes spatiotemporally. The application of TopHap to build a phylogeny of 68,057 genomes (68KG) produced an evolutionary tree of major SARS-CoV-2 haplotypes. This phylogeny is concordant with the mutation tree inferred using the co-occurrence pattern of mutations and recovers key phylogenetic relationships from more traditional analyses. We also evaluated alternative roots of the SARS-CoV-2 phylogeny and found that the earliest sampled genomes in 2019 likely evolved by four mutations of the most recent common ancestor of all SARS-CoV-2 genomes. An application of TopHap to more than 1 million genomes reconstructed the most comprehensive evolutionary relationships of major variants, which confirmed the 68KG phylogeny and provided evolutionary origins of major variants of concern.

AvailabilityTopHap is available on the web at https://github.com/SayakaMiura/TopHap.

Contacts.kumar@temple.edu"
medrxiv,10.64898/2026.03.19.26348739,10.1016/j.xops.2026.101298,Ophthalmology Science,Whole-genome sequence genome-wide association study in All of Us identifies a novel glaucoma risk locus in African ancestry individuals,"Aboobakar, I. F.; Cruz, L. A.; Kinzy, T. G.; Luo, Y.; Nallapaneni, S.; Do, R.; Vy, H. M.; Zhao, H.; Tran, J.; Hysi, P.; Khawaja, A. P.; Gharahkhani, P.; Pasquale, L. R.; Hauser, M. A.; International Glaucoma Genetics Consortium,  ; Segre, A. V.; Crawford, D. C.; Wiggs, J. L.; Cooke Bailey, J. N.",ophthalmology,2026-03-22,2026-06-23,"ObjectiveTo assess how whole genome sequencing and varying phenotype definitions influence genetic discovery for primary open-angle glaucoma (POAG) in a diverse population.

DesignAncestry-stratified genome-wide association studies (GWASs) and cross-ancestry meta-analyses of POAG cases and controls using two phenotype definitions.

ParticipantsCases (age>40) and controls (age>65) were identified in the National Institutes of Health All of Us Research Program v8 data release and sub-divided into genetically inferred ancestral groups. Using the relaxed phenotype (ICD codes only), case/control counts were: European (1,846/84,654), African (1,042/15,966), and Latino/Admixed American (305/10,167). Using the stringent phenotype (ICD codes and evidence of glaucoma treatment in the electronic health record), case/control counts were: European (1,528/79,276), African (862/14,076), and Latino/Admixed American (250/9,668). Cross-ancestry meta-analyses included 3,193 cases/110,787 controls for the relaxed phenotype and 2,640 cases/103,020 controls for the stringent phenotype.

MethodsGWASs were conducted within European, African, and Latino/Admixed American ancestry groups individually using firth logistic regression with age, sex, and the top 10 genotype principal components included as covariates. The ancestry-stratified GWASs were then meta-analyzed using a fixed-effects, inverse variance-weighted approach.

Main Outcome MeasuresIdentification of genome-wide significant loci (P < 5x10-8) for POAG using different phenotype definitions and ancestry groups.

ResultsKnown POAG risk loci (e.g., TMCO1, CDKN2B-AS1, and GMDS) reached genome-wide significance in both the European GWASs and cross-ancestry meta-analyses (odds ratio (OR) range: 1.19-1.38). A novel risk locus near CYP2A7 (rs76935404[T], OR = 1.35) was identified in the African ancestry GWAS using the stringent phenotype definition. Effect sizes for known POAG risk loci from prior large-scale meta-analyses strongly correlated with effect sizes in this study (Pearson r = 0.75-0.84, P < 1 x 10- for all). The strength and consistency of these correlations support the robustness of the findings.

ConclusionsThis study demonstrates the value of whole genome sequencing, diverse ancestry inclusion, and phenotypic refinement in uncovering novel POAG genetic risk loci. The findings underscore the need to prioritize both genetic diversity and refined case/control definitions to advance understanding of this complex ocular disease.

PrecisThis study identifies a novel primary open-angle glaucoma risk locus in individuals of African ancestry using whole genome sequencing and varying phenotype definitions in the diverse All of Us Research Program dataset."
medrxiv,10.1101/2024.08.12.24311750,10.1161/strokeaha.124.049116,Stroke,Continuous bedside neuroimaging using high-density diffuse optical tomography in a pediatric patient on extracorporeal support,"McMorrow, S. R.; Park, S. M.; George, T. G.; Sobolewski, C. M.; Yang, D.; King, K. T.; Kenley, J.; Smyser, C. D.; Culver, J. P.; Guilliams, K. P.; Said, A. S.; Eggebrecht, A. T.",neurology,2024-08-14,2024-11-27,"BackgroundExtracorporeal membrane oxygenation (ECMO) provides life support for severe, reversible cardiac or respiratory failure, yet is associated with significant neurological risks including stroke. Currently available neuroimaging methods have limited sensitivity or specificity to detect early brain injury, have little real-time ability to assess interventions, and/or pose additional risks. Here, we present a case study of high-density diffuse optical tomography (HD-DOT) for bedside neuroimaging in pediatric ECMO.

MethodsA young infant supported on ECMO following cardiac surgery underwent continuous HD-DOT imaging over a two-hour duration that included baseline support and a clamp trial to test the ability to separate from ECMO. After stringent data quality assessments, we estimated cortical parcel-based brain functional connectivity (FC), evaluated spatial correlations between neighboring temporal epochs throughout the recording to evaluate test-retest reliability of brain FC, and calculated paired t-tests between the brain-wide set of test-retest values to test for significant changes in brain FC.

ResultsHigh-fidelity bedside HD-DOT data were acquired without disruptions to patient care. During the baseline period, we observed strong test-retest with consistent bilateral FC patterns. Significant disruptions in cortical FC reflected concurrent changes in cerebral blood flow during the clamp trial and persisted after ECMO resumed.

ConclusionsOur results demonstrate the feasibility of continuous bedside HD-DOT neuroimaging in pediatric ECMO. HD-DOT can potentially provide clinically relevant information on cortical FC during ECMO support."
medrxiv,10.1101/2023.03.06.23286878,10.1093/gerona/glaf053,"The Journals of Gerontology, Series A: Biological Sciences and Medical Sciences","Severe cognitive impairment is linked to a reduced gut microbiome capacity to synthesise immunomodulators, neurotransmitters, and amino acids required for autophagy in residents of long-term aged care","Shoubridge, A. P.; Carpenter, L.; Flynn, E.; Papanicolas, L. E.; Collins, J.; Gordon, D.; Lynn, D.; Whitehead, C.; Leong, L.; Cations, M.; De Souza, D.; Narayana, V.; Choo, J.; Wesselingh, S. L.; Crotty, M.; Inacio, M. C.; Ivey, K.; Taylor, S. L.; Rogers, G. B.",geriatric medicine,2023-03-08,2025-04-01,"Ageing-associated cognitive decline affects more than half of those in long-term residential aged care. Emerging evidence suggests that gut microbiome-host interactions influence the effects of modifiable risk factors. We investigated the relationship between gut microbiome characteristics and severity of cognitive impairment (CI) in 159 residents of long-term aged care. Severe CI was associated with a significantly increased abundance of proinflammatory bacterial species, including Methanobrevibacter smithii and Alistipes finegoldii, and decreased relative abundance of beneficial bacterial clades. Severe CI was associated with increased microbial capacity for methanogenesis, and reduced capacity for synthesis of short-chain fatty acids, neurotransmitters glutamate and gamma-aminobutyric acid, and amino acids required for neuro-protective lysosomal activity. These relationships were independent of age, sex, antibiotic exposure, and diet. Our findings implicate multiple gut microbiome-brain pathways in ageing-associated cognitive decline, including inflammation, neurotransmission, and autophagy, and highlight the potential to predict and prevent cognitive decline through microbiome-targeted strategies."
biorxiv,10.1101/2021.01.11.425914,10.1016/j.jhazmat.2021.126463,Journal of Hazardous Materials,An insight into neurotoxic and toxicity of spike fragments SARS-CoV-2 by exposure environment: A threat to aquatic health?,"Charlie-Silva, I.; Araujo, A.; Guimaraes, A.; Veras, F.; Braz, H.; Pontes, L.; Jorge, R.; Belo, M.; Fernandes, B.; Nobrega, R. H.; Galdino, G.; Condino-Neto, A.; Galindo-Villegas, J.; Machodo-Santelli, G.; Sanches, P.; Rezende, R.; Cilli, E.; Malafaia, G.",molecular biology,2021-01-13,2021-06-25,"The Spike protein (S protein) is a critical component in the infection of the new coronavirus (SARS-CoV-2). The objective of this work was to evaluate whether peptides from S protein could cause negative impact in the aquatic animals. The aquatic toxicity of SARS-CoV-2 spike protein peptides derivatives has been evaluated in tadpoles (n = 50 tadpoles / 5 replicates of 10 animals) from species Physalaemus cuvieri (Leptodactylidae). After synthesis, purification, and characterization of peptides (PSDP2001, PSDP2002, PSDP2003) an aquatic contamination has been simulatedwith these peptides during 24 hours of exposure in two concentrations (100 and 500 ng/mL). The control group (""C"") was composed of tadpoles kept in polyethylene containers containing de-chlorinated water. Oxidative stress, antioxidant biomarkers and neurotoxicity activity were assessed. In both concentrations, PSPD2002 and PSPD2003 increased catalase and superoxide dismutase antioxidants enzymes activities, as well as oxidative stress (nitrite levels, hydrogen peroxide and reactive oxygen species). All three peptides also increased acetylcholinesterase activity in the highest concentration. These peptides showed molecular interactions in silico with acetylcholinesterase and antioxidant enzymes. Aquatic particle contamination of SARS-CoV-2 has neurotoxics effects in P. cuvieri tadpoles. These findings indicate that the COVID-19 can constitute environmental impact or biological damage potential.

HIGHLIGHTSO_LISARS-CoV-2 spike protein peptides (PSDP) were synthesized, purified, and characterized by solid phase peptide synthesis.
C_LIO_LIPSDP peptides promoted REDOX imbalance and acute neurotoxicity in tadpoles (Physalaemus cuvieri)
C_LIO_LIIn silico studies have shown interactionsbetween peptides and acetylcholinesterase and antioxidant enzymes
C_LIO_LIAquatic particle contamination of SARS-CoV-2 can constitute additional environmental damage
C_LI

GRAPHICAL ABSTRACT

O_FIG O_LINKSMALLFIG WIDTH=200 HEIGHT=106 SRC=""FIGDIR/small/425914v1_ufig1.gif"" ALT=""Figure 1"">
View larger version (49K):
org.highwire.dtl.DTLVardef@1b86f96org.highwire.dtl.DTLVardef@1a6225corg.highwire.dtl.DTLVardef@19d953org.highwire.dtl.DTLVardef@10af7ff_HPS_FORMAT_FIGEXP  M_FIG C_FIG"
biorxiv,10.1101/2020.07.16.207654,10.1126/sciadv.abd7924,Science Advances,Hoxa10 mediates positional memory to govern stem cell function in adult skeletal muscle,"Yoshioka, K.; Nagahisa, H.; Miura, F.; Araki, H.; Kamei, Y.; Kitajima, Y.; Seko, D.; Nogami, J.; Tsuchiya, Y.; Okazaki, N.; Yonekura, A.; Ohba, S.; Sumita, Y.; Chiba, K.; Ito, K.; Asahina, I.; Ogawa, Y.; Ito, T.; Ohkawa, Y.; Ono, Y.",developmental biology,2020-07-17,2021-06-09,"Skeletal muscle stem cells (satellite cells) are distributed throughout the body with heterogeneous properties that corresponds to region-specific pathophysiology. However, topographical genes that have functions remain unidentified in satellite cells of adult muscle. Here, we showed that expression of Homeobox (Hox)-A cluster genes, key regulators of the embryonic body plan, was robustly maintained in both muscles and satellite cells in adult mice and humans, which recapitulates their embryonic origin. We observed that regionally specific expressed Hox genes were linked to hypermethylation of the Hox-A locus. We examined Hoxa10 inactivation in satellite cells and found it led to genomic instability and mitotic catastrophe, which resulted in a decline in the regionally specific regenerative ability of muscles in adult mice. Thus, our results showed that Hox gene expression profiles instill the embryonic history in satellite cells as positional memory, potentially modulating the region-specificity in adult skeletal muscles."
medrxiv,10.1101/2025.08.07.25333180,10.1016/j.lungcan.2026.109334,Lung Cancer,Lung Cancer Incidence in Counties at Low and High Risk of Radon Exposure: A Population-Based SEER Analysis (1975-2022),"Maxfield, N.; Semprini, J.",public and global health,2025-08-11,2026-02-16,"BackgroundLung cancer is the leading cause of cancer-related mortality in the United States. While smoking cigarettes remains the dominant risk factor, declining smoking rates have drawn attention to Radon. Despite the known risks from individual exposure to radon, less is known about long-term trends in Radon-related lung cancer at the population-level.

MethodsUsing SEER-8 cancer registry data from four states, we compared lung cancer incidence between counties classified as low-risk and high-risk (>4.0 pCi/L) for radon exposure. Constructing a random effects Generalized Least Squares regression, which adjusted for county-level smoking prevalence, we quantified the excess lung cancer rate attributable to radon risk across decade, sex, and histologic subtype.

ResultsCompared to low-risk counties, counties at high risk of radon exposure had a significantly higher overall lung cancer incidence: 13.5+ cases per 100,000 person-years (95% CI: 10.0, 17.1). This gap between low and high-risk counties was largest for Adenocarcinoma and small cell carcinoma, and larger in males than females. Only in females did we observe the gap in lung cancer incidence between low- and high-risk counties grow overtime.

ConclusionsThis study illustrates how county-level radon data can be leveraged to enhance cancer surveillance and guide prevention and control strategies.

Key MessagesO_LIRadon is the second leading cause of lung cancer, and the primary cause among non-smokers.
C_LIO_LIHigh-risk Radon counties had higher incidence of lung cancer over a nearly 50-year period.
C_LIO_LIIn females only, the gap between low and high-risk Radon counties grew decade after decade.
C_LI"
medrxiv,10.1101/2025.04.05.25325304,10.1093/aje/kwaf280,American Journal of Epidemiology,Statistical Methods for Estimating the Protective Effects of Immune Markers Using Test-Negative Designs,"Middleton, C. E.; Larremore, D. B.",epidemiology,2025-04-07,2025-12-28,"While widely used to study vaccine effectiveness, test negative designs (TND) also provide a platform for identifying and quantifying immunological correlates of protection against disease. A key component of such studies is the protection function, the mathematical relationship between the value of an immunological assay and the relative risk of disease. This function is often estimated using logistic regression, comparing the odds of disease at a given assay value to the odds at assay value zero. Here, we show through mathematical analysis and simulation experiments that logistic regression, while common, fundamentally constrains the functional forms of protection that can be inferred from data in TNDs, potentially leading to overly simplistic estimates of the protection function. To address this limitation, we adapt and analyze a scaled logit model, originally developed for case-control data, as a flexible alternative that allows for greater flexibility in estimating protection functions from TND data. We demonstrate that this approach improves accuracy across a range of biologically plausible protection functions, highlight conditions under which it may fail, and provide practical guidance for researchers to adopt it as a new standard for TND studies evaluating correlates of protection."
biorxiv,10.1101/628321,10.1083/jcb.201905028,Journal of Cell Biology,Reactive oxygen species (ROS) production triggers unconventional secretion of antioxidant enzymes,"Cruz-Garcia, D.; Brouwers, N.; Malhotra, V.; Curwin, A. J.",cell biology,2019-05-05,2020-03-19,"Nutrient deprivation triggers the release of signal-sequence-lacking Acb1 and the antioxidant superoxide dismutase 1 (SOD1). We now report that secreted SOD1 is functionally active and accompanied by export of other antioxidant enzymes such as thioredoxins, (Trx1 and Trx2) and peroxiredoxin Ahp1, in a Grh1 dependent manner. Our data reveal that starvation leads to production of non-toxic levels of reactive oxygen species (ROS). Treatment of cells with N-acetylcysteine (NAC), which sequesters ROS, prevents antioxidants and Acb1 secretion. Starved cells lacking Grh1 are metabolically active, but defective in their ability to regrow upon return to growth conditions. Treatment with NAC restored the Grh1 dependent effect of starvation on cell growth. In sum, starvation triggers ROS production and cells respond by secreting antioxidants and Acb1, which is an important lipogenic signaling molecule in mammalian cells. We suggest that unconventional secretion of antioxidants and Acb1 like activities maintains cells in a form necessary for growth upon their eventual return from starvation to normal conditions."
biorxiv,10.1101/2025.03.27.645718,10.1016/j.talanta.2025.128680,Talanta,A Rapid and Highly Sensitive CRISPR Assay Utilizing Cas12a Orthologs for the Detection of Novel Duck Reovirus,"Wang, Y.; Fu, l.; Li, s.; Tao, d.; Gong, P.; Yang, Y.; Ruan, J.; Xie, S.; Wang, C.; He, D.",synthetic biology,2025-03-30,2025-08-06,"The novel duck reovirus (NDRV) disease presents a significant threat to the poultry industry due to the absence of effective therapeutic measures. As a result, there is an urgent need to develop innovative rapid diagnostic methods for early virus detection. In this study, we developed a Rapid Visual CRISPR Assay to detect the NDRV S3 gene using novel Cas12a orthologs. Specifically, we compared the performance of two candidates, Gs12-16 and Gs12-18, in detecting the NDRV S3 gene to identify a highly sensitive and efficient CRISPR-based diagnostic method. Our results demonstrated that both Gs12-16 and Gs12-18 exhibited strong cis- and trans-cleavage activities for classical ""TTTV"" protospacer adjacent motif (PAM)-containing targets in vitro, although they required different reaction temperatures. Notably, Gs12-18 showed relatively higher activity for dsDNA targets compared to Gs12-16, indicating that Gs12-18 is more suitable for CRISPR-based nucleic acid detection applications. To leverage these properties, we integrated Gs12-18 with loop-mediated isothermal amplification (LAMP) technology to establish a LAMP-CRISPR/Gs12-18-mediated method for detecting the NDRV S3 gene. This approach enables highly sensitive and visually detectable on-site identification of the NDRV S3 gene, achieving a sensitivity of 38 copies per reaction. Our LAMP-CRISPR/Gs12-18-based method can be utilized for highly sensitive detection of NDRV nucleic acids."
biorxiv,10.1101/2023.10.25.564072,10.1039/d4na00003j,Nanoscale Advances,Cytoplasmic Viscosity is a Potential Biomarker for Metastatic Breast Cancer Cells,"Dessard, M.; Manneville, J.-B.; Berret, J.-F.",biophysics,2023-10-27,2024-02-07,"AbstractCellular microrheology has shown that cancer cells with high metastatic potential are softer compared to non-tumorigenic normal cells. These findings rely on measuring the apparent Young modulus of whole cells using primarily atomic force microscopy. The present study aims to explore whether alternative mechanical parameters have discriminating features with regard to metastatic potential. Magnetic rotational spectroscopy (MRS) is employed in the examination of mammary epithelial cell lines: MCF-7 and MDA-MB-231, representing low and high metastatic potential, alongside normal-like MCF-10A cells. MRS utilizes active micron-sized magnetic wires in a rotating magnetic field to measure the viscosity and elastic modulus of the cytoplasm. All three cell lines display viscoelastic behavior, with cytoplasmic viscosities ranging from 10-70 Pa s and elastic moduli from 30-80 Pa. It is found that the tumorigenic MCF-7 and MDA-MB-231 cells are softer than the MCF-10A cells, with a twofold decrease in elastic modulus. To differentiate cells with low and high malignancy however, viscosity emerges as the more discriminating parameter, as MCF-7 exhibits a 5 times higher viscosity as compared to MDA-MB-231. These findings highlight the sensitivity of cytoplasmic viscosity to metastatic potential, suggesting its potential utility as a mechanical marker for malignant cancer cells.

TOC Image

O_FIG O_LINKSMALLFIG WIDTH=200 HEIGHT=94 SRC=""FIGDIR/small/564072v2_ufig1.gif"" ALT=""Figure 1"">
View larger version (37K):
org.highwire.dtl.DTLVardef@16f5b87org.highwire.dtl.DTLVardef@1e2104aorg.highwire.dtl.DTLVardef@9babddorg.highwire.dtl.DTLVardef@306489_HPS_FORMAT_FIGEXP  M_FIG C_FIG"
biorxiv,10.1101/655423,10.1038/s42004-020-0300-7,Communications Chemistry,NMR-based analysis of nucleotide π-stacking in a crowded environment: Implications for prebiotic reactions,"Bapat, N. V.; Paithankar, H.; Chugh, J.; Rajamani, S.",biophysics,2019-05-30,2020-04-30,"The inherent heterogeneity of the prebiotic milieu is often overlooked when studying nonenzymatic reactions. However, it is important to note that the prebiotic soup of a putative  RNA World would have been replete with a plethora of molecules resulting from complex chemical syntheses, as well as exogeneous delivery. The presence of such background molecules could lead to pertinent phenomenon such as molecular crowding, which can potentially affect how a reaction would advent in a crowded milieu. In the current study, we have analyzed the effect of crowding on the stacking ability of the RNA monomers, using Nuclear Magnetic Resonance (NMR) spectroscopy. Our findings corroborate that the purine monomers possess better stacking efficiency than pyrimidine based monomers. Significantly, this competence is further enhanced in the presence of a crowding agent. Interestingly, this enhanced stacking could result in higher sequestration of the purine monomers, putting their ready availability for relevant nonenzymatic polymerization and replication reactions into question. Taken together, this study demonstrates the need for systematic biophysical characterization of molecular crowding in the context of prebiotically pertinent processes. Unravelling such phenomena is essential to gather a real understanding of how the transition from abiotic to biotic, would have happened during the origin of life."
biorxiv,10.1101/2024.08.03.606464,10.1016/j.jmb.2025.168987,Journal of Molecular Biology,Driving forces for condensation of synapsin are governed by sequence-encoded molecular grammars,"Hoffmann, C.; Ruff, K. M.; Edu, I.; Kyung Shinn, M.; Tromm, J.; King, M.; Pant, A.; Ausserwoeger, H.; Morgan, J.; Knowles, T.; Pappu, R. V.; Milovanovic, D.",biochemistry,2024-08-04,2025-02-11,"Multiple biomolecular condensates coexist at the pre- and post-synapse to enable vesicle dynamics and controlled neurotransmitter release in the brain. In pre-synapses, intrinsically disordered regions (IDRs) of synaptic proteins are drivers of condensation that enable clustering of synaptic vesicles (SVs). Using computational analysis, we show that the IDRs of SV proteins feature evolutionarily conserved non-random compositional biases and sequence patterns. Synapsin-1 is essential for condensation of SVs, and its C-terminal IDR has been shown to be a key driver of condensation. Focusing on this IDR, we dissected the contributions of two conserved features namely the segregation of polar and proline residues along the linear sequence, and the compositional preference for arginine over lysine. Scrambling the blocks of polar and proline residues weakens the driving forces for forming micron-scale condensates. However, the extent of clustering in subsaturated solutions remains equivalent to that of the wild-type synapsin-1. In contrast, substituting arginine with lysine significantly weakens both the driving forces for condensation and the extent of clustering in subsaturated solutions. Co-expression of the scrambled variant of synapsin-1 with synaptophysin results in a gain-of-function phenotype in cells, whereas arginine to lysine substitutions eliminate condensation. We report an emergent consequence of synapsin-1 condensation, which is the generation of interphase pH gradients realized via differential partitioning of protons between coexisting phases. This pH gradient is likely to be directly relevant for vesicular ATPase functions and the loading of neurotransmitters. Our study highlights how conserved IDR grammars serve as drivers of synapsin-1 condensation.

Research HighlightsO_LIDistinct biomolecular condensates formed by pre-synaptic proteins contain a unique bias of sequence grammars within their IDRs.
C_LIO_LIThe IDR of synapsin-1, the essential protein for the clustering of synaptic vesicles, has a conserved compositional bias for Arg and blockiness of proline/polar residues.
C_LIO_LIUsing sequence designs, we uncovered how conserved sequence features of the driver IDR of synapsin-1 affect condensation in vitro and in cells.
C_LIO_LISynapsin-1 condensates are defined by a measurable interphase pH gradient.
C_LI"
biorxiv,10.1101/591065,10.1371/journal.pgen.1008501,PLOS Genetics,The MITF-SOX10 regulated long non-coding RNA DIRC3 is a melanoma tumour suppressor,"Coe, E. A.; Tan, J. Y.; Shapiro, M.; Louphrasitthiphol, P.; Bassett, A. R.; Marques, A. C.; Goding, C. R.; Vance, K. W.",cancer biology,2019-03-27,2019-12-27,"The MITF and SOX10 transcription factors regulate the expression of genes important for melanoma proliferation, invasion and metastasis. Despite growing evidence of the contribution of long noncoding RNAs (lncRNAs) in cancer, including melanoma, their functions within MITF-SOX10 transcriptional programmes remain poorly investigated. Here we identified 245 candidate melanoma associated lncRNAs whose loci are co-occupied by MITF-SOX10 and that are enriched at active enhancer-like regions. We characterise the function and molecular mechanism of action of one of these lncRNAs, Disrupted In Renal Carcinoma 3 (DIRC3), and show that it operates as a MITF-SOX10 regulated tumour suppressor. DIRC3 depletion in human melanoma cells leads to increased anchorage-independent growth, a hallmark of malignant transformation, whilst melanoma patients classified by low DIRC3 expression have decreased survival. DIRC3 is a nuclear lncRNA that functions locally to activate expression of its neighbouring IGFBP5 tumour suppressor through modulating chromatin structure and suppressing SOX10 binding to putative regulatory elements within the DIRC3 locus. In turn, DIRC3 dependent regulation of IGFBP5 impacts the expression of genes involved in multiple cancer associated processes. Our work indicates that lncRNA components of the MITF-SOX10 networks are an important new class of melanoma regulators and candidate therapeutic targets."
biorxiv,10.1101/2020.02.13.946889,10.1016/j.gecco.2020.e01425,Global Ecology and Conservation,Trophic guild and forest type explain phyllostomid bat abundance variation from human habitat disturbance.,"Carballo-Morales, J. D.; Saldana-Vazquez, R. A.; Villalobos, F.",ecology,2020-02-13,2020-12-25,"The loss of tropical forest cover caused by land-use change is causing a reduction in functional groups, such as trophic guilds. Phyllostomid bats (family Phyllostomidae) are essential in the Neotropics since they occupy up to six trophic guilds, and are pollinators, seed dispersers, and regulators of vertebrate and invertebrate populations. In this study, a series of meta-analyses were performed in order to analyse their response to habitat disturbance. Data were obtained through a comprehensive literature review whereby we measured the abundance of phyllostomid bats in disturbed habitats and conserved forests. We found that the abundance of phytophagous bats depends on the type of habitat disturbance and the type of forest where it occurs. On the other hand, animal-feeding bats reduce their abundance in any disturbed habitat regardless of disturbance type and forest type. No phylogenetic signal was found in the response of bats to habitat disturbance, nor was the response found to be dependent on the type of crop, the age of the secondary forest, or the distance to a conserved forest. These results demonstrate that feeding and the type of forest where the disturbance occurs are important aspects to understand the reduction of animal populations in the face of habitat destruction processes. This has implications on the conservation of species and their function in ecosystems.

HighlightsO_LINo phylogenetic signal was found in the abundance of bats in disturbed habitats.
C_LIO_LIThe abundance of bats in disturbed habitats depends on the trophic guild.
C_LIO_LIForest altitude influences the abundance of bats in disturbed habitats.
C_LIO_LIAnimal-feeding bats reduced their abundance in disturbed habitats regardless of disturbance type and forest type.
C_LI"
biorxiv,10.1101/2021.09.10.459772,10.1016/j.str.2022.03.010,Structure,Mechanistic insight into light-dependent recognition of Timeless by Drosophila cryptochrome,"Lin, C.; Schneps, C. M.; Chandrasekaran, S.; Ganguly, A.; Crane, B. R.",biochemistry,2021-09-10,2022-04-08,"Cryptochrome (CRY) entrains the fly circadian clock by binding to Timeless (TIM) in light and triggering its degradation. Undocking of a helical C-terminal tail (CTT) in response to photoreduction of the CRY flavin cofactor gates TIM binding. A generally-applicable Select Western-blot-Free Tagged-protein Interaction (SWFTI) assay enables quantification of CRY binding to TIM in dark and light. The assay is utilized to study CRY variants with residue substitutions in the flavin pocket and correlate their TIM affinities with CTT undocking, as measured by pulse-dipolar ESR spectroscopy and evaluated by molecular dynamics simulations. CRY variants with the CTT removed or undocked bind TIM constitutively, whereas those incapable of photoreduction bind TIM weakly. In response to flavin redox state, two conserved histidine residues contribute to a robust on/off switch by mediating CTT interactions with the flavin pocket and TIM. Our approach provides an expeditious means to quantify protein-protein interactions and photoreceptor targeting."
biorxiv,10.1101/2021.01.04.425185,10.1371/journal.pone.0253037,PLOS ONE,"A meta-analysis of transcriptomic profiles from Huntington's disease patients substantiates the pathophysiological role of CDC42, NFY, DLX1 and PRMT3","Seefelder, M.; Kochanek, S.",neuroscience,2021-01-07,2021-06-10,"Description of robust transcriptomic alterations in Huntingtons disease is essential to identify targets for biochemical studies and drug development. We analysed publicly available transcriptome data from the brain and blood of 220 HD patients and 241 healthy controls and identified 737 and 661 genes with robustly altered mRNA levels in the brain and blood of HD patients, respectively. In the brain, a subnetwork of 320 genes strongly correlated with HD and was enriched in transport-related genes. Bioinformatical analysis of this subnetwork highlighted CDC42, PAK1, YWHAH, NFY, DLX1, HMGN3, and PRMT3. Moreover, we found that CREB1 can regulate 78.0 % of genes whose mRNA levels correlated with HD in the blood of patients. Alterations in protein transport, metabolism, transcriptional regulation, and CDC42-mediated functions are likely central features of HD. Further our data substantiate the role of transcriptional regulators that have not been reported in the context of HD (e.g. DLX1, HMGN3 and PRMT3) and strongly suggest dysregulation of NFY and its target genes across tissues. A large proportion of the identified genes such as CDC42 were also altered in Parkinsons (PD) and Alzheimers disease (AD). The observed dysregulation of CDC42 and YWHAH in samples from HD, AD and PD patients indicates that those genes and their upstream regulators may be interesting therapeutic targets."
medrxiv,10.1101/2020.03.19.20039354,10.1016/j.asoc.2020.106897,Applied Soft Computing,AI-assisted CT imaging analysis for COVID-19 screening: Building and deploying a medical AI system in four weeks,"Jin, S.; Wang, B.; Xu, H.; Luo, C.; Wei, L.; Zhao, W.; Hou, X.; Ma, W.; Xu, Z.; Zheng, Z.; Sun, W.; Lan, L.; Zhang, W.; Mu, X.; Shi, C.; Wang, Z.; Lee, J.; Jin, Z.; Lin, M.; Jin, H.; Zhang, L.; Guo, J.; Zhao, B.; Ren, Z.; Wang, S.; You, Z.; Dong, J.; Wang, X.; Wang, J.; Xu, W.",health informatics,2020-03-23,2020-11-10,"The sudden outbreak of novel coronavirus 2019 (COVID-19) increased the diagnostic burden of radiologists. In the time of an epidemic crisis, we hoped artificial intelligence (AI) to help reduce physician workload in regions with the outbreak, and improve the diagnosis accuracy for physicians before they could acquire enough experience with the new disease. Here, we present our experience in building and deploying an AI system that automatically analyzes CT images to detect COVID-19 pneumonia features. Different from conventional medical AI, we were dealing with an epidemic crisis. Working in an interdisciplinary team of over 30 people with medical and / or AI background, geographically distributed in Beijing and Wuhan, we were able to overcome a series of challenges in this particular situation and deploy the system in four weeks. Using 1,136 training cases (723 positives for COVID-19) from five hospitals, we were able to achieve a sensitivity of 0.974 and specificity of 0.922 on the test dataset, which included a variety of pulmonary diseases. Besides, the system automatically highlighted all lesion regions for faster examination. As of today, we have deployed the system in 16 hospitals, and it is performing over 1,300 screenings per day."
biorxiv,10.1101/2021.03.29.437568,10.1111/imb.12739,Insect Molecular Biology,Cis-regulatory elements of the cholinergic gene locus in the silkworm Bombyx mori,"Banzai, K.; Izumi, S.",molecular biology,2021-03-29,2021-09-30,"Genes of choline acetyltransferase (ChAT) and vesicular acetylcholine transporter (VAChT) are encoded in the same gene locus, called the cholinergic gene locus. They are essential in cholinergic neurons to maintain their functional phenotype. The genomic structure of the cholinergic gene locus is conserved among invertebrates to mammals. However, it is still inconclusive how cholinergic genes express only in cholinergic neurons in insects. In this study, we analyzed the upstream sequence of cholinergic gene locus in the silkworm Bombyx mori to identify specific cis-regulatory regions. We found multiple enhancer regions that are localized within 1 kb upstream of the cholinergic gene locus. The combination of promoter assays using small deletions and bioinformatic analysis among insect species illuminates two conserved sequences in the cis-regulatory region: TGACGTA and CCAAT, which are known as the cAMP response element and CAAT box, respectively. We found that dibutyryl-cAMP, an analog of cAMP, influences the expression of ChAT. Tissue-specific expression analysis of transcriptional factors showed potential candidates that control the cholinergic gene locus expression. Our investigation provides new insight into the regulation mechanism of cholinergic neuron-specific gene machinery in this lepidopteran insect."
biorxiv,10.1101/2020.12.22.423903,10.7554/elife.72595,eLife,Paradoxical neuronal hyperexcitability in a mouse model of mitochondrial pyruvate import deficiency,"De La Rossa, A.; Laporte, M. H.; Astori, S.; Marissal, T.; Montessuit, S.; Sheshadri, P.; Ramos-Fernández, E.; Mendez, P.; Khani, A.; Quairiaux, C.; Taylor, E.; Rutter, J.; Nunes, J. M.; carleton, a.; Duchen, M.; Sandi, C.; Martinou, J.-C.",neuroscience,2020-12-22,2022-02-18,"Neuronal excitation imposes a high demand of ATP in neurons. Most of the ATP derives primarily from pyruvate-mediated oxidative phosphorylation, a process that relies on import of pyruvate into mitochondria occuring exclusively via the mitochondrial pyruvate carrier (MPC). To investigate whether deficient oxidative phosphorylation impacts neuron excitability, we generated a mouse strain carrying a conditional deletion of MPC1, an essential subunit of the mitochondrial pyruvate carrier, specifically in adult glutamatergic neurons. We found that, despite decreased levels of oxidative phosphorylation in these excitatory neurons, mice were normal at rest. Paradoxically, in response to mild inhibition of GABA mediated synaptic activity, they rapidly developed severe seizures and died, whereas under similar conditions the behaviour of control mice remained unchanged. We show that neurons with a deficient MPC are intrinsically hyperexcitable as a consequence of impaired calcium homeostasis, which reduces M-type potassium channel activity. Provision of ketone bodies restores energy status, calcium homeostasis and M-channel activity and attenuates seizures in animals fed a ketogenic diet. Our results provide an explanation for the paradoxical seizures that frequently accompany a large number of neuropathologies, including cerebral ischemia and diverse mitochondriopathies, in which neurons experience an energy deficit.

One Sentence SummaryDecreased OXPHOS and Ca2+-mediated neuronal hyperexcitability lead to seizure in a mouse model of mitochondrial pyruvate import deficiency."
biorxiv,10.1101/2024.08.13.607771,10.1002/cyto.a.24904,Cytometry Part A,Overcoming fixation and permeabilization challenges in flow cytometry by optical barcoding and multi-pass acquisition,"Fahlberg, M. D.; Forward, S.; Assita, E. R.; Mazzola, M.; Kiem, A.; Handley, M.; Yun, S. H.; Kwok, S. J.",bioengineering,2024-08-16,2024-10-28,"The fixation and permeabilization of cells are essential for labeling intracellular biomarkers in flow cytometry. However, these chemical treatments often alter fragile targets, such as cell surface and fluorescent proteins, and can destroy chemically-sensitive fluorescent labels. This reduces measurement accuracy and introduces compromises into sample workflows, leading to losses in data quality. Here, we demonstrate a novel multi-pass flow cytometry approach to address this long-standing problem. Our technique utilizes individual cell barcoding with laser particles, enabling sequential analysis of the same cells with single-cell resolution maintained. Chemically-fragile protein markers and their fluorochrome conjugates are measured prior to destructive sample processing and adjoined to subsequent measurements of intracellular markers after fixation and permeabilization. We demonstrate the effectiveness of our technique in accurately measuring intracellular fluorescent proteins and methanol-sensitive antigens and fluorophores, along with various surface and intracellular markers. This approach significantly enhances assay flexibility, enabling accurate and comprehensive cell analysis without the constraints of conventional one-time measurement flow cytometry. This innovation paves new avenues in flow cytometry for a wide range of applications in immuno-oncology, stem cell research, and cell biology."
biorxiv,10.1101/2020.06.01.128504,10.1084/jem.20201142,Journal of Experimental Medicine,ICOS signaling limits regulatory T cell accumulation and function in visceral adipose tissue,"Mittelsteadt, K. L.; Campbell, D. J.",immunology,2020-06-02,2021-04-21,"A unique population of Foxp3+ regulatory T cells (TR) resides in visceral adipose tissue (VAT) that regulates adipose inflammation and helps preserve insulin sensitivity. The costimulatory molecule ICOS is highly expressed on effector (e)TR that migrate to nonlymphoid tissues, and contributes to their maintenance and function in models of autoimmunity. In this study, we report an unexpected cell-intrinsic role for ICOS expression and downstream PI3K signaling in limiting the abundance, VAT-associated phenotype, and function of TR specifically in VAT. Icos-/- mice and mice expressing a knock-in form of ICOS that cannot activate PI3K had increased VAT-TR abundance and elevated expression of canonical VAT-TR markers. Loss of ICOS signaling facilitated enhanced accumulation of TR to VAT associated with elevated CCR3 expression, and resulted in reduced adipose inflammation and heightened insulin sensitivity in the context of high-fat diet. Thus, we have uncovered a new and surprising molecular pathway that regulates VAT-TR accumulation and function.

SummaryThe authors demonstrate that loss of ICOS-dependent PI3-kinase signaling supports visceral adipose tissue (VAT) TR abundance and function, and this correlates with reduced adipose inflammation and improved insulin sensitivity after high-fat diet. This work highlights a new molecular pathway that regulates VAT-TR accumulation and activity."
biorxiv,10.1101/2023.02.25.530019,10.1016/j.molcel.2024.02.032,Molecular Cell,Transcription elongation defects link oncogenic splicing factor mutations to targetable alterations in chromatin landscape,"Boddu, P. C.; Gupta, A. K.; Roy, R.; De La Pena Avalos, B.; Olazabal Herrero, A.; Neuenkirchen, N.; Zimmer, J.; Chandhok, N. S.; King, D.; Nannya, Y.; Ogawa, S.; Lin, H.; Simon, M.; Dray, E.; Kupfer, G.; Verma, A. K.; Neugebauer, K. M.; Pillai, M. M.",cancer biology,2023-02-26,2024-03-22,"Transcription and splicing of pre-messenger RNA are closely coordinated, but how this functional coupling is disrupted in human disease remains unexplored. Here, we investigated the impact of non-synonymous mutations in SF3B1 and U2AF1, two splicing factors commonly mutated in cancer, on transcription. We find that the mutations impair RNA Polymerase II (RNAPII) transcription elongation along gene bodies leading to transcription-replication conflicts, replication stress and altered chromatin organization. This elongation defect is linked to disrupted pre-spliceosome assembly due to impaired protein-protein interactions of mutant SF3B1. Through an unbiased screen, we identified epigenetic factors in the Sin3/HDAC complex, which, when modulated, normalize transcription defects and their downstream effects. Our findings shed light on the mechanisms by which oncogenic mutant spliceosomes impact chromatin organization through their effects on RNAPII transcription elongation and present a rationale for targeting the Sin3/HDAC complex as a potential therapeutic strategy.

HIGHLIGHTS- Oncogenic mutations in SF3B1 and U2AF1 cause a gene body RNAPII transcription elongation defect
- The elongation defect is linked to impaired assembly of early spliceosome complexes and leads to replication stress and changes to chromatin landscape
- RNAPII elongation defects in SF3B1K700E are normalized by modulating epigenetic factors but 3 cryptic splicing events are not reversed
- Targeting the Sin3/HDAC pathway to normalize RNAPII elongation defect is a potential therapeutic approach in these disorders


GRAPHICAL ABSTRACT

O_FIG O_LINKSMALLFIG WIDTH=200 HEIGHT=139 SRC=""FIGDIR/small/530019v3_ufig1.gif"" ALT=""Figure 1"">
View larger version (50K):
org.highwire.dtl.DTLVardef@dc6d22org.highwire.dtl.DTLVardef@180f36borg.highwire.dtl.DTLVardef@ed341forg.highwire.dtl.DTLVardef@f8dfb2_HPS_FORMAT_FIGEXP  M_FIG C_FIG"
biorxiv,10.1101/633156,10.1371/journal.pone.0217254,PLOS ONE,Kinetic characteristics of propofol-induced inhibition of electron-transfer chain and fatty acid oxidation in human and rodent skeletal and cardiac muscles,"Duska, F.; Urban, T.; Waldauf, P.; Krajcova, A.; Jiroutkova, K.; Halacova, M.; Dzupa, V.; Janousek, L.; Pokorna, E.",pharmacology and toxicology,2019-05-09,2019-10-04,"IntroductionPropofol causes a profound inhibition of fatty acid oxidation (FAO) and reduces spare electron transfer chain (ETC) capacity in a range of human and rodent cells and tissues - a feature that might be related to the pathogenesis of Propofol Infusion Syndrome. We aimed to explore the mechanism of propofol-induced alteration of bioenergetic pathways by describing its kinetic characteristics.\n\nMethodsWe obtained samples of skeletal and cardiac muscle from Wistar rat (n=3) and human subjects: vastus lateralis from hip surgery patients (n=11) and myocardium from brain-dead organ donors (n=10). We assessed mitochondrial functional indices using standard SUIT protocol and high resolution respirometry in fresh tissue homogenates with or without short-term exposure to a range of propofol concentration (2.5-100 g/ml). After finding concentrations of propofol causing partial inhibition of a particular pathways, we used that concentration to construct kinetic curves by plotting oxygen flux against substrate concentration during its stepwise titration in the presence or absence of propofol. By spectrophotometry we also measured the influence of the same propofol concentrations on the activity of isolated respiratory complexes.\n\nResultsWe found that human muscle and cardiac tissues are more sensitive to propofol-mediated inhibition of bioenergetic pathways than rats tissue. In human homogenates, palmitoyl carnitine-driven respiration was inhibited at much lower concentrations of propofol than that required for a reduction of ETC capacity, suggesting FAO inhibition mechanism different from downstream limitation or carnitine-palmitoyl transferase-1 inhibition. Inhibition of Complex I was characterised by more marked reduction of Vmax, in keeping with non-competitive nature of the inhibition and the pattern was similar to the inhibition of Complex II or ETC capacity. There was no inhibition of Complex IV nor increased leak through inner mitochondrial membrane with up to 100 g/ml of propofol. If measured in isolation by spectrophotometry, propofol 10 g/ml did not affect the activity of any respiratory complexes.\n\nConclusionIn human skeletal and heart muscle homogenates, propofol in concentrations that are achieved in propofol-anaesthetized patients, causes a direct inhibition of fatty acid oxidation, in addition to inhibiting flux of electrons through inner mitochondrial membrane. The inhibition is more marked in human as compared to rodent tissues."
medrxiv,10.1101/2023.03.16.23287349,10.1016/j.rcsop.2023.100265,Exploratory Research in Clinical and Social Pharmacy,Use of pharmacy services in community-dwelling middle-aged and older adults; findings from The Irish Longitudinal Study on Ageing (TILDA),"Murry, L. T.; Flood, M.; Holton, A.; Kenny, R. A.; Moriarty, F.",primary care research,2023-03-17,2023-04-13,"IntroductionThe role of community pharmacists has evolved in recent years with expansion in pharmacy services offered. This study aims to assess pharmacy services use among adults aged [&ge;]50 years in Ireland, and determine the demographic and clinical factors associated with pharmacy services use.

MethodsThis cross-sectional study included community-dwelling participants in wave 4 of The Irish Longitudinal Study on Ageing (TILDA), aged [&ge;]56 years who were self-respondents. TILDA is a nationally representative cohort study, with wave 4 data collected during 2016. TILDA collects participant demographics and health data, in addition to information on the use of several services when visiting the pharmacy in the last 12 months. Characteristics and pharmacy services use were summarised. Multivariate logistic regression was used to examine the association of demographic and health factors with reporting (i) any pharmacy service use and (ii) requesting medicines advice.

ResultsAmong 5,782 participants (55.5% female, mean age 68 years), 96.6% (5,587) reported visiting a pharmacy in the previous 12 months, and almost one fifth of these (1,094) availed of at least one specified pharmacy service. The most common non-dispensing services reported were requesting advice about medications (786, 13.6%), blood pressure monitoring (184, 3.2%), and vaccination (166, 2.9%). Controlling for other factors, female sex (odds ratio (OR) 1.32, 95%CI 1.14-1.52), third-level education (OR 1.85, 95%CI 1.51-2.27), higher rates of GP visits, private health insurance (OR 1.29, 95%CI 1.07-1.56), higher number of medications, loneliness, and respiratory condition diagnosis (OR 1.42, 95%CI 1.14-1.74) were associated with higher likelihood of availing of pharmacy services. The relationship between these factors and requesting medicines advice were similar.

ConclusionA high proportion of middle-aged and older adults visit community pharmacy and a fifth avail of specified pharmacy services. Despite advances in the services offered in pharmacies, medicines advice remains at the core of pharmacists practice."
biorxiv,10.1101/2025.05.24.655903,10.1098/rsbl.2025.0239,Biology Letters,Chemosensory Adaptations in Caenorhabditis Males during the Establishment of Androdioecy.,"Kannan, H.; Chow, K. L.",evolutionary biology,2025-05-28,2025-09-16,"Caenorhabditis elegans has evolved from its dioecious ancestors to adopt an androdioecious reproductive strategy. In this process, ancestral female C. elegans acquired genetic modifications that enabled self-sperm generation, self-sperm activation, and a reduced reliance on sexual reproduction. However, how males have adapted during this transition from dioecy to androdioecy is less explored. Using respective Caenorhabditis species, we demonstrated that androdioecious hermaphrodites exhibit a reduction in sex pheromone potency, while androdioecious males show notably heightened olfactory habituation and diminished mate exploration capabilities. The behavior of androdioecious males can be reverted to resemble that of dioecious males by replacing the SRD-1 receptor with its dioecious orthologs. This intrinsic characteristic is contingent upon the cytoplasmic domain of the receptor. We propose a theoretical framework where C. elegans males have accumulated genetic variations in their pheromone receptor, leading to altered chemosensory perception of the opposite sex, which confer a selective advantage that favors the establishment of hermaphroditism. Our study provides insights into an overlooked male trait that was shaped by changes in chemosensory signaling. The findings underscore the capacity of chemosensory variations to influence how organisms perceive critical ecological factors and eventually facilitate the emergence and stabilization of hermaphroditism."
biorxiv,10.1101/2023.08.21.554203,10.7554/elife.92173,eLife,DNL343 is an investigational CNS penetrant eIF2B activator that prevents and reverses the effects of neurodegeneration caused by the Integrated Stress Response,"Yulyaningsih, E.; Suh, J. H.; Fanok, M. H.; Chau, R.; Solanoy, H.; Takahashi, R.; Bakardjiev, A. I.; Becerra, I.; Benitez, N. B.; Chiu, C.-L.; Davis, S. S.; Dowdle, W. E.; Earr, T.; Estrada, A. E.; Gill, A.; Ha, C.; Haddick, P. C. G.; Henne, K. R.; Larhammar, M.; Leung, A. W.; Maciuca, R.; Memarzadeh, B.; Nguyen, H. N.; Nugent, A.; Osipov, M.; Ran, Y.; Rebadulla, K.; Roche, E.; Sandmann, T.; Wang, J.; Lewcock, J. W.; Scearce-Levie, K.; Kane, L. A.; Sanchez, P. E.",neuroscience,2023-08-22,2024-09-17,"The integrated stress response (ISR) is a conserved pathway in eukaryotic cells that is activated in response to multiple sources of cellular stress. Although acute activation of this pathway restores cellular homeostasis, intense or prolonged ISR activation perturbs cell function and may contribute to neurodegeneration. DNL343 is an investigational CNS-penetrant small molecule ISR inhibitor designed to activate the eukaryotic initiation factor 2B (eIF2B) and suppress aberrant ISR activation. DNL343 reduced CNS ISR activity and neurodegeneration in a dose-dependent manner in two established in vivo models - the optic nerve crush injury and an eIF2B loss of function (LOF) mutant - demonstrating neuroprotection in both and preventing motor dysfunction in the LOF mutant mouse. Treatment with DNL343 at a late stage of disease in the LOF model reversed elevation in plasma biomarkers of neuroinflammation and neurodegeneration and prevented premature mortality. Several proteins and metabolites that are dysregulated in the LOF mouse brains were normalized by DNL343 treatment, and this response is detectable in human biofluids. Several of these biomarkers show differential levels in CSF and plasma from patients with vanishing white matter disease (VWMD), a neurodegenerative disease that is driven by eIF2B LOF and chronic ISR activation, supporting their potential translational relevance. This study demonstrates that DNL343 is a brain penetrant ISR inhibitor capable of attenuating neurodegeneration in mouse models and identifies several biomarker candidates that may be used to assess treatment responses in the clinic."
biorxiv,10.1101/2020.05.13.094904,10.7554/elife.62583,eLife,Dynamic dopaminergic activity controls the timing of self-timed movement,"Hamilos, A. E.; Spedicato, G.; Hong, Y.; Sun, F.; Li, Y.; Assad, J. A.",neuroscience,2020-05-14,2021-12-22,"Clues from human movement disorders have long suggested that the neurotransmitter dopamine plays a key role in motor control, but how the endogenous dopaminergic system regulates movement is unknown. Here we show dynamic dopaminergic signaling over seconds-long timescales controls movement timing in mice. Animals were trained to initiate licking after a self-timed interval following a start-timing cue. The movement time was variable from trial-to-trial, as expected from previous studies. Surprisingly, dopaminergic signals ramped-up over seconds between the start-timing cue and the self-timed movement, with variable dynamics that predicted the movement time on single trials. Steeply rising signals preceded early lick-initiation, whereas slowly rising signals preceded later initiation. Higher baseline signals also predicted earlier self-timed movements. Optogenetic activation of dopamine neurons during self-timing did not trigger immediate movements, but rather caused systematic early-shifting of movement initiation, whereas inhibition caused late-shifting, as if modulating the probability of movement. Consistent with this view, the dynamics of the endogenous dopaminergic signals quantitatively predicted the moment-by-moment probability of movement initiation on single trials. These results reveal a causal role for dynamic dopaminergic signaling unfolding over seconds in modulating the decision of when to move."
biorxiv,10.1101/2021.06.20.449203,10.7554/elife.71077,eLife,Opioid antagonism reduces wanting by strengthening frontostriatal connectivity,"Soutschek, A.; Tobler, P. N.; Kahnt, T.; Quednow, B.; Weber, S.",neuroscience,2021-06-21,2021-11-11,"Goal-directed behavior depends on both motivational (""wanting"") and hedonic (""liking"") dimensions of rewards. Previous animal and human research linked wanting and liking to anatomically and neurochemically distinct brain mechanisms, but it remains unknown as to how the different brain regions and neurotransmitter systems interact in processing distinct reward dimensions. Here, we assessed how pharmacological manipulations of opioid and dopamine receptor activation modulate the neural processing of wanting and liking in humans in a randomized, placebo-controlled, double-blind clinical trial. Blocking opioid receptor activation with naltrexone selectively reduced wanting of rewards, which on a neural level was reflected by stronger coupling between dorsolateral prefrontal cortex and the striatum under naltrexone compared with placebo. Our findings thus provide insights into how opioid receptors mediate frontostriatal gating of specifically motivational, not hedonic, aspects of rewards."
biorxiv,10.1101/2020.06.29.178186,10.1038/s41593-021-00871-z,Nature Neuroscience,Enhanced hippocampal theta rhythmicity and emergence of eta oscillation in virtual reality,"Safaryan, K.; Mehta, M. R.",neuroscience,2020-06-30,2021-06-28,"Hippocampal theta oscillations in rodents profoundly impact neural activity, spatial coding, and synaptic plasticity and learning. What are the sensory mechanisms governing slow oscillations? We hypothesized that the nature of multisensory inputs is a crucial factor in hippocampal rhythmogenesis. We compared the rat hippocampal slow oscillations in the multisensory-rich real world (RW) and in a body-fixed, visual virtual reality (VR). The amplitude and rhythmicity of the hippocampal ~8 Hz theta were enhanced in VR compared to RW. This was accompanied by the emergence of a ~4 Hz oscillation, termed the eta rhythm, evident in the local field potential (LFP) in VR, but not in RW. Similar to theta, eta band amplitude increased with running speed in VR, but not in RW. However, contrary to theta, eta amplitude was highest in the CA1 cell layer, implicating intra-CA1 mechanisms. Consistently, putative CA1 interneurons, but not pyramidal neurons, showed substantially more eta modulation in VR than in RW. These results elucidate the multisensory mechanisms of hippocampal rhythms and the surprising effects of VR on enhancing these rhythms, which has not been achieved pharmacologically and has significant broader implications for VR use in humans.

One Sentence SummaryNavigation in virtual reality greatly enhances hippocampal 8Hz theta rhythmicity, and generates a novel, ~4Hz eta rhythm that is localized in the CA1 cell layer and influences interneurons more than pyramidal neurons."
biorxiv,10.1101/2022.02.11.479866,10.1016/j.expneurol.2022.114278,Experimental Neurology,Delayed viral vector mediated delivery of neurotrophin-3 improves skilled hindlimb function and stability after thoracic contusion in rats,"Sydney-Smith, J. D.; Koltchev, A. M.; Moon, L. D. F.; Warren, P. M.",neuroscience,2022-02-11,2022-11-28,"It has been reported that intramuscular injection of an Adeno-associated viral vector serotype 1 (AAV1) encoding Neurotrophin-3 (NT3) into hindlimb muscles 24 hours after a severe T9 contusion in rats induced lumbar spinal neuroplasticity, partially restored locomotive function and reduced spasms during swimming. Here we investigated whether a targeted delivery of NT3 to lumbar and thoracic motor neurons 48 hours following a severe contusive injury aids locomotive recovery in rats. AAV1-NT3 was injected into the tibialis anterior, gastrocnemius and rectus abdominus muscles 48-hours following trauma, persistently elevating serum levels of the neurotrophin. NT3 improved trunk stability, accuracy of stepping during skilled locomotive tasks, and alternation of the hindlimbs during swimming, but it had no effect on gross locomotion function in the open field. The number of vGlut1+ (likely proprioceptive afferent) boutons on gastrocnemius -motor neurons was increased after injury but normalised following NT3 treatment suggestive of a mechanism in which the functional effects may be mediated through proprioceptive feedback. Ex vivo MRI revealed substantial loss of grey and white matter at the lesion epicentre but no effect of delayed NT3 treatment to induce neuroprotection or prevent secondary damage. Spasms and hyperreflexia were not reliably induced in this severe injury model suggesting a more complex anatomical or physiological cause to their induction. We have shown that delayed intramuscular AAV-NT3 treatment can promote recovery in skilled stepping and coordinated swimming supporting a role for NT3 as a therapeutic strategy for spinal injuries potentially through modulation of somatosensory feedback.

Key PointsO_LITargeted delivery of NT3 to hindlimb and trunk muscles at a clinically relevant 48h following a severe thoracic contusion aids fine locomotor control and synchronised movement.
C_LIO_LINT3 mediated improvements in trunk stability, accuracy of stepping during skilled locomotive tasks, and alternation of the hindlimbs during swimming through the normalisation of vGlut1+ boutons on presumptive proprioceptive afferents innervating these muscles.
C_LIO_LI250kDyn thoracic contusion does not reliably result in measurable signs of spasticity.
C_LI"
biorxiv,10.1101/532457,10.3390/pathogens9030176,Pathogens,Upscaling surveillance of tick-borne pathogens in the French Caribbean islands,"Gondard, M.; Delannoy, S.; Pinarello, V.; Aprelon, R.; Devillers, E.; Galon, C.; Pradel, J.; Vayssier-Taussat, M.; Albina, E.; MOUTAILLER, S.",epidemiology,2019-02-01,2020-03-03,"Despite the high burden of vector-borne disease in (sub)-tropical areas, few information are available regarding the diversity of tick and tick-borne pathogens circulating in the Caribbean. Management and control of vector-borne disease require actual epidemiological data to better assess and anticipate the risk of (re)-emergence of tick-borne diseases in the region. To simplify and reduce the costs of such large-scale surveys, we implemented a high-throughput microfluidic real-time PCR system suitable for the screening of the main bacterial and parasitic genera involved in tick-borne disease and potentially circulating in the area. We used the new screening tool to perform an exploratory epidemiological study on 132 specimens of Amblyomma variegatum and 446 of Rhipicephalus microplus collected in Guadeloupe and Martinique. Not only the system was able to detect the main pathogens of the area- Ehrlichia ruminantium, Rickettsia africae, Anaplasma marginale, Babesia bigemina, Babesia bovis- but the system also provided evidence of unsuspected microorganisms in Caribbean ticks, belonging to the Anaplasma, Ehrlichia, Borrelia and Leishmania genera. Our study demonstrated how high-throughput microfluidic real-time PCR technology can assist large-scale epidemiological studies, providing a rapid overview of tick-borne pathogen and microorganism diversity, and opening up new research perspectives for the epidemiology of tick-borne pathogens."
biorxiv,10.1101/2020.06.25.171868,10.1038/s41396-021-00912-2,The ISME Journal,Balance between promiscuity and specificity in phage {lambda} host range,"Andrews, B.; Fields, S.",molecular biology,2020-06-26,2021-02-17,"As hosts acquire resistance to viruses, viruses must overcome that resistance to re-establish infectivity, or go extinct. Despite the significant hurdles associated with adapting to a resistant host, viruses are evolutionarily successful and maintain stable coevolutionary relationships with their hosts. To investigate the factors underlying how pathogens adapt to their hosts, we performed a deep mutational scan of the region of the λ tail fiber tip protein that mediates contact with the λ host, E. coli. Phages harboring amino acid substitutions were subjected to selection for infectivity on wild type E. coli, revealing a highly restrictive fitness landscape, in which most substitutions completely abrogate function. By comparing this lack of mutational tolerance to evolutionary diversity, we highlight a set of mutationally intolerant and diverse positions associated with host range expansion. Imposing selection for infectivity on three λ-resistant hosts, each harboring a different missense mutation in the λ receptor, reveals hundreds of adaptive variants in λ. We distinguish λ variants that confer promiscuity, a general ability to overcome host resistance, from those that drive host-specific infectivity. Both processes may be important in driving adaptation to a novel host.Competing Interest StatementThe authors have declared no competing interest.View Full Text"
medrxiv,10.1101/2023.01.18.23284742,10.3389/fimmu.2023.1147549,Frontiers in Immunology,Long COVID brain fog and muscle pain are associated with longer time to clearance of SARS-CoV-2 RNA from the upper respiratory tract during acute infection,"Antar, A. A. R.; Yu, T.; Demko, Z. O.; Hu, C.; Tornheim, J. A.; Blair, P. W.; Thomas, D. L.; Manabe, Y. C.; OutSMART Study Group,",infectious diseases,2023-01-19,2023-04-28,"The incidence of long COVID is substantial, even in people who did not require hospitalization for acute COVID-19. The pathobiological mechanisms of long COVID and the role of early viral kinetics in its development are largely unknown. Seventy-three non-hospitalized adult participants were enrolled within approximately 48 hours of their first positive SARS-CoV-2 RT-PCR test, and mid-turbinate nasal and saliva samples were collected up to 9 times within the first 45 days after enrollment. Samples were assayed for SARS-CoV-2 using RT-PCR and additional test results were abstracted from the clinical record. Each participant indicated the presence and severity of 49 long- COVID symptoms at 1-, 3-, 6-, 12-, and 18-months post-COVID-19 diagnosis. Time from acute COVID-19 illness onset to SARS-CoV-2 RNA clearance greater or less than 28 days was tested for association with the presence or absence of each of 49 long COVID symptoms at 90+ days from acute COVID-19 symptom onset. Brain fog and muscle pain at 90+ days after acute COVID-19 onset were negatively associated with viral RNA clearance within 28 days of acute COVID-19 onset with adjustment for age, sex, BMI [&ge;] 25, and COVID vaccination status prior to COVID-19 (brain fog: aRR 0.46, 95% CI 0.22-0.95; muscle pain: aRR 0.28, 95% CI 0.08-0.94). This work indicates that at least two long COVID symptoms - brain fog and muscle pain - at 90+ days from acute COVID-19 onset are specifically associated with longer time to clearance of SARS-CoV-2 RNA from the upper respiratory tract."
biorxiv,10.1101/2020.07.31.231522,10.1002/jor.24957,Journal of Orthopaedic Research,An evolutionary perspective of DNA methylation patterns in skeletal tissues using a nonhuman primate model of osteoarthritis,"Housman, G.; Quillen, E. E.; Stone, A. C.",genomics,2020-07-31,2020-12-29,"ObjectiveEpigenetic factors, such as DNA methylation, play an influential role in the development of the degenerative joint disease osteoarthritis (OA). These molecular mechanisms have been heavily studied in humans, and although OA affects several other animals in addition to humans, few efforts have taken an evolutionary perspective. This study explores the evolution of OA epigenetics by assessing the relationship between DNA methylation variation and knee OA development in baboons (Papio spp.) and by comparing these findings to human OA epigenetic associations.

MethodsGenome-wide DNA methylation patterns were identified in bone and cartilage of the right distal femora from 56 pedigreed, adult baboons (28 with and 28 without knee OA) using the Illumina Infinium MethylationEPIC BeadChip.

ResultsSeveral significantly differentially methylated positions (DMPs) and regions (DMRs) were found between tissue types. Substantial OA-related differential methylation was also identified in cartilage, but not in bone, suggesting that cartilage epigenetics may be more influential in OA than bone epigenetics. Additionally, some genes containing OA-related DMPs overlap with and display methylation patterns similar to those previously identified in human OA, revealing a mixture of evolutionarily conserved and divergent OA-related methylation patterns in primates.

ConclusionsOverall, these findings reinforce current etiological perspectives of OA and enhance our evolutionary understanding of epigenetic mechanisms associated with OA. This work further establishes baboons as a valuable nonhuman primate model of OA, and continued investigations in baboons will help to disentangle the molecular mechanisms contributing to OA and their evolutionary histories."
biorxiv,10.1101/2022.05.20.492860,10.1126/science.adg0727,Science,Emergent coexistence in multispecies microbial communities,"Chang, C.-Y.; Bajic, D.; Vila, J. C. C.; Estrela, S.; Sanchez, A.",ecology,2022-05-20,2023-07-20,"Microbial communities are highly diverse, and understanding the factors that promote and modulate this diversity is a major area of research in microbial ecology. Recent work has proposed a reductionist perspective to microbial coexistence, where pairwise coexistence between strains in isolation is required for their coexistence in a more complex community. In this view, species exclusion in pairwise co-culture would preclude their coexistence in a more complex community too. An alternative view is that coexistence is a more complex property of the entire community, requiring the presence of additional community members. If this view were correct, competitive exclusion in pairwise co-culture would not necessarily preclude species coexistence in more complex community contexts. Empirically testing these alternative hypotheses is complicated by the intractably high microbial diversity of most natural communities, and the challenges of reconstituting every pair of coexisting species under the exact same habitat where their community of origin was assembled. To address this challenge, we have experimentally reconstituted all possible pairwise co-cultures between stably coexisting species from 13 different, low-diversity microbial enrichment communities, which had previously been assembled in a well-controlled synthetic habitat. We find that, when isolated from the rest of their community members, most species pairs fail to coexist. This result highlights the importance of community context for microbial coexistence and indicates that pairwise exclusion may not reflect the ability of species to coexist in more complex, multispecies ecosystems."
biorxiv,10.1101/2024.03.25.586607,10.1016/j.ijidoh.2025.100057,IJID One Health,"An outbreak of a pathogenic canine coronavirus type 2 in captive snow leopards (Panthera uncia) in the U.S, with severe gastrointestinal signs","Olarte-Castillo, X. A.; Whittaker, G. A.",microbiology,2024-03-26,2025-03-04,"Coronaviruses are endemic and can cause disease in a wide range of domestic animal and wildlife species. The virus species Alphacoronavirus-1 comprises a set of diverse viruses that are highly recombinogenic, including feline coronavirus type 2 (FCoV-2), which is a recombinant genotype of feline coronavirus type 1 (FCoV-1) and canine coronavirus type 2 (CCoV-2). Co-infection within a host promotes viral recombination; thus, to understand the origin of novel variants, it is crucial to identify hosts that can be infected with multiple alphacoronaviruses. The receptor for FCoV-2 and CCoV-2 is aminopeptidase N (APN), with the APN of the domestic cat (Felis catus) allowing entry of FCoV-2, CCoV-2, and other alphacoronaviruses. As wild felids are genetically closely related to the domestic cat, they may also be susceptible to these alphacoronaviruses. However, to date, natural infection with CCoV-2 has been reported exclusively in canids, not in felids. In this study, we retrospectively investigated a localized outbreak of enteritis in three captive snow leopards (Panthera uncia) at the Bronx Zoo (New York City, U.S.). Whole genome sequencing revealed shedding of CCoV-2 in the feces of the sick leopards. Phylogenetic analyses revealed it is related to highly pathogenic variants of CCoV-2 circulating in the U.S. and Europe. Comparative genetic analyses of the APN gene from five Asian wild felids, including the snow leopard, revealed a high percentage of identity to the APN of the domestic cat (>95.7%). These results emphasize the central role of domestic and wild felids in the emergence of recombinant alphacoronavirus."
medrxiv,10.1101/2023.11.03.23298029,10.1098/rsos.231722,Royal Society Open Science,Modelling hepatitis C infection acquired from blood transfusions in the UK between 1970 and 1991 for the Infected Blood Inquiry,"Hayes, S.; McCabe, R.; De Angelis, D.; Donnelly, C. A.; Evans, S. J.; Medley, G. F.; Spiegelhalter, D. J.; Bird, S. M.",infectious diseases,2023-11-03,2024-06-05,"The Statistics Expert Group was convened at the request of the Infected Blood Inquiry to provide estimates of the number of infections and deaths from bloodborne infections including hepatitis B virus; human immunodeficiency virus; hepatitis C virus and variant Creutzfeldt Jakob disease, as a direct result of contaminated blood and blood products administered in the United Kingdom of Great Britain and Northern Ireland (UK). In the absence of databases of HCV infections and related deaths for all nations of the UK, a statistical model was required to estimate the number of infections and subsequent deaths from HCV acquired from blood transfusions throughout January 1970 - August 1991.

We present this statistical model in detail alongside the results of its application to each of the four nations in the UK. We estimated that 26,800 people (95% uncertainty interval 21,300 - 38,800) throughout the UK were chronically infected with HCV because of contaminated blood transfusions between January 1970 and August 1991. The number of deaths up to the end of 2019 that occurred as a result of this chronic infection is estimated to be 1,820 (95% uncertainty interval 650 - 3,320)."
biorxiv,10.1101/2021.10.20.465116,10.1038/s42003-022-03802-1,Communications Biology,Pavlovian fear conditioning does not readily occur in rats in naturalistic environments,"Zambetti, P. R.; Schuessler, B. P.; Lecamp, B.; Shin, A.; Kim, E. J.; Kim, J.",animal behavior and cognition,2021-10-21,2022-08-18,"Pavlovian fear conditioning, which offers the advantage of simplicity in both the control of conditioned and unconditioned stimuli (CS, US) presentation and the analysis of specific conditioned and unconditioned responses (CR, UR) in a controlled laboratory setting, has been the standard model in basic and translational fear research. Despite 100 years of experiments, the utility of fear conditioning has not been trans-situationally validated in real-life contexts. We thus investigated whether fear conditioning readily occurs and guides the animals future behavior in an ecologically-relevant environment. To do so, Long-Evans rats foraging for food in an open arena were presented with a tone CS paired with electric shock US to their dorsal neck/body that instinctively elicited escape UR to the safe nest. On subsequent test days, the tone-shock paired animals failed to exhibit fear CR to the CS. In contrast, animals that encountered a realistic agent of danger (a looming artificial owl) paired with a shock, simulating a realistic predatory strike, instantly fled to the nest when presented with a tone for the first time. These results illustrate the survival function and precedence of a nonassociative process, rather than associative conditioning, in life-threatening situations that animals are likely to encounter in nature."
biorxiv,10.1101/637603,10.3390/vision3040053,Vision,Decoding images in the mind’s eye: The temporal dynamics of visual imagery,"Shatek, S. M.; Grootswagers, T.; Robinson, A. K.; Carlson, T. A.",neuroscience,2019-05-17,2019-10-21,"Mental imagery is the ability to generate images in the mind in the absence of sensory input. Both perceptual visual processing and internally generated imagery engage large, overlapping networks of brain regions. However, it is unclear whether they are characterized by similar temporal dynamics. Recent magnetoencephalography work has shown that object category information was decodable from brain activity during mental imagery, but the timing was delayed relative to perception. The current study builds on these findings, using electroencephalography to investigate the dynamics of mental imagery. Sixteen participants viewed two images of the Sydney Harbour Bridge and two images of Santa Claus. On each trial, they viewed a sequence of the four images and were asked to imagine one of them, which was cued retroactively by its temporal location in the sequence. Time-resolved multivariate pattern analysis was used to decode the viewed and imagined stimuli. Our results indicate that the dynamics of imagery processes are more variable across, and within, participants compared to perception of physical stimuli. Although category and exemplar information was decodable for viewed stimuli, there were no informative patterns of activity during mental imagery. The current findings suggest stimulus complexity, task design and individual differences may influence the ability to successfully decode imagined images. We discuss the implications of these results for our understanding of the neural processes underlying mental imagery."
biorxiv,10.1101/2024.09.11.612577,10.1038/s41380-025-03152-4,Molecular Psychiatry,Pathogenic microbiota disrupts the intact structure of cerebral organoids by altering energy metabolism,"Isik, M.; Eylem, C. C.; Erdogan-Gover, K.; Aytar-Celik, P.; Enuh, B. M.; Emregul, E.; Cabuk, A.; Yildirim, Y.; Nemutlu, E.; Muotri, A. R.; Derkus, B.",neuroscience,2024-09-14,2025-08-18,"This study investigated the impact of different bacterial populations on the biomolecular structures of cerebral organoids (COs) at various levels. COs were co-cultured with non-pathogenic (NM) and pathogenic (PM) bacterial populations. PM reduced the number of TUJ1+ neurons and disrupted the intact structure of COs. In addition, PM was found to induce changes in the transcript profile of COs, including a decrease in the activity of the glycolysis pathway and an increase in the pentose phosphate pathway, leading to deterioration in cellular energy metabolism, which is linked to neurodegenerative diseases. Proteomic analysis revealed a unique cluster of proteins in COs. PM exposure upregulated proteins related to neurological diseases, consistent with RNA-seq data. Communication between bacteria and neural cells was demonstrated using 18O-stable isotope labeling (SIL)-based metabolic flux analysis. COs showed higher 18O-enrichment of TCA cycle intermediates when co-cultured with NM and PM, indicating increased oxidative phosphorylation activity upon exposure to bacteria. This study provides a useful platform to monitor metabolic signals and communication between microbiotas and human brain cells. The findings suggest that pathogenic bacteria release metabolites that alter biomolecular structures in brain organoids, potentially contributing to neurodegenerative diseases."
biorxiv,10.1101/632141,10.1186/s12864-021-07508-2,BMC Genomics,Comparing low-pass sequencing and genotyping for trait mapping in pharmacogenetics,"Wasik, K.; Berisa, T.; Pickrell, J. K.; Li, J. H.; Fraser, D. J.; King, K.; Cox, C.",genetics,2019-05-08,2021-03-20,"Low pass sequencing has been proposed as a cost-effective alternative to genotyping arrays to identify genetic variants that influence multifactorial traits in humans. For common diseases this typically has required both large sample sizes and comprehensive variant discovery. Genotyping arrays are also routinely used to perform pharmacogenetic (PGx) experiments where sample sizes are likely to be significantly smaller, but clinically relevant effect sizes likely to be larger. To assess how low pass sequencing would compare to array based genotyping for PGx we compared a low-pass assay (in which 1x coverage or less of a target genome is sequenced) along with software for genotype imputation to standard approaches. We sequenced 79 individuals to 1x genome coverage and genotyped the same samples on the Affymetrix Axiom Biobank Precision Medicine Research Array (PMRA). We then down-sampled the sequencing data to 0.8x, 0.6x, and 0.4x coverage, and performed imputation. Both the genotype data and the sequencing data were further used to impute human leukocyte antigen (HLA) genotypes for all samples. We compared the sequencing data and the genotyping array data in terms of four metrics: overall concordance, concordance at single nucleotide polymorphisms in pharmacogenetics-related genes, concordance in imputed HLA genotypes, and imputation r2. Overall concordance between the two assays ranged from 98.2% (for 0.4x coverage sequencing) to 99.2% (for 1x coverage sequencing), with qualitatively similar numbers for the subsets of variants most important in pharmacogenetics. At common single nucleotide polymorphisms (SNPs), the mean imputation r2 from the genotyping array was 90%, which was comparable to the imputation r2 from 0.4x coverage sequencing, while the mean imputation r2 from 1x sequencing data was 96%. These results indicate that low-pass sequencing to a depth above 0.4x coverage attains higher power for trait mapping when compared to the PMRA."
biorxiv,10.1101/2023.10.09.561488,10.1016/j.jsb.2024.108139,Journal of Structural Biology,Optical ice thickness measurement in the VitroJet for time-efficient single particle structure determination,"Henderikx, R. J. M.; Shahzad, S.; Schotman, M. J. G.; Mann, D.; Heidler, T. V.; Leahy, E.; Ashtiani, D.; Jeurissen, R. J. M.; Peters, P. J.; Sachse, C.; Beulen, B. W. A. M. M.",molecular biology,2023-10-09,2024-10-20,"Embedding biomolecules in vitreous ice of optimal thickness is critical for structure determination by cryo-electron microscopy. Ice thickness assessment and selection of suitable holes for data collection are currently part of time-consuming preparatory routines performed on expensive electron microscopes. To address this challenge, a routine has been developed to measure ice thickness during sample preparation using an optical camera integrated in the VitroJet. This method allows to estimate the ice thickness with an error below {+/-} 20 nm for ice layers in the range of 0 - 70 nm. Additionally, we implemented pin printing to reproduce and control sample deposition in the VitroJet. The median ice thickness can be reproduced with a standard deviation below {+/-} 11 nm for thicknesses up to 75 nm. Therefore, the ice thickness of buffer-suspended holes on an EM grid can be tuned and measured within the working range relevant for single particle cryo-EM. Single particle structures of apoferritin were determined at two distinct thicknesses of 30 nm and 70 nm. These reconstructions demonstrate the importance of ice thickness for time-efficient cryo-EM structure determination.

HighlightsO_LIMethods in the VitroJet allow for on-the-fly ice thickness tuning and measurement
C_LIO_LIThe optical camera can estimate ice thickness ranging from 0 - 70 {+/-} 20 nm
C_LIO_LIPin printing enables to reproduce and control median ice thickness up to 75 {+/-} 11 nm
C_LIO_LIStructures of apoferritin require 3.7 x fewer particles in 30 compared to 70 nm ice
C_LI"
biorxiv,10.1101/2024.08.29.609024,10.7554/elife.101630,eLife,MorphoCellSorter: An Andrews plot-based sorting approach to rank microglia according to their morphological features,"Benkeder, S.; Dinh, S.-M.; Marchal, P.; De Gea, P.; Thoby-Brisson, M.; Hubert, V.; Hristovska, I.; Pitollat, G.; Combet, K.; Cardoit, L.; Pillot, B.; Leon, C.; Wiart, M.; Marthy, S.; Honnorat, J.; Pascual, O.; Comte, J.-C.",neuroscience,2024-08-31,2025-05-19,"Microglia exhibit diverse morphologies reflecting environmental conditions, maturity or functional states. Thus, morphological characterization provides important information to understand microglial roles and functions. Most recent morphological analysis relies on classifying cells based on morphological parameters. However, this classification may lack biological relevance, as microglial morphologies represent a continuum rather than distinct, separate groups, and do not correspond to mathematically defined, clusters irrelevant of microglial cells function. Instead, we propose a new open-source tool, MorphoCellSorter, which assesses microglial morphology by automatically computing morphological criteria, using principal component analysis and Andrews plots to rank cells. MorphoCellSorter properly ranked cells from various microglia datasets in mice and rats of different age, from in vivo, in vitro and ex vivo models, that were acquired using diverse imaging techniques. This approach allowed for the discrimination of cell populations in various pathophysiological conditions. Finally, MorphoCellSorter offers a versatile, easy and ready-to-use method to evaluate microglial morphological diversity that could easily be generalized to standardize practices across laboratories."
medrxiv,10.1101/2021.10.18.21265169,10.26502/jbb.2642-91280055,Journal of Biotechnology and Biomedicine,"Elevated antibody titers in Abdala vaccinees evaluated by Elecsys(R) anti-SARS-CoV-2 S highly correlate with UMELISA SARS-CoV-2 ANTI RBD, ACE-2 binding inhibition and viral neutralization assays.","Lemos-Perez, G.; Chavez-Valdes, S.; Gonzalez-Formental, H.; Freyre-Corrales, G.; Vazquez-Arteaga, A.; Alvarez-Acevedo, B.; Avila-Diaz, L.; Martinez-Rosales, R. U.; Chacon-Quintero, Y.; Coizeau-Rodriguez, E.; Palenzuela-Diaz, A.; Noa-Romero, E.; Guillen, G.",infectious diseases,2021-10-19,2022-09-04,"SARS-CoV-2, a recently emerged coronavirus, is causing high morbidity and mortality worldwide since December 2019, posing an enormous health, social and economic problem. Obtaining effective treatments that can diminish deaths and sequelae and vaccines to slow or prevent viral transmission, and reduce disease severity and/or death are of utmost importance. Abdala is a Cuban vaccine based on the recombinant RBD subunit of the spike protein expressed in Pichia pastoris yeast. It demonstrated high efficacy (92.28 %) in phase III clinical trials for reducing transmission, and more than 90% effectiveness in reducing disease severity and mortality. Antibody titers were evaluated in 42 Abdala vaccinees using the Elecsys(R) Anti-SARS-CoV-2 S test. Fifteen days after immunization, sera from vaccinees showed high antibody titers (median of 1595 U/mL). The results obtained in this study also demonstrate correlation between the Cuban test UMELISA SARS-CoV-2 ANTI RBD used during the clinical trials and Elecsys(R) test results.

HighlightsO_LIFifteen days after immunization with the Cuban Abdala vaccine, sera from vaccinees showed high antibody titers (median of 1595 U/mL).
C_LIO_LIThere was high correlation between the Cuban test UMELISA SARS-CoV-2 ANTI RBD used during the vaccine clinical trials and Roches Elecsys(R) test results.
C_LIO_LIAbdala vaccinees reached antibody titers by the Elecsys(R) Anti-SARS-CoV-2 S test comparable to those of Pfizer/BionTech vaccine using the same test.
C_LI"
biorxiv,10.1101/2020.06.03.131490,10.1016/j.neuro.2020.11.001,NeuroToxicology,C. elegans pharyngeal pumping provides a whole organism bio-assay to investigate anti-cholinesterase intoxication and antidotes,"G. Izquierdo, P.; O'Connor, V.; Green, C.; Holden-Dye, L.; Tattersall, J.",pharmacology and toxicology,2020-06-04,2020-11-08,"Inhibition of acetylcholinesterase by either organophosphates or carbamates causes anti-cholinesterase poisoning. This arises through a wide range of neurotoxic effects triggered by the overstimulation of the cholinergic receptors at synapses and neuromuscular junctions. Without intervention, this poisoning can lead to profound toxic effects, including death, and the incomplete efficacy of the current treatments, particularly for oxime-insensitive agents, provokes the need to find better antidotes. Here we show how the non-parasitic nematode Caenorhabditis elegans offers an excellent tool for investigating the acetylcholinesterase intoxication. The C. elegans neuromuscular junctions show a high degree of molecular and functional conservation with the cholinergic transmission that operates in the autonomic, central and neuromuscular synapses in mammals. In fact, the anti-cholinesterase intoxication of the worm’s body wall neuromuscular junction has been unprecedented in understanding molecular determinants of cholinergic function in nematodes and other organisms. We extend the use of the model organism’s feeding behaviour as a tool to investigate carbamate and organophosphate mode of action. We show that inhibition of the cholinergic-dependent rhythmic pumping of the pharyngeal muscle correlates with the inhibition of the acetylcholinesterase activity caused by aldicarb, paraoxons and DFP exposure. Further, this bio-assay allows one to address oxime dependent reversal of cholinesterase inhibition in the context of whole organism recovery. Interestingly, the recovery of the pharyngeal function after such anti-cholinesterase poisoning represents a sensitive and easily quantifiable phenotype that is indicative of the spontaneous recovery or irreversible modification of the worm acetylcholinesterase after inhibition. These observations highlight the pharynx of C. elegans as a new tractable approach to explore anti-cholinesterase intoxication and recovery with the potential to resolve critical genetic determinants of these neurotoxins’ mode of action.Competing Interest StatementThe authors have declared no competing interest.View Full Text"
biorxiv,10.1101/2023.01.05.522905,10.1002/hbm.26515,Human Brain Mapping,Neurovascular reactivity increases across development in the visual and frontal pole networks as revealed by a breath-holding task: a longitudinal fMRI study,"Chen, D. Y.; Di, X.; Biswal, B.",neuroscience,2023-01-05,2024-01-06,"Functional magnetic resonance imaging (fMRI) has been widely used to understand the neurodevelopmental changes that occur in cognition and behavior across childhood. The blood-oxygen-level-dependent (BOLD) signal obtained from fMRI is understood to be comprised of both neuronal and vascular information. However, it is unclear whether the vascular response is altered across age in studies investigating development in children. Since the breath-hold task is commonly used to understand cerebrovascular reactivity in fMRI studies, it can be used to account for developmental differences in vascular response. This study examines how the cerebrovascular response changes over age in a longitudinal childrens breath-hold dataset from the Nathan Kline Institute (NKI) Rockland Sample (ages 6 to 18 years old at enrollment). A general linear model (GLM) approach was applied to derive cerebrovascular reactivity from breath-hold data. To model both the longitudinal and cross-sectional effects of age on breath-hold response, we used mixed effects modeling with the following terms: linear, quadratic, logarithmic, and quadratic-logarithmic, to find the best-fitting model. We observed increased breath-hold BOLD signal in multiple networks across age, in which linear and logarithmic mixed effects models provided the best fit with the lowest Akaike Information Criterion (AIC) scores. This shows that the cerebrovascular response increases across development in a brain network-specific manner. Therefore, fMRI studies investigating the developmental period should account for cerebrovascular changes which occur with age."
biorxiv,10.1101/2024.04.18.590153,10.1152/jn.00200.2025,Journal of Neurophysiology,Flexible integration of natural stimuli by auditory cortical neurons,"Ang, G. W. Y.; Clopath, C.; Kozlov, A. S.",neuroscience,2024-04-22,2026-04-21,"Neurons have rich input-output functions for processing and combining their inputs. Although many experiments characterize these functions by directly activating synaptic inputs on dendrites in vitro, the integration of spatiotemporal inputs representing real-world stimuli is less well studied. Using ethologically relevant stimuli, we study neuronal integration in relation to Boolean AND and OR operations thought to be important for pattern recognition. We recorded single-unit responses in the mouse auditory cortex to pairs of ultrasonic mouse vocalization (USV) syllables. We observed a range of integration responses, spanning the sublinear to supralinear regimes, with many responses resembling the MAX-like function, an instantiation of the OR operation. Integration was more MAX-like for strongly activating features, and more AND-like for spectrally distinct inputs. Importantly, single neurons could implement more than one integration function, in contrast to artificial networks which typically fix activation functions across all units and inputs. To understand the mechanism underlying the flexibility and heterogeneity in neuronal integration, we modelled how dendritic properties could influence the integration of inputs with complex spectrotemporal structure. Our results link nonlinear integration in dendrites to single-neuron computations for pattern recognition.

Significance statementSensory neurons compute over their inputs, combining them in ways to achieve selectivity and invariance for pattern recognition. Using real-world stimuli, we show that single cortical neurons are flexible, being capable of implementing more than one computation, unlike artificial neural-network units with fixed activation functions. We investigate this flexibility by modeling how synaptic activation patterns of real-world stimuli affect dendritic integration and the resultant neuronal computation. Our work bridges the gap between biophysical mechanisms and computation, linking neuronal input integration to pattern recognition."
biorxiv,10.1101/2022.01.13.476243,10.1371/journal.pone.0263145,PLOS ONE,Detailed measurements and simulations of electric field distribution of two TMS coils cleared for obsessive compulsive disorder in the brain and in specific regions associated with OCD,"Tzirini, M.; Roth, Y.; Harmelech, T.; Zibman, S.; Pell, G. S.; Kimiskidis, V. K.; Tendler, A.; Zangen, A.; Samaras, T.",neuroscience,2022-01-13,2022-08-30,"The FDA cleared deep transcranial magnetic stimulation (Deep TMS) with the H7 coil for obsessive-compulsive disorder (OCD) treatment, following a double-blinded placebo-controlled multicenter trial. Two years later the FDA cleared TMS with the D-B80 coil on the basis of substantial equivalence. In order to investigate the induced electric field characteristics of the two coils, these were placed at the treatment position for OCD over the prefrontal cortex of a head phantom, and the field distribution was measured. Additionally, numerical simulations were performed in eight Population Head Model repository models with two sets of conductivity values and three Virtual Population anatomical head models and their homogeneous versions. The H7 was found to induce significantly higher maximal electric fields (p<0.0001, t=11.08) and to stimulate two to five times larger volumes in the brain (p<0.0001, t=6.71). The rate of decay of electric field with distance is significantly slower for the H7 coil (p < 0.0001, Wilcoxon matched-pairs test). The field at the scalp is 306% of the field at a 3 cm depth with the D-B80, and 155% with the H7 coil. The H7 induces significantly higher intensities in broader volumes within the brain and in specific brain regions known to be implicated in OCD (dorsal anterior cingulate cortex (dACC), dorsolateral prefrontal cortex (dlPFC), inferior frontal gyrus (IFG), orbitofrontal cortex (OFC) and pre-supplementary motor area (pre-SMA)) compared to the D-B80. Significant field [&ge;] 80 V/m is induced by the H7 (D-B80) in 15% (1%) of the dACC, 78% (29%) of the pre-SMA, 50% (20%) of the dlPFC, 30% (12%) of the OFC and 15% (1%) of the IFG. Considering the substantial differences between the two coils, the clinical efficacy in OCD should be tested and verified separately for each coil."
biorxiv,10.1101/2021.06.14.448374,10.1371/journal.pcbi.1009470,PLOS Computational Biology,Comprehensive analysis of lectin-glycan interactions reveals determinants of lectin specificity,"Mattox, D. E.; Bailey-Kellogg, C.",bioinformatics,2021-06-15,2021-10-06,"Lectin-glycan interactions facilitate inter- and intracellular communication in many processes including protein trafficking, host-pathogen recognition, and tumorigenesis promotion. Specific recognition of glycans by lectins is also the basis for a wide range of applications in areas including glycobiology research, cancer screening, and antiviral therapeutics. To provide a better understanding of the determinants of lectin-glycan interaction specificity and support such applications, this study comprehensively investigates specificity-conferring features of all available lectin-glycan complex structures. Systematic characterization, comparison, and predictive modeling of a set of 221 complementary physicochemical and geometric features representing these interactions highlighted specificity-conferring features with potential mechanistic insight. Univariable comparative analyses with weighted Wilcoxon-Mann-Whitney tests revealed strong statistical associations between binding site features and specificity that are conserved across unrelated lectin binding sites. Multivariable modeling with random forests demonstrated the utility of these features for predicting the identity of bound glycans based on generalized patterns learned from non-homologous lectins. These analyses revealed global determinants of lectin specificity, such as sialic acid glycan recognition in deep, concave binding sites enriched for positively charged residues, in contrast to high mannose glycan recognition in fairly shallow but well-defined pockets enriched for non-polar residues. Focused analysis of hemagglutinin interactions with human-like and avian-like glycans uncovered features representing both known and novel mutations related to shifts in influenza tropism from avian to human tissues. The presented systematic characterization of lectin binding sites provides a novel approach to studying lectin specificity and is a step towards confidently predicting new lectin-glycan interactions.

AUTHOR SUMMARYGlycans are sugar molecules found attached to many proteins and coating the outsides of cells from most organisms. Specific recognition of glycans by proteins called lectins facilitates many biological processes, for example enabling influenza to gain access to cells, helping the immune system recognize pathogens, and sorting newly built proteins for transport to appropriate cellular regions. Understanding what makes a particular lectin consider a particular glycan ""sweeter"" than the vast set of other glycans can help us better understand these processes and how to monitor and control them. To that end, we systematically characterized the sites on lectin structures where glycans are bound, breaking down molecular structures into a comprehensive set of biochemical and geometric features summarizing the sites. This enabled us to discover statistical relationships between binding site features and the glycans recognized by the sites, and further to be able to predict, from a lectin structure, which glycans it recognizes. For the first time, we are able to demonstrate that there are general features of lectin binding sites correlated with and predictive of their specificities, even in unrelated lectins. Ultimately, these findings can help us discover and engineer new lectins for use in research, diagnostics, or even therapeutics."
biorxiv,10.1101/831404,10.1126/sciadv.aba5031,Science Advances,Immune checkpoint proteins are conserved across 160 million years of evolution and are expressed on transmissible cancers,"Flies, A. S.; Darby, J. M.; Lennard, P. R.; Murphy, P. R.; Ong, C. E. B.; Pinfold, T. L.; Lyons, A. B.; Woods, G. M.; Patchett, A. L.",immunology,2019-11-07,2020-07-01,"Immune checkpoint immunotherapy has revolutionized medicine, but translational success for new treatments remains low. Around 40% of humans and Tasmanian devils (Sarcophilus harrisii) develop cancer in their lifetime, compared to less than 10% for most species. Additionally, devils are affected by two of the three known transmissible cancers in mammals. Unfortunately, little is known about of immune checkpoints in devils and other non-model species, largely due to a lack of species-specific reagents. We developed a simple cut-and-paste reagent development method applicable to any vertebrate species and show that immune checkpoint interactions are conserved across 160 million years of evolution. The inhibitory checkpoint molecule CD200 is highly expressed on devil facial tumor cells. We are the first to demonstrate that co-expression of CD200R1 can block CD200 expression. The evolutionarily conserved pathways suggest that naturally occurring cancers in devils and other species can serve as models for understanding cancer and immunological tolerance.

GRAPHICAL ABSTRACT

O_FIG O_LINKSMALLFIG WIDTH=200 HEIGHT=200 SRC=""FIGDIR/small/831404v3_ufig1.gif"" ALT=""Figure 1"">
View larger version (108K):
org.highwire.dtl.DTLVardef@14ff10eorg.highwire.dtl.DTLVardef@15acfd4org.highwire.dtl.DTLVardef@102a37dorg.highwire.dtl.DTLVardef@3b726c_HPS_FORMAT_FIGEXP  M_FIG C_FIG"
biorxiv,10.1101/2021.07.05.451211,10.1073/pnas.2110610118,Proceedings of the National Academy of Sciences,D-cysteine is an endogenous regulator of neural progenitor cell dynamics in the mammalian brain,"Semenza, E. R.; Harraz, M. M.; Abramson, E.; Malla, A. P.; Vasavda, C.; Gadalla, M. M.; Kornberg, M. D.; Snyder, S. H.; Roychaudhuri, R.",neuroscience,2021-07-06,2021-09-23,"D-amino acids are increasingly recognized as important signaling molecules in the mammalian central nervous system. However, the D-stereoisomer of the amino acid with the fastest in vitro spontaneous racemization rate, cysteine, has not been examined in mammals. Using chiral high-performance liquid chromatography and an stereospecific luciferase assay, we identify endogenous D-cysteine in the mammalian brain. We identify serine racemase (SR), which generates the NMDA glutamate receptor co-agonist D-serine, as a candidate biosynthetic enzyme for D-cysteine. Levels of D-cysteine are enriched over twentyfold in the embryonic mouse brain compared to the adult. D-cysteine reduces the proliferation of cultured mouse embryonic neural progenitor cells (NPCs) by approximately 50%, effects not shared with D-serine or L-cysteine. The antiproliferative effect of D-cysteine is mediated by the transcription factors FoxO1 and FoxO3a. The selective influence of D-cysteine on NPC proliferation is reflected in overgrowth and aberrant lamination of the cerebral cortex in neonatal SR knockout mice. Finally, we perform an unbiased screen for D-cysteine-binding proteins in NPCs by immunoprecipitation with a D-cysteine-specific antibody followed by mass spectrometry. This approach identifies myristoylated alanine-rich C-kinase substrate (MARCKS) as a putative D-cysteine-binding protein. Together, these results establish endogenous mammalian D-cysteine and implicate it as a physiologic regulator of NPC homeostasis in the developing brain."
biorxiv,10.1101/2025.08.15.670555,10.1021/acs.analchem.5c05052,Analytical Chemistry,Single-Cell Super-Resolution Quantification of Oxidative DNA Damage via Aptamer-Assisted DNA-PAINT,"Zhao, J.; Zhang, L.-S.; Liu, Y.; Jiang, S.; Xiang, L.",biochemistry,2025-08-16,2025-11-18,"Accurately quantifying oxidative DNA damage at the single-cell level remains a major challenge due to the limitations of conventional ensemble-based assays, which obscure cell-to-cell variability and lack molecular specificity. To address this, we developed a super-resolution imaging strategy that combines an 8-oxo-dG-specific DNA aptamer with DNA-PAINT, enabling quantitative visualization of 8-oxo-dG lesions with [~]22 nm spatial resolution in individual cells. Our approach reliably detects 8-oxo-dG clusters, distinguishes oxidative damage levels across cells, and exhibits superior specificity and labeling efficiency compared to antibody-based methods. Furthermore, it enables direct evaluation of the repair efficiency of hOGG1 and its catalytic mutants at the single-cell level, overcoming the confounding effects of variable transfection efficiency. This method also serves as a platform for assessing the effects of pharmacological modulators and antioxidants on DNA repair. Looking forward, this strategy can be extended to map other small molecular targets, such as epigenetically modified DNA or RNA bases, with single-cell precision."
medrxiv,10.1101/2025.10.20.25338405,10.1371/journal.pone.0346569,PLOS One,Association between hypertension and impaired lung function among adults: A systematic review and meta-analysis,"Lekamge, D.; Kasturiratne, A.; Mridha, M. K.; Chambers, J.",public and global health,2025-10-22,2026-04-10,"BackgroundImpaired lung function and hypertension are both significant global public health concerns, and their potential association has recently drawn considerable interest. This systematic review and meta-analysis aim to investigate the association between impaired lung function and hypertension, and vice versa.

MethodsWe searched CINAHL (EBSCOhost), MEDLINE (PubMed), Scopus and Web of Science up to 22144 July 2025 for observational studies involving adults ([&ge;] 18 years) reporting hypertension and impaired lung function. Grey literature was also searched, and data extraction was verified independently. The review was registered with PROSPERO (CRD42023427631). Random effects models estimated pooled ORs with 95% CIs. Subgroup analysis and meta-regression were performed to identify potential sources of heterogeneity. Quality assessment was conducted using Newcastle-Ottawa Scale and JBI checklist and publication bias were appraised.

ResultsThis systematic review included 28 articles, of which 26 articles were selected for the meta-analysis. Of these, 17 studies (n=134823) examined impaired lung function as the exposure, while 9 studies (n=12522) investigated hypertension as the exposure. Our findings revealed that the pooled unadjusted effect of lung function impairment on hypertension was 1.70 (95% CI: [1.53-1.88]), while the pooled adjusted effect was lower at 1.40 (95% CI: [1.31-1.49]). In contrast, the pooled unadjusted effect of hypertension on lung impairment was 3.00 (95% CI: [1.86 - 4.82]), but the pooled adjusted effect decreased to 1.94 (95% CI: [1.51 - 2.50]). The findings indicate obstructive, restrictive and mixed lung function impairments are significantly associated with hypertension. Restrictive lung impairment consistently shows a stronger association with hypertension compared to obstructive impairment when impaired lung function is the exposure.

ConclusionThis study concludes that there is a significant positive relationship between impaired lung function and hypertension, with temporal evidence supporting a causal pathway from impaired lung function to hypertension, though the reverse causal direction lacks such evidence."
biorxiv,10.1101/249656,10.3389/fphys.2020.00822,Frontiers in Physiology,Stochastic methods for inferring states of cell migration,"Allen, R. J.; Welch, C.; Pankow, N.; Hahn, K.; Elston, T. C.",cell biology,2018-01-17,2020-07-10,"Cell migration refers to the ability of cells to translocate across a substrate or through a matrix. To achieve net movement requires spatiotemporal regulation of the actin cytoskeleton. Computational approaches are neceary to identify and quantify the regulatory mechanisms that generate directed cell movement. To address this need, we developed computational tools, based on stochastic modeling, to analyze time series data for the position of randomly migrating cells. Our approach allows parameters that characterize cell movement to be efficiently estimated from time series data. We applied our methods to analyze the random migration of Mouse Embryonic Fibroblasts (MEFS). Our analysis revealed that these cells exist in two distinct states of migration characterized by differences in cell speed and persistence. Further analysis revealed that the Rho-family GTPase RhoG plays a role in establishing these two states. An important feature of our computational approach is that it provides a method for predicting the current migration state of an individual cell from time series data. Using this feature, we demonstrate that HeLa cells also exhibit two states of migration, and that these states correlate with differences in the spatial distribution of active Rac1."
biorxiv,10.1101/2023.06.01.543245,10.1016/j.jclepro.2023.138153,Journal of Cleaner Production,Environmental life cycle assessment of recombinant growth factor production for cultivated meat applications,"Trinidad, K. R.; Ashizawa, R.; Nikkhah, A.; Semper, C.; Casolaro, C.; Kaplan, D.; Savchenko, A.; Tichenor-Blackstone, N.",ecology,2023-06-05,2023-07-23,"Growth factors are critical components of current serum-supplemented and serum-free media formulations for cultivated meat production. However, growth factors have been excluded, estimated using proxies, or modeled using proprietary data in existing environmental assessments of cultivated meat products. Cell culture media has been identified as a hotspot in such studies, therefore it is important to accurately quantify the environmental impacts of growth factor supplementation. To address this gap, this study applied life cycle assessment (LCA) methodology to comparatively assess the environmental impacts of recombinant growth factor production for cultivated meat applications. Life cycle inventories were developed for four recombinant growth factors (IGF-1, FGF, TGF-{beta}, and PDGF) produced using a novel bench- scale process. The functional unit of the product output was selected as 1 mg of produced growth factor. The results indicate that recombinant growth factors can have significant environmental impacts within cultivated meat systems, despite being used in very small quantities. For example, the global warming potential of production of 1 mg of IGF-1, FGF, TGF-{beta}, and PDGF was estimated to be 0.1, 0.04, 0.2 and 0.2 kg CO2 eq, respectively. Future research should explore the sustainability of producing these growth factors at scale to meet the needs of the expanding cultivated meat industry or identifying alternatives to these growth factors that have a lower impact on the environment.

Nomenclature

O_TBL View this table:
org.highwire.dtl.DTLVardef@1f0c19org.highwire.dtl.DTLVardef@534179org.highwire.dtl.DTLVardef@1ef86b1org.highwire.dtl.DTLVardef@73fd9eorg.highwire.dtl.DTLVardef@10fb642_HPS_FORMAT_FIGEXP  M_TBL C_TBL"
biorxiv,10.1101/801175,10.1016/j.meegid.2020.104305,"Infection, Genetics and Evolution",Novel metabarcoded DNA sequencing tool for the detection of Plasmodium species in malaria positive patients,"Wahab, A.; Shaukat, A.; Ali, Q.; Hussain, M.; Khan, T. A.; Khan, M. A. U.; Rashid, I.; Saleem, M. A.; Evans, M.; Sargison, N.; Chaudhry, U.",genetics,2019-10-10,2020-04-02,"Various PCR based methods have been described for the diagnosis of malaria, but most depend on the use of Plasmodium species-specific probes and primers; hence only the tested species are identified and there is limited available data on the true circulating species diversity. Sensitive diagnostic tools and platforms for their use are needed to detect Plasmodium species in both clinical cases and asymptomatic infections that contribute to disease transmission. We have been recently developed for the first time a novel high throughput  haemoprotobiome metabarcoded DNA sequencing method and applied it for the quantification of haemoprotozoan parasites (Theleria and Babesia) of livestock. Here, we describe a novel, high throughput method using an Illumina MiSeq platform to demonstrate the proportions of Plasmodium species in metabarcoded DNA samples derived from human malaria patients. Plasmodium falciparum and Plasmodium vivax positive control gDNA was used to prepare mock DNA pools of parasites to evaluate the detection threshold of the assay for each of the two species and to assess the accuracy of proportional quantification. We then applied the assay to malaria-positive human samples to show the species composition of Plasmodium communities in the Punjab province of Pakistan and in the Afghanistan-Pakistan tribal areas. The diagnostic performance of the deep amplicon sequencing method was compared to an immunochromatographic assay that is widely used in the region. Metabarcoded DNA sequencing showed better diagnostic performance, greatly increasing the estimated prevalence of Plasmodium infection. The next-generation sequencing method using metabarcoded DNA has potential applications in the diagnosis, surveillance, treatment, and control of Plasmodium infections, as well as to study the parasite biology."
medrxiv,10.1101/2021.06.21.21258931,10.2196/32902,JMIRx Med,"Effects of pharmacogenomic (PGx) testing on clinical pain management prescriptions, a retrospective study.","Tagwerker, C.; Carias-Marines, M. J.; Smith, D. J.",pharmacology and therapeutics,2021-06-28,2022-05-03,"Current deficits in effectively utilizing PGx testing in clinical practice include limited awareness and training of healthcare professionals, routine ordering of assays investigating up to 5 genes and lack of concise reporting of dosing guidelines and drug-drug-interactions. A novel deep sequencing (>1000X) PGx panel is described encompassing 23 genes and 141 SNPs or indels combined with PGx dosing guidance, drug-gene-interaction (DGI) and drug-drug-interaction (DDI) reporting to prevent adverse drug reaction events. During a 2-year period, patients (n = 171) were monitored in a pain management clinic. Urine toxicology, PGx reports, and progress notes were studied retrospectively for changes in prescription regimens before and after the PGx report was made available to the provider.

Among patient PGx reports with medication lists provided (n = 146) 57.5% showed one or more moderate and 5.5% at least one serious pharmacogenetic interaction. 66% of patients showed at least one moderate and 15% one or more serious drug-gene or drug-drug-interaction. A significant number of active changes in prescriptions based on the PGx reports provided was observed for 85 patients (83%) for which a specific drug was either discontinued, switched within the defined drug classes of the report or a new drug added.

Preventative action was observed for all serious interactions and only moderate interactions were tolerated for lack of other alternatives. This study demonstrates a successful implementation of PGx testing utilizing an extended PGx panel combined with a customized, informational report to help improve clinical outcomes."
biorxiv,10.1101/2021.04.26.441431,10.1111/mec.16256,Molecular Ecology,Refining the genomic location of SNP variation affecting Atlantic salmon maturation timing at a key large-effect locus,"Sinclair-Waters, M.; Piavchenko, N.; Ruokolainen, A.; Aykanat, T.; Erkinaro, J.; Primmer, C. R.",genetics,2021-04-26,2021-11-12,"Efforts to understand the genetic underpinnings of phenotypic variation are becoming more and more frequent in molecular ecology. Such efforts often lead to the identification of candidate regions showing signals of association and/or selection. These regions may contain multiple genes and therefore validation of which genes are actually responsible for the signal is required. In Atlantic salmon (Salmo salar), a large-effect locus for maturation timing, an ecologically important trait, occurs in a genomic region including two genes, vgll3 and akap11, but data for clearly determining which of the genes (or both) contribute to the association have been lacking. Here, we take advantage of natural recombination events detected between the two candidate genes in a salmon broodstock to reduce linkage disequilibrium at the locus, and thus enabling delineation of the influence of variation at these two genes on maturation timing. By rearing 5895 males to maturation age, of which 81% had recombinant vgll3/akap11 allelic combinations, we found that vgll3 SNP variation was strongly associated with maturation timing, whereas there was little or no association between akap11 SNP variation and maturation timing. These findings provide strong evidence supporting vgll3 as the primary candidate gene in the chromosome 25 locus for influencing maturation timing. This will help guide future research for understanding the genetic processes controlling maturation timing. This also exemplifies the utility of natural recombinants to more precisely map causal variation underlying ecologically important phenotypic diversity."
biorxiv,10.1101/2022.10.26.513923,10.1016/j.heares.2023.108915,Hearing Research,Distinguishing sensitivity to direction and velocity of fast frequency chirps from periodicity tuning in the inferior colliculus,"Mitchell, P. W.; Carney, L. H.",neuroscience,2022-10-27,2023-11-16,"Neurons in the mammalian inferior colliculus (IC) are sensitive to the velocity (speed and direction) of fast frequency chirps contained in Schroeder-phase harmonic complexes (SCHR). However, IC neurons are also sensitive to stimulus periodicity, a prominent feature of SCHR stimuli. Here, to disentangle velocity sensitivity from periodicity tuning, we introduced a novel stimulus consisting of aperiodic random chirps. Extracellular, single-unit recordings were made in the IC of Dutch-belted rabbits in response to both SCHR and aperiodic chirps. Rate-velocity functions were constructed from aperiodic-chirp responses and compared to SCHR rate profiles, revealing interactions between stimulus periodicity and neural velocity sensitivity. A generalized linear model analysis demonstrated that periodicity tuning influences SCHR response rates more strongly than velocity sensitivity. Principal component analysis of rate-velocity functions revealed that neurons were more often sensitive to the direction of lower-velocity chirps and were less often sensitive to the direction of higher-velocity chirps. Overall, these results demonstrate that sensitivity to chirp velocity is common in the IC. Harmonic sounds with complex phase spectra, such as speech and music, contain chirps, and velocity sensitivity would shape IC responses to these sounds.

HighlightsIC neurons had diverse sensitivity to chirp velocity (speed and direction) of periodic and aperiodic-chirp stimuli.

Both velocity and periodicity sensitivity were necessary to predict neural responses to Schroeder-phase harmonic complexes.

Neurons were more commonly sensitive to the direction of chirps at lower-speeds (e.g., < 2 kHz/ms) than higher-speeds (e.g., > 2 kHz/ms) in the tested range.

The chirp speeds for which IC neurons were most sensitive are present in common harmonic sounds with realistic phase spectra, such as speech and music."
biorxiv,10.1101/2022.09.29.510187,10.1016/j.bbr.2023.114443,Behavioural Brain Research,Environmental conditions of recognition memory testing induce neurovascular changes in the hippocampus in a sex-specific manner in mice,"Cadoret, A.; Dion-Albert, L.; Amrani, S.; Caron, L.; Theberge, M.; Turmel, A.; Lebel, M.; Menard, C.",animal behavior and cognition,2022-10-03,2023-04-23,"Experiences are linked to emotions impacting memory consolidation and associated brain neuronal circuits. Posttraumatic stress disorder is an example of strong negative emotions affecting memory processes by flashbacks of past traumas. Stress-related memory deficits are also observed in major depressive disorder (MDD). We recently highlighted that sex-specific blood-brain barrier (BBB) alterations underlie stress responses in mice and human depression. However, little is known about the relationship between emotional valence, memory encoding and BBB function. Here, we investigated the effects of novel object recognition (NOR) test, an experience considered of neutral emotional valence, on BBB properties in dorsal vs ventral hippocampus in the context of various environmental conditions (arena size, handling, age). The hippocampus is a brain area central for learning and memory processes with the dorsal and ventral subregions being associated with working memory vs reference memory retrieval, respectively. Expression of genes related to BBB integrity are altered in line with learning and memory processes in a region- and sex-specific manner. We observed correlations between poor learning, anxiety, stress-induced corticosterone release and changes in BBB-associated gene expression. Comparison of BBB transcriptomes between sexes also revealed profound differences at baseline in both ventral and dorsal hippocampus. Finally, we identified circulating vascular biomarkers, such as sE-selectin and Mmp-9, altered following NOR exposure supporting that recognition memory formation has an impact on the neurovasculature. Although deemed as a neutral valence test, NOR experimental conditions impact performance, highlighting the need to minimize anxiety when performing this commonly used test in mice.

Significance StatementWith this study, we aim to investigate the blood-brain barriers (BBB) role in memory acquisition and consolidation to unravel new mechanisms and decipher the involvement of non-neuronal cell types in these processes. For this purpose, male and female mice were subjected to a recognition memory test associated with a neutral emotional experience and impact on the transcriptomic profile of the BBB along with blood vascular biomarkers were evaluated under various experimental conditions. Crossing the BBB remains an important challenge to develop therapeutic drugs including in the context of memory deficits driven by psychiatric disorders or neurodegenerative diseases and thus, the possibility to directly target this barrier by better understanding its biology is attractive and innovating."
biorxiv,10.1101/2021.01.19.427372,10.3389/fmicb.2021.793923,Frontiers in Microbiology,Genome recombination-mediated tRNA up-regulation conducts general antibiotic resistance of bacteria at early stage,"Fang, H.; Zeng, G.; Zhao, J.; Zheng, T.; Xu, L.; Gu, W.; Liu, Y.; Zhang, J.; Sun, X.; Zhang, G.",microbiology,2021-01-20,2022-01-20,"Bacterial antibiotic resistance sets a great challenge to human health. It seems that the bacteria can spontaneously evolve resistance against any antibiotic within short time without the horizontal transfer of heterologous genes and before accumulating drug-resistant mutations. We have shown that the tRNA-mediated translational regulation counteracts the reactive oxygen species in bacteria. In this study, we demonstrated that isolated and subcultured Escherichia coli elevated its tRNAs under antibiotic stress to rapidly provide antibiotic resistance, especially at the early stage, before upregulating the efflux pump and evolving resistance mutations. The DNA recombination system repaired the antibiotic-induced DNA breakage in the genome, causing numerous structural variations. These structural variations are overrepresented near the tRNA genes, which indicated the cause of tRNA up-regulation. The strains knocking out the recombination system could not up-regulate tRNAs, and coincidently, they could hardly evolve antibiotic resistance in multiple antibiotics, respectively. With these results, we proposed a multi-stage model of bacterial antibiotic resistance in an isolated scenario: the early stage (recombination - tRNA up-regulation - translational regulation); the medium stage (up-regulation of efflux pump); the late stage (resistance mutations). These results also indicated that the bacterial DNA recombination system and tRNA could be targeted to retard the bacterial spontaneous drug resistance."
biorxiv,10.1101/670067,10.1186/s40168-019-0752-0,Microbiome,Phage-centric ecological interactions in aquatic ecosystems revealed through ultra-deep metagenomics,"Kavagutti, V. S.; Andrei, A.-S.; Mehrshad, M.; Salcher, M.; Ghai, R.",microbiology,2019-06-13,2019-10-20,"The persistent inertia in the ability to culture environmentally abundant microbes from aquatic ecosystems represents an obstacle in disentangling the complex web of ecological interactions spun by a diverse assortment of participants (pro- and eukaryotes and their viruses). In aquatic microbial communities, the numerically most abundant actors, the viruses, remain the most elusive, and especially in freshwaters their identities and ecology remain obscure. Here, using ultra-deep metagenomic sequencing from freshwater habitats we recovered complete genomes of >2000 phages, including small \""miniphages\"" and large \""megaphages\"" infecting iconic prokaryotic lineages. We also show that many phages encode genes that likely enhance survival of infected microbes during strong eukaryotic grazing pressure. For instance, we describe genes that afford protection to their host from reactive oxygen species (ROS) in the environment and from the oxidative burst in protist phagolysosomes (phage-mediated ROS defense) or those that directly effect targeted killing of the predators upon ingestion of a phage-infected microbe (Trojan horse). Spatiotemporal abundance analyses of phage genomes revealed evanescence as the primary dynamic in upper water layers, where they displayed short-lived existences. In contrast, persistence was characteristic for the deeper layers where many identical phage genomes were recovered repeatedly. Phage and host abundances corresponded closely, with distinct populations displaying preferential distributions in different seasons and depths, closely mimicking overall stratification and mixis."
biorxiv,10.1101/2022.03.05.483105,10.1093/cercor/bhac195,Cerebral Cortex,Differential effects of group III metabotropic glutamate receptors on spontaneous inhibitory synaptic currents in spine-innervating double bouquet and parvalbumin-expressing dendrite-targeting GABAergic interneurons in human neocortex,"Lukacs, I. P.; Francavilla, R.; Field, M.; Hunter, E.; Howarth, M.; Horie, S.; Plaha, P.; Stacey, R.; Livermore, L.; Ansorge, O.; Tamas, G.; Somogyi, P.",neuroscience,2022-03-05,2022-05-04,"Diverse neocortical GABAergic neurons specialise in synaptic targeting and their effects are modulated by presynaptic metabotropic glutamate receptors (mGluRs) suppressing neurotransmitter release in rodents, but their effects in human neocortex are unknown. We tested whether activation of group III mGluRs by L-AP4 changes GABAA receptor-mediated spontaneous inhibitory postsynaptic currents (sIPSCs) in two distinct dendritic spine-innervating GABAergic interneurons recorded in vitro in human neocortex. Calbindin-positive double bouquet cells (DBC) had columnar ""horsetail"" axons descending through layers II-V innervating dendritic spines (48%) and shafts, but not somata of pyramidal and non-pyramidal neurons. Parvalbumin-expressing dendrite-targeting cell (PV-DTC) axons extended in all directions innervating dendritic spines (22%), shafts (65%) and somata (13%). As measured, 20% of GABAergic neuropil synapses innervate spines, hence DBCs, but not PV-DTCs, preferentially select spine targets. Group III mGluR activation paradoxically increased the frequency of sIPSCs in DBCs (to median 137% of baseline), but suppressed it in PV-DTCs (median 92%), leaving the amplitude unchanged. The facilitation of sIPSCs in DBCs may result from their unique GABAergic input being disinhibited via network effect. We conclude that dendritic spines receive specialised, diverse GABAergic inputs, and group III mGluRs differentially regulate GABAergic synaptic transmission to distinct GABAergic cell types in human cortex."
biorxiv,10.1101/529321,10.1038/s42003-020-0775-x,Communications Biology,Honey bee trypanosomatid parasite dynamically changes the transcriptome during the infection of honey bee and modifies the host physiology,"Liu, Q.; Lei, J.; Darby, A. C.; Kadowaki, T.",microbiology,2019-01-23,2020-01-31,"Although there are many honey bee pathogens/parasites, it is still not understood how they change their gene expression to adapt to the host environment or how the host simultaneously responds to pathogen/parasite infection by modifying its own gene expression. Such interactions must lead to changes in the physiological states of both host and parasite. To address this question, we studied a trypanosomatid, Lotmaria passim, which can be cultured in medium and inhabit the honey bee hindgut. We found that L. passim dynamically modifies the expression of mRNAs associated with protein translation and the electron transport chain to adapt to the anaerobic and nutritionally poor honey bee hindgut at early stages of infection, and to become dormant at late stages of infection. Meanwhile, several genes are continuously up- or down-regulated during infection, including GP63 as well as genes coding for host cell signaling pathway modulators (up-regulated), and those involved in detoxification of radical oxygen species as well as flagellar formation (down-regulated). L. passim infection only slightly increases honey bee mortality and does not affect the number of microorganisms in the gut microbiota; but it induces honey bee innate immune response. Upon infection, the host appears to be in poor nutritional status, indicated by the increase in the levels of mRNAs for take-out and facilitated trehalose transporter and the decrease of vitellogenin mRNA level. Simultaneous gene expression profiling of L. passim and honey bee during infection provided insight into how both parasite and host modify their gene expressions. This study presents one of the best models to understand host-parasite interactions at the molecular and cellular levels in honey bee."
biorxiv,10.1101/2021.12.08.471862,10.1016/j.celrep.2022.110330,Cell Reports,Escape Steering by Cholecystokinin Peptidergic Signaling,"Chen, L.; Liu, Y.; Su, P.; Hung, W.; Li, H.; Wang, Y.; Yue, Z.; Ge, M.; Wu, Z.; Zhang, Y.; Fei, P.; Chen, L.-M.; Tao, L.; Mao, H.; Zhen, M.; Gao, S.",neuroscience,2021-12-09,2022-02-08,"Escape is an evolutionarily conserved and essential avoidance response. Considered to be innate, most studies on escape responses focused on hard-wired circuits. We report here that peptidergic signaling is an integral and necessary component of the Caenorhabditis elegans escape circuit. Combining genetic screening, electrophysiology and calcium imaging, we reveal that a neuropeptide NLP-18 and its cholecystokinin receptor CKR-1 enable the escape circuit to execute a full omega ({Omega}) turn, the last motor step where the animal robustly steers away from its original trajectory. We demonstrate in vivo and in vitro that CKR-1 is a Gq protein coupled receptor for NLP-18. in vivo, NLP-18 is mainly secreted by the gustatory sensory neuron (ASI) to activate CKR-1 in the head motor neuron (SMD) and the turn-initiating interneuron (AIB). Removal of NLP-18, removal of CKR-1, or specific knockdown of CKR-1 in SMD or AIB neurons lead to shallower turns hence less robust escape steering. Consistently, elevation of head motor neuron (SMD)s Ca2+ transients during escape steering is attenuated upon the removal of NLP-18 or CKR-1. in vitro, synthetic NLP-18 directly evokes CKR-1-dependent currents in oocytes and CKR-1-dependent Ca2+ transients in SMD. Thus, cholecystokinin signaling modulates an escape circuit to generate robust escape steering."
biorxiv,10.1101/2020.07.27.223636,10.7554/elife.61646,eLife,NEURAL ENCODING OF FELT AND IMAGINED TOUCH WITHIN HUMAN POSTERIOR PARIETAL CORTEX,"Chivukula, S.; Zhang, C.; Aflalo, T.; Jafari, M.; Pejsa, K.; Pouratian, N.; Andersen, R. A.",neuroscience,2020-07-29,2021-03-01,"In the human posterior parietal cortex (PPC), single units encode high-dimensional information with partially mixed representations that enable small populations of neurons to encode many variables relevant to movement planning, execution, cognition, and perception. Here we test whether a PPC neuronal population previously demonstrated to encode visual and motor information is similarly selective in the somatosensory domain. We recorded from 1423 neurons within the PPC of a human clinical trial participant during objective touch presentation and during tactile imagery. Neurons encoded experienced touch with bilateral receptive fields, organized by body part, and covered all tested regions. Tactile imagery evoked body part specific responses that shared a neural substrate with experienced touch. Our results are the first neuron level evidence of touch encoding in human PPC and its cognitive engagement during tactile imagery which may reflect semantic processing, sensory anticipation, and imagined touch."
biorxiv,10.1101/454306,10.1038/s41588-019-0551-3,Nature Genetics,Genomic evidence supports a clonal diaspora model for metastases of esophageal adenocarcinoma,"Noorani, A.; Goddard, M.; Crawte, J.; Alexandrov, L. B.; Li, X.; Secrier, M.; Eldridge, M. D.; Bower, L.; Weaver, J.; Lao-Sirieix, P.; Martincorena, I.; Debiram-Beecham, I.; Grehan, N.; Macrae, S.; Malhotra, S.; Miremadi, A.; Thomas, T.; Galbraith, S.; Petersen, L.; Preston, S.; Gilligan, D.; Hindmarsh, A.; Hardwick, R.; OCCAMS Consortium,  ; Stratton, M. R.; Wedge, D. C.; Fitzgerald, R. C.",genomics,2018-10-30,2020-01-06,"Continual evolution of cancer makes it challenging to predict clinical outcomes. Highly varied and unpredictable patient outcomes in esophageal adenocarcinoma (EAC) prompted us to question the pattern and timing of metastatic spread. Whole genome sequencing and phylogenetic analysis of 396 samples across 18 EAC cases demonstrated a stellate pattern on the phylogenetic trees in 90% cases. The age-dependent trinucleotide signature, which can serve as a molecular clock, was absent or reduced in the stellate branches beyond the trunk in most cases (p<0.0001). Clustering of lymph nodes and distant metastases (n=250) demonstrated samples sharing a common clonal origin were widely dispersed anatomically. Metastatic subclones at autopsy were present in tissue and blood samples from earlier time-points. We infer that metastasis occurs rapidly across multiple sites, constituting a model of metastatic spread we term clonal diaspora. This has implications for understanding metastatic progression, clinical staging and patient management."
medrxiv,10.1101/2020.04.29.20085456,10.1371/journal.pone.0255123,PLOS ONE,Homegrown Ultraviolet Germicidal Irradiation for Hospital-Based N95 Decontamination during the COVID-19 Pandemic,"Schnell, E.; Harriff, M. J.; Yates, J. E.; Karamooz, E.; Pfeiffer, C. D.; McCarthy, J.; Trapp, C. L.; Frazier, S. K.; Dodier, J. E.; Smith, S. M.",infectious diseases,2020-05-05,2021-07-23,"Coronavirus disease (COVID-19), the disease caused by the severe acute respiratory syndrome coronavirus 2 (SARS-CoV-2) virus, is responsible for the 2020 global pandemic and characterized by high transmissibility and morbidity. Healthcare workers (HCWs) are at risk of contracting COVID-19, and this risk is mitigated through the use of personal protective equipment such as N95 Filtering Facepiece Respirators (FFRs). The high demand for FFRs is not currently met by global supply chains, potentially placing HCWs at increased exposure risk. Effective FFR decontamination modalities exist, which could maintain respiratory protection for HCWs in the midst of the current pandemic, through the decontamination and re-use of FFRs. Here, we present a locally-implemented ultraviolet-C germicidal irradiation (UVGI)-based FFR decontamination pathway, utilizing a home-built UVGI array assembled entirely with previously existing components available at our institution. We provide recommendations on the construction of similar systems, as well as guidance and strategies towards successful institutional implementation of FFR decontamination."
biorxiv,10.1101/2023.12.20.572572,10.1093/evolut/qpae097,Evolution,What doesn't kill you makes you stronger? Effects of paternal age at conception on fathers and sons,"Sanghvi, K.; Pizzari, T.; Sepil, I.",evolutionary biology,2023-12-21,2024-06-24,"Advancing male age is often hypothesised to reduce both male fertility and offspring quality through reproductive senescence. However, the effects of advancing male age on reproductive output and offspring quality need not always be deleterious. For example, older fathers might compensate for reproductive senescence by terminally investing in reproduction. Similarly, males that survive to reproduce at an old age, might carry alleles that confer high viability (viability selection) which are then inherited by offspring, or might have high reproductive potential (selective disappearance). Differentiating these mechanisms requires an integrated experimental study of paternal survival and reproductive performance, as well as offspring quality, which is currently lacking. Using Drosophila melanogaster, we test the effects of paternal age at conception (PAC) on paternal survival and reproductive success, and the lifespans of sons. We discover that mating at an old age is temporarily linked with decreased future male survival, suggesting that mating-induced mortality is possibly due to old fathers being frail. We also find a quadratic reproductive ageing pattern, with an onset of senescence in late-life. We discover no evidence for terminal investment, and instead discover positive covariances between a fathers lifespan and his probability of siring offspring, for older PAC groups. Lastly, we show that sons born to older fathers live longer than those born to younger fathers, due to viability selection. Collectively, our results suggest that effects of advancing PAC need not be deleterious for fathers or offspring, and can increase fitness if older fathers produce more viable offspring.

Lay summaryIts often assumed that old fathers have fewer or lower-quality offspring than young fathers. However, old fathers have on average, usually survived to and reproduced at an older age than young fathers, which might be signals of high quality of old fathers, and benefit offspring. These opposing predictions have rarely been tested, and its unclear what their combined influence is, in determining the fathers and offsprings fitness. Using fruit flies, we explored how old paternal age affects a fathers reproduction and his sons lifespans. We find evidence for age-related reproductive decline in fathers. However, we also discover that fathers who mate at an older age live longer than fathers who mate at a younger age, and subsequently, the sons of older fathers live longer than sons of younger fathers. We suggest that the relationship between paternal age, paternal reproduction and lifespan, and offspring quality, is more complex than previously assumed, and that old fathers might provide benefits to their offspring that future studies need to consider.

Teaser textIs an old dad really that bad? While old fathers might in some cases produce fewer offspring or offspring of worse quality than young fathers, they have also survived to an older age, thus might be of higher quality. We test how reproducing at an old age affects a father and his sons fitness. We show that old fathers show evidence of reproductive senescence, but, surprisingly, produce sons that are longer lived than the sons of young fathers. This effect is driven largely by old fathers themselves living longer than young fathers, thus possibly passing alleles conferring higher viability to their sons. Our research is important because it reveals specific mechanisms that drive multifaceted effects of age on fitness."
biorxiv,10.1101/2021.09.21.461310,10.3389/fcell.2022.936168,Frontiers in Cell and Developmental Biology,High Enhancer Activity is an Epigenetic Feature of HPV Negative Atypical Head and Neck Squamous Cell Carcinoma,"Callahan, S. C.; Kochat, V.; Liu, Z.; Raman, A. T.; Schulz, J.; Terranova, C.; Divenko, M.; Ghosh, A.; Tang, M.; Pickering, C.; Myers, J. N.; Rai, K.",cancer biology,2021-09-22,2022-07-19,"Head and neck squamous cell carcinoma (HNSCC) is a heterogeneous disease with significant morbidity and mortality and frequent recurrence. Pre-NGS efforts to transcriptionally classify HNSCC into groups of varying prognosis have identified four accepted molecular subtypes of disease: Atypical (AT), Basal (BA), Classical (CL), and Mesenchymal (MS). Here, we investigated the active enhancer landscapes of these subtypes using representative HNSCC cell lines and identified samples belonging to the AT subtype as having increased enhancer activity compared to the other 3 HNSCC subtypes. Cell lines belonging to atypical subtype were more resistant to bromodomain inhibitors (BETi). PRO-Seq experiments that both TCGA tumors and AT cell lines showed higher eRNA transcripts for enhancers controlling BETi resistance pathways, such as lipid metabolism and MAPK signaling. Additionally, HiChIP experiments suggested higher enhancer-promoter (E-P) contacts in the AT subtype, including on genes identified in the eRNA analysis. Consistently, known BETi resistance pathways were upregulated upon exposure to these inhibitors. Together, our results identify that the AT subtype of HNSCC is associated with high enhancer activity, resistance to BET inhibition, and signaling pathways that could serve as future targets for sensitizing HNSCC to BET inhibition."
biorxiv,10.1101/820340,10.1111/cmi.13253,Cellular Microbiology,Leishmania infection triggers hepcidin-mediated proteasomal degradation of Nramp1 resulting in increased phagolysosomal iron availability,"Banerjee, S.; Datta, R.",cell biology,2019-10-28,2020-09-10,"Natural resistance associated macrophage protein 1 (Nramp1) was discovered as a genetic determinant of resistance against multiple intracellular pathogens, including Leishmania. It encodes a transmembrane protein of the phago-endosomal vesicles, where it functions as an iron transporter. But how Nramp1 expression is regulated in an infected macrophage is unknown. Its role in controlling iron availability to the intracellular pathogens and in determining the final outcome of an infection also remains to be fully deciphered. Here we report that Nramp1 protein abundance undergoes temporal changes in Leishmania major infected macrophages. At 12 hours post infection, there was drastic lowering of Nramp1 level accompanied by increased phagolysosomal iron availability and enhanced parasite growth. Leishmania infection-induced downregulation of Nramp1 was found to be caused by ubiquitin-proteasome degradation pathway. In fact, blocking of Nramp1 degradation with proteasome inhibitor resulted in depletion of phagolysosomal iron pool with significant reduction in the number of intracellular parasites. Further, we uncovered that this degradation process is mediated by the iron regulatory peptide hormone hepcidin that binds to Nramp1. Interestingly, Nramp1 protein level was restored to normalcy after 30 hours of infection with a concomitant drop in the phagolysosomal iron level, which is suggestive of a host counter defense strategy to deprive the pathogen of this essential micronutrient. Taken together, our study implicates Nramp1 as a central player in the host-pathogen battle for iron. It also unravels Nramp1 as a novel partner for hepcidin. The hitherto unidentified  hepcidin-Nramp1 axis may have a broader role in regulating macrophage iron homeostasis.\n\nImportanceLeishmania parasites are the causative agents of a group of neglected tropical diseases called leishmaniasis. They reside within the phagolysosomes of mammalian macrophages. Since iron is an essential micronutrient for survival and virulence, intracellular Leishmania must acquire it from the tightly regulated macrophage iron pool. How this challenging task is accomplished remains a fundamental question in Leishmania biology. We report here that Leishmania major infection caused ubiquitin-proteasome-mediated degradation of natural resistance associated macrophage protein 1 (Nramp1). Nramp1 being an iron exporter at the phago-endosomal membrane, its degradation resulted in increased phagolysosomal iron availability thereby stimulating parasite growth. We also uncovered that Nramp1 degradation is controlled by the iron regulatory peptide hormone hepcidin. Interestingly, at a later stage of infection, Nramp1 protein level was restored to normalcy with simultaneous depletion of phagolysosomal iron. Collectively, our study implicates Nramp1 as a central player in the host-pathogen struggle for acquiring iron."
medrxiv,10.1101/2024.12.02.24318314,10.1186/s12902-026-02423-7,BMC Endocrine Disorders,"Current status of anti-obesity medications and performance, an EHR based survey","Ruan, X.; Li, R.; Wang, L.; Lu, S.; Wen, A.; Murali, S. B.; Liu, H.",health informatics,2024-12-03,2026-07-24,"BackgroundOver the past two decades, the Food and Drug Administration (FDA) has significantly increased the approval of anti-obesity medications (AOMs) for obesity management. Both FDA-approved AOMs (F-AOMs) and Off-label AOMs (O-AOMs) have gained popularity and demonstrated promising results in randomized clinical trials (RCTs). However, their effectiveness in real-world settings remains less understood. In this study, we evaluated population-level responses to AOMs and individual variability, leveraging electronic health records (EHRs) as real-world data sources for a comprehensive analysis of obesity relevant metabolic metrics.

MethodsEHRs of patients with obesity or overweight diagnosis were retrieved from the University of Texas Physician (UT-Physician) and EPIC COSMOS database. F-AOMs and O-AOMs were analyzed for their effects on obesity relevant metrics including body weight, body mass index (BMI), blood pressure (BP), high-density lipoprotein (HDL), low-density lipoprotein (LDL), HbA1c, and triglyceride levels.

ResultsFrom the UT-Physician (U) and COSMOS (C) datasets, we identified 610K (2015-2025) and 3.6M (2018-2024) patients as obese or overweight, and 71,318 (11.7%) and 1M (27.9%) with AOM exposures, respectively. During the study period, [U:72%; C:67%] of patients experienced more than one treatment session. The median exposure durations were [U:2.7; C:2.7] months for FDA-approved AOMs (F-AOMs) and [U:.3.0; C:3.1] months for off-label AOMs (O-AOMs). Across both cohorts, F-AOMs generally demonstrated greater weight-loss effects than O-AOMs. Tirzepatide and semaglutide were the most effective F-AOMs. Tirzepatide achieved 10% weight loss target in [U:42%; C:48%] of patients with long-term exposure (65-66 weeks), while semaglutide achieved this threshold in [U:23%; C:33%] of patients with long-term exposure (70-72 weeks). Both medications were also associated with improvements in blood pressure, HDL, LDL, triglycerides, and HbA1c. Among O-AOMs, topiramate demonstrated the most favorable long-term (84-86 weeks) outcomes, with 13% of patients achieving 10% weight loss in both cohorts. Substantial interindividual variability in treatment response was observed across all AOMs, regardless of diagnosis type or exposure duration. Notably, weight gain was observed for all AOMs, ranging from [U:8%; C:12%] for long-term tirzepatide exposure to [U:57%; C:53%] for long-term lisdexamfetamine exposure. Weight regain following AOM discontinuation was consistently observed across both cohorts for both O-AOMs (e.g., lisdexamfetamine) and F-AOMs (e.g., phentermine w/wo topiramate). Interestingly, the combination of metformin with semaglutide or tirzepatide was associated with attenuated weight regain after treatment discontinuation compared with semaglutide or tirzepatide monotherapy.

ConclusionsOur findings demonstrate real-world effectiveness of AOMs, particularly FDA-approved AOMs, in a subset of patients, while revealing substantial interindividual variability and notable discrepancies between EHR-based evidence and clinical trial results. These findings highlight the challenges of translating trial outcomes to routine practice and underscore the need for personalized obesity pharmacotherapy to improve effectiveness, adherence, and long-term sustainability of care."
biorxiv,10.1101/751230,10.1016/j.bpj.2020.07.011,Biophysical Journal,Mathematical model shows how sleep may affect amyloid β fibrillization,"Hoore, M.; Khailaie, S.; Montaseri, G.; Mitra, T.; Meyer-Hermann, M.",systems biology,2019-09-01,2020-07-22,"Deposition of amyloid {beta} (A{beta}) fibers in extra-cellular matrix of the brain is a ubiquitous feature associated with several neurodegenerative disorders, especially Alzheimers disease (AD). While many of the biological aspects that contribute to the formation of A{beta} plaques are well addressed at the intra- and inter-cellular level in short timescales, an understanding of how A{beta} fibrillization usually starts to dominate at a longer timescale in spite of the presence of mechanisms dedicated to A{beta} clearance, is still lacking. Furthermore, no existing mathematical model integrates the impact of diurnal neural activity as emanated from circadian regulation to predict disease progression due to a disruption in sleep-wake cycle. In this study, we develop a minimal model of A{beta} fibrillization to investigate the onset of AD over a long time-scale. Our results suggest that the diseased state is a manifestation of a phase change of the system from soluble A{beta} (sA{beta}) to fibrillar A{beta} (fA{beta}) domination upon surpassing a threshold in the production rate of soluble A{beta}. By incorporating the circadian rhythm into our model, we reveal that fA{beta} accumulation is crucially dependent on the regulation of sleep-wake cycle, thereby indicating the importance of a good sleep hygiene in averting AD onset. We also discuss potential intervention schemes to reduce fA{beta} accumulation in the brain by modification of the critical sA{beta} production rate."
biorxiv,10.1101/698613,10.1073/pnas.1916459117,Proceedings of the National Academy of Sciences,Cognitive control of orofacial and vocal responses in the human frontal cortex,"Loh, K. K.; procyk, e.; Neveu, R.; Lamberton, F.; Hopkins, W.; Petrides, M.; Amiez, C.",neuroscience,2019-07-11,2020-02-14,"The frontal cortical areas critical for human speech production, i.e. the ventrolateral frontal cortex (cytoarchitectonic areas 44 and 45; VLF) and the dorsomedial frontal cortex (DMF) comprising the mid-cingulate cortex (MCC) and the pre-supplementary motor area (preSMA), exist in non-human primates and are implicated in cognitive vocal control functions. The present functional neuroimaging study seeks to define the basic roles of these VLF-DMF network regions in primate vocal production and how they might have been adapted for human speech. We demonstrate that area 44 and the MCC are respectively involved in the cognitive selection of orofacial, non-speech vocal and verbal responses, and the feedback-driven adaptation of these responses - roles that are likely preserved across primates. In contrast, area 45 and preSMA have roles that are specific to human speech: area 45 contributes to active verbal retrieval during learning, while preSMA is involved in processing verbal feedback during orofacial/vocal adaptations."
biorxiv,10.1101/2022.10.03.510577,10.1126/sciadv.adg2059,Science Advances,Large-scale phylogenomics of aquatic bacteria reveal molecular mechanisms for adaptation to salinity,"Jurdzinski, K. T.; Mehrshad, M.; Delgado, L. F.; Deng, Z.; Bertilsson, S.; Andersson, A. A.",microbiology,2022-10-03,2023-05-26,"The crossing of environmental barriers poses major adaptive challenges. Rareness of freshwater-marine transitions separates the bacterial communities, but how these are related to brackish counterparts remains elusive, as are molecular adaptations facilitating cross-biome transitions. Here, we conduct large-scale phylogenomic analysis of freshwater, brackish, and marine quality-filtered metagenome-assembled genomes (11,276 MAGs). Average nucleotide identity analyses showed that bacterial species rarely existed in multiple biomes. Distinct brackish basins co-hosted numerous species despite differences in salinity and geographic distance, the latter having stronger intra-species population structuring effects. We further identified the most recent cross-biome transitions, which were rare, ancient, and most commonly directed towards the brackish biome. Transitions were accompanied by changes in isoelectric point distribution and amino acid composition of inferred proteomes, as well as convergent gains or losses of specific gene functions. Therefore, adaptive challenges entailing proteome reorganization and specific changes in gene content result in species-level separation between aquatic biomes."
biorxiv,10.1101/2025.02.13.638043,10.1016/j.celrep.2025.116068,Cell Reports,Non-canonical internalization mechanisms of mGlu receptors,"Pin, J.-P.; Cimadevila, M.; Liu, J.; Maurel, D.; Brabet, I.; Hoscar, M.; Drube, J.; Hoffmann, C.; Inoue, A.; RONDARD, p.; Lafon, P.-A.; Prezeau, L.",neuroscience,2025-02-13,2025-07-30,"Cell surface density of G protein-coupled receptors (GPCRs) is tightly regulated through constitutive and agonist-induced internalization. Whereas the mechanisms of constitutive internalization remain elusive, agonist-induced internalization is accepted to involve receptor phosphorylation by GPCR kinases (GRKs), {beta}-arrestin binding and AP2 recruitment, targeting receptors to clathrin-coated pits. Dimeric class C metabotropic glutamate (mGlu1 to 8) receptors regulate synaptic transmission but their internalization process is ambiguous. Here, we used diffusion-enhanced energy transfer (DERET) to decipher their internalization kinetics. We showed that all mGlu receptors are constitutively internalized. However, only mGlu1, 5 and 3 homodimers are agonist-induced internalized, that require neither GRKs, nor {beta}-arrestins. In contrast, the constitutive internalization involves only {beta}-arrestins. This systematic study further illustrates how different class C receptors are relative to most other GPCRs, revealing non-canonical internalization mechanisms. These insights in mGlu receptor dynamics will help promoting the therapeutic action of drugs targeting mGlu receptors."
biorxiv,10.1101/2024.12.11.627889,10.1002/eji.202451641,European Journal of Immunology,Combined deletion of ZFP36L1 and ZFP36L2 drives superior cytokine production in T cells at the cost of cell fitness,"Zandhuis, N.; Bradaric, A.; van der Zwaan, C.; Hoogendijk, A.; Popovic, B.; Wolkers, M.",immunology,2024-12-16,2025-04-18,"A key feature of cytotoxic CD8+ T cells for eliminating pathogens and malignant cells is their capacity to produce pro-inflammatory cytokines, which includes TNF and IFN{gamma}. Provided that these cytokines are highly toxic, a tight control of their production is imperative. RNA-binding proteins (RBPs) are essential for the fine-tuning of cytokine production. The role of the RBP ZFP36L1 and its sister protein ZFP36L2 herein has been established, however, their relative contribution to cytokine production is not well known. We here compared the effect of ZFP36L1 and ZFP36L2 single and double deficiency in murine effector CD8+ T cells. Whereas single deficient T cells significantly increased cytokine production, double deficiency completely unleashed the cytokine production. Not only the TNF production was substantially prolonged in double-deficient T cells. Also, the production of IFN{gamma} reached unprecedented levels with >90% IFN{gamma}-producing T cells compared to 3% in WT T cells, even after 3 days of continuous activation. This continuous cytokine production by double-deficient T cells was also observed in tumor-infiltrating lymphocytes in vivo, however, with no effect on tumor growth. Rather, ZFP36L1 and ZFP36L2 double deficiency resulted in decreased cell viability, impaired STAT5 signaling, and dysregulated cell cycle progression. In conclusion, while combined deletion in ZFP36L1 and ZFP36L2 can drive continuous cytokine production even under chronic activation, safeguards are in place to counteract such super-cytokine producers."
biorxiv,10.1101/2025.08.20.671345,10.1002/advs.202518334,Advanced Science,Cholesterol metabolism modulation facilitates CAR-T induced killing of ovarian cancer,"Dessai, C. V. P.; Huang, J.; Lin, H.; Ding, G.; He, H.; Siddiqui, M. Y.; Zhang, M.; Wong, W.; Cheng, J.-X.",cell biology,2025-08-24,2026-02-15,"Ovarian cancer is one of the most lethal gynecological cancers worldwide and has one of the highest recurrence rates. Recently developed Chimeric Antigen Receptor T (CAR-T) cell therapy has shown potent clinical efficacy against hematological malignancies. However, solid tumors, including ovarian cancer, possess several mechanisms that hinder T cell activity, and metabolic alteration of cancer cells has been shown to contribute to resistance to immune cell attack against solid tumors. Here, we explored the metabolic response of ovarian cancer cells to CAR-T cell attack using label-free high-content hyperspectral stimulated Raman scattering (h2SRS) imaging. Utilizing visible h2SRS imaging with much improved spatial resolution, we found an altered cholesterol metabolism, featured by increased storage of cholesteryl ester in lipid droplets and free cholesterol, in ovarian cancer cells that survived the CAR-T treatment. Administration of Avasimibe, an inhibitor of cholesteryl esterification, further enhanced CAR-T cytotoxicity. Our study shows the promise of implementing metabolic modulation to facilitate CAR-T cell treatment of solid tumors.

Significance StatementOvarian cancer is a major global health challenge, mainly due to relapse driven by chemotherapy resistance development. Meanwhile, immunotherapies such as CAR-T have revolutionized treatment for blood cancers, but their application in solid tumors like ovarian cancer is hindered by limited efficacy. This study uses high-content stimulated Raman scattering (SRS) imaging to reveal metabolic adaptations that help ovarian cancer cells survive CAR-T-mediated cytotoxicity. Guided by these insights, we apply metabolic interventions that enhance CAR-T cytotoxicity efficacy. This approach reveals therapeutic vulnerabilities in ovarian cancer and demonstrates an investigative strategy applicable for overcoming resistance in solid tumors."
biorxiv,10.1101/2024.08.27.609839,10.7554/elife.102890.3,eLife,Auditory perception and neural representation of temporal fine structure are impaired by age but not by cochlear synaptopathy,"Steenken, F.; Beutelmann, R.; Oetjen, H.; Koeppl, C.; Klump, G. M.",neuroscience,2024-08-28,2026-05-05,"Age-related hearing loss is a complex phenomenon. The earliest-onset degenerative event is the gradual loss of neural connections between cochlea and auditory brainstem. To probe for perceptual deficits that might arise from this loss, cochlear synaptopathy was induced pharmacologically in young-adult gerbils, which were then tested in a challenging listening task for the perception of temporal fine structure. Treated gerbils behaved no differently than normal-hearing, young-adult animals. In contrast, old gerbils, which typically express many cochlear and central-neural pathologies, showed impaired perception. To probe for the underlying mechanisms, single-unit responses were obtained from the auditory nerve to the same test stimuli. Responses from old gerbils showed no impairment in temporal locking to the stimulus fine structure. However, responses were significantly more driven by slower temporal fluctuations of the stimulus envelope, suggesting that the central auditory system may be unable to extract the relevant information for discrimination from such altered inputs."
biorxiv,10.1101/2021.07.15.452487,10.26508/lsa.202301950,Life Science Alliance,BAZ2A-RNA mediated association with TOP2A and KDM1A represses gene expression in prostate cancer,"Roganowicz, M.; Baer, D.; Santoro, R.",molecular biology,2021-07-15,2023-04-25,"BAZ2A is the repressor of rRNA genes that are transcribed by RNA Polymerase I. In prostate cancer (PCa), however, BAZ2A function goes beyond this role since it can also repress other genes that are frequently silenced in metastatic disease. However, the mechanisms of BAZ2A-mediated repression in PCa remain elusive. Here we show that BAZ2A represses genes implicated in PCa through its RNA-binding TAM domain using mechanisms differing from rRNA gene silencing. While TAM domain mediates BAZ2A recruitment to rRNA genes, in PCa cells this is not required for BAZ2A association with target genes. Instead, BAZ2A-TAM domain in association with RNA mediates the interaction with topoisomerase 2A (TOP2A) and histone demethylase KDM1A, whose expression positively correlates with BAZ2A levels in both localized and aggressive PCa. Pharmacological inhibition of TOP2A and KDM1A activities upregulates the expression of BAZ2A-repressed genes that are regulated by a class of inactive enhancers bound by BAZ2A whereas rRNA genes are not affected. Our findings showed a novel RNA-based mechanism of gene regulation in PCa. Further, the data indicate that RNA-mediated interactions between BAZ2A and TOP2A and KDM1A repress genes critical to PCa and may prove to be useful to stratify prostate cancer risk and treatment in patients."
biorxiv,10.1101/2025.07.01.662544,10.1038/s42003-026-09809-2,Communications Biology,Accurate Protein-Protein Interactions Modeling through Physics-informed Geometric Invariant Learning,"Rao, J.; Liu, D.; Zhou, X.; Yuan, Q.; Wei, W.; Lu, W.; Zhang, J.; Rong, Y.; Yang, Y.; Zheng, S.",bioinformatics,2025-07-04,2026-03-27,"AlphaFold has set a new standard for predicting protein structures from primary sequences; however, it faces challenges with protein complexes across species, engineered proteins, and antigen-antibody, where co-evolutionary signals may be sparse or missing. Herein, we present ProTact, a SE(3)-invariant geometric graph neural network that integrates physics-informed geometric complementarity and trigonometric constraints as robust inductive biases to enhance protein-protein contact predictions. ProTact is applicable to both experimental and predicted monomer structures and utilizes a modulated key point matching algorithm to approximate accurate docking poses. Experimental evaluations demonstrate that ProTact consistently outperforms state-of-the-art sequence-based and structure-based methods on benchmark datasets, achieving notable relative improvements of 31.63% in Precision@10 for CASP 13 and 14 targets, and 31.94% for DIPS-Plus datasets. Moreover, when combined with AlphaFold3 as re-scoring functions, ProTact surpasses its default confidence scores, offering over 30.48% improvements in the low-MSA contexts. We anticipate that the proposed framework will advance our understanding of protein interactions, functions, and design."
biorxiv,10.1101/2025.11.18.689169,10.1002/smll.202512073,Small,Lipid Tail Length Determines Nano-Bio Interactions of Peptide Amphiphile Nanostructures,"Bonic, K.; Stewart, M. R.; Xiang, L.; Mooney, K.; Armstrong, R.; Esener, S.; Fischer, J. M.; Yildirim, A.",bioengineering,2025-11-19,2026-04-20,"Understanding the interactions of nanomaterials with biological systems is essential to designing effective nanomedicines. However, most of our understanding originates from studies with solid nanoparticles, and nano-bio interactions of self-assembled nanomaterials have remained largely unexplored. To address this knowledge gap, we develop a series of self-assembling peptide amphiphiles (PAs) with different lipid modifications and investigate their interactions with biological systems. We find that PA nanostructures rapidly disassemble and reassemble with albumin and lipoproteins in blood plasma. While PAs with shorter lipid tails mainly assemble with albumin, increasing lipid length shifts binding to lipoproteins. All PAs show strong tumor accumulation in 4T1 tumor-bearing mice with tumor to liver ratios of [~]3-6. Overall, albumin-binding improves blood circulation and tumor accumulation compared to lipoprotein-binding, but also increases off-target accumulation. This study shows that the biointeractions of self-assembled nanomaterials can be controlled through molecular design, which may lead to the development of effective nanomedicines."
biorxiv,10.1101/2020.04.24.058594,10.1126/sciadv.ade4443,Science Advances,Tumor-infiltrating nerves create an electro-physiologically active microenvironment and contribute to treatment resistance,"Kovacs, A.; Vermeer, D. W.; Madeo, M.; Vermeer, S. J.; Williamson, C. S.; Rickel, A.; Stamp, J.; Lucido, C. T.; Cain, J.; Bell, M.; Morgan, M.; Yoon, J.-Y.; Mitchell, M. A.; Tulina, N.; Stuckelberger, S.; Budina, A.; Orman, D.; Jung, E.; Schwartz, L. E.; Eichwald, T.; Hong, Z.; Weimer, J.; Hooper, J. E.; Godwin, A. K.; Talbot, S.; Drapkin, R.; Vermeer, P. D.",cancer biology,2020-04-25,2023-05-10,"Patients with densely innervated tumors do poorly as compared to those with sparsely innervated disease. Why some tumors heavily recruit nerves while others do not, remains unknown as does the functional contribution of tumor-infiltrating nerves to cancer. Moreover, while patients receive chemotherapeutic treatment, whether these drugs affect nerve recruitment has not been tested. Using a murine model of ovarian cancer, we show that tumor-infiltrating sensory nerves potentiate tumor growth, decrease survival, and contribute to treatment resistance. Furthermore, matched patient samples show significantly increased tumor innervation following chemotherapy. In vitro analysis of tumor-released extracellular vesicles (sEVs) shows they harbor neurite outgrowth activity. These data suggest that chemotherapy may alter sEV cargo, endowing it with robust nerve recruiting capacity."
medrxiv,10.1101/2022.08.25.22279195,10.1016/j.isci.2023.107497,iScience,Are female-specific cancers long-term sequelae of COVID-19? Evidence from a large-scale genome-wide cross-trait analysis,"Zhao, X.; Wu, X.; Xiao, J.; Zhang, L.; Hao, Y.; Xiao, C.; Zhang, B.; Li, J.; Jiang, X.",epidemiology,2022-08-27,2023-07-29,"BackgroundLittle is known regarding the long-term adverse effects of COVID-19 on female-specific cancers due to the restricted length of observational time, nor the shared genetic influences underlying these conditions.

MethodsLeveraging summary statistics from the hitherto largest genome-wide association studies conducted in each trait, we performed a comprehensive genome-wide cross-trait analysis to investigate the shared genetic architecture and the putative genetic associations between COVID-19 with three main female-specific cancers: breast cancer (BC), epithelial ovarian cancer (EOC), and endometrial cancer (EC). Three phenotypes were selected to represent COVID-19 susceptibility (SARS-CoV-2 infection) and severity (COVID-19 hospitalization, COVID-19 critical illness).

ResultsFor COVID-19 susceptibility, we found no evidence of a genetic correlation with any of the female-specific cancers. For COVID-19 severity, we identified a significant genome-wide genetic correlation with EC for both hospitalization (rg=0.19, P=0.01) and critical illness (rg =0.29, P=3.00x10-4). Mendelian randomization demonstrated no valid association of COVID-19 with any cancer of interest, except for suggestive associations of genetically predicted hospitalization (ORIVW=1.09, 95%CI=1.01-1.18, P=0.04) and critical illness (ORIVW=1.06, 95%CI=1.00-1.11, P=0.04) with EC risk, none withstanding multiple correction. No reverse association was found. Cross-trait meta-analysis identified multiple pleiotropic SNPs between COVID-19 and female-specific cancers, including 20 for BC, 15 for EOC, and 5 for EC. Transcriptome-wide association studies revealed shared genes, mostly enriched in the hematologic, cardiovascular, and nervous systems.

ConclusionsOur genetic analysis highlights an intrinsic link underlying female-specific cancers and COVID-19 - while COVID-19 is not likely to elevate the immediate risk of the examined female-specific cancers, it appears to share mechanistic pathways with these conditions. These findings may provide implications for future therapeutic strategies and public health actions."
biorxiv,10.1101/2020.01.08.898817,10.1016/j.neuron.2020.10.031,Neuron,Mediodorsal and ventromedial thalamus engage distinct L1 circuits in the prefrontal cortex,"Anastasiades, P. G.; Collins, D. P.; Carter, A. G.",neuroscience,2020-01-09,2020-11-13,"Interactions between the thalamus and prefrontal cortex (PFC) play a critical role in cognitive function and arousal. Here we use anatomical tracing, electrophysiology, optogenetics, and 2-photon Ca2+ imaging to determine how ventromedial (VM) and mediodorsal (MD) thalamus target specific cell types and subcellular compartments in layer 1 (L1) of mouse PFC. We find thalamic inputs make distinct connections in L1, where VM engages NDNF+ cells in L1a, and MD drives VIP+ cells in L1b. These separate populations of L1 interneurons participate in different disinhibitory networks in superficial layers by targeting either PV+ or SOM+ interneurons. NDNF+ cells also inhibit the apical dendrites of L5 pyramidal tract (PT) cells, where they suppress AP-evoked Ca2+ signals. Lastly, NDNF+ cells mediate a unique form of thalamus-evoked inhibition at PT cells, selectively blocking VM-evoked dendritic Ca2+ spikes. Together, our findings reveal how two thalamic nuclei differentially communicate with the PFC through distinct L1 micro-circuits."
biorxiv,10.1101/2020.10.16.343053,10.3389/fmicb.2021.619711,Frontiers in Microbiology,Soil disturbance affects plant growth via soil microbial community shifts,"Seitz, T. J.; Schütte, U. M.; Drown, D. M.",microbiology,2020-10-16,2021-02-01,"Recent advances in climate research have discovered that permafrost is particularly vulnerable to the changes occurring in the atmosphere and climate, especially in Alaska where 85% of the land is underlain by mostly discontinuous permafrost. As permafrost thaws, research has shown that natural and anthropogenic soil disturbance causes microbial communities to undergo shifts in membership composition and biomass, as well as in functional diversity. Boreal forests are home to many plants that are integral to the subsistence diets of many Alaska Native communities. Yet, it is unclear how the observed shifts in soil microbes can affect above ground plant communities that are relied on as a major source of food. In this study, we tested the hypothesis that microbial communities associated with permafrost thaw affect plant growth by growing five plant species found in Boreal forests and Tundra ecosystems, including low-bush cranberry and bog blueberry, with microbial communities from the active layer soils of a permafrost thaw gradient. We found that plant growth was significantly affected by the microbial soil inoculants. Plants inoculated with communities from above thawing permafrost showed decreased growth compared to plants inoculated with microbes from undisturbed soils. We used metagenomic sequencing to determine that microbial communities from disturbed soils above thawing permafrost have differences in taxonomy from microbial communities in undisturbed soils above intact permafrost. The combination of these results indicates that a decrease in plant growth can be linked to soil disturbance driven changes in microbial community membership and abundance. These data contribute to an understanding of how microbial communities can be affected by soil disturbance and climate change, and how those community shifts can further influence plant growth in Boreal forests and more broadly, ecosystem health."
medrxiv,10.1101/2024.10.02.24314393,10.55320/mjz.52.2.635,Medical Journal of Zambia,Students perspectives on communication skills course learning modes in two medical schools in Zambia: An interview-based descriptive study.,"Ezeala, M. I. O.; Volk, J.",medical education,2024-10-03,2025-10-04,"IntroductionThis study sought the views of undergraduate medical students on the effectiveness of their modes of instruction in communication skills knowledge and skills acquisition and transfer. Understanding the teaching-learning experiences from the students viewpoint could influence communication skills course facilitators to adopt instructional modes and learning experiences that enhance competency development in communication skills. It could also emphasize the need for curriculum developers to review the medical school curriculum, specifying student-centered and active learning pedagogical practices.

MethodsThe descriptive study involved an in-depth semi-structured interview of eight undergraduate medical students from two medical schools in Zambia, who participated in communication skills training, selected through a purposive nonprobability sampling. The study mostly appropriated Tracys phronetic iterative analysis during its thematic analysis of the textual data collected between April and May 2022.

ResultsThe participants affirmed the importance of communication skills to their medical training but, decried the dominance of lecture-based delivery, limited interactive sessions, untimely and inadequate feedback from teachers and peers, inefficacy of teaching communication skills as theory, and limited understanding and distraction from online delivery as factors that hindered communication skills teaching-learning.

ConclusionAlthough the students expressed communication skills as pivotal to their training and medical practice, their experiences of learning the skills through non-experiential and traditional lecture-based methods did not facilitate the motivation required for mastery and competency, suggesting that facilitators and curriculum planners should reevaluate the teaching-learning modes and process."
biorxiv,10.1101/2021.06.05.447164,10.1016/j.pneurobio.2021.102171,Progress in Neurobiology,Statistical Power or More Precise Insights into Neuro-Temporal Dynamics? Assessing the Benefits of Rapid Temporal Sampling in fMRI,"Dowdle, L. T.; Ghose, G.; Ugurbil, K.; Yacoub, E.; Vizioli, L.",neuroscience,2021-06-07,2021-09-04,"Functional magnetic resonance imaging (fMRI), a non-invasive and widely used human neuroimaging method, is most known for its spatial precision. However, there is a growing interest in its temporal sensitivity. This is despite the temporal blurring of neuronal events by the blood oxygen level dependent (BOLD) signal, the peak of which lags neuronal firing by 4 to 6 seconds. Given this, the goal of this review is to answer a seemingly simple question - ""What are the benefits of increased temporal sampling for fMRI?"". To answer this, we have combined fMRI data collected at multiple temporal scales, from 323 to 1000 milliseconds, with a review of both historical and contemporary temporal literature. After a brief discussion of technological developments that have rekindled interest in temporal research, we next consider the potential statistical and methodological benefits. Most importantly, we explore how fast fMRI can uncover previously unobserved neuro-temporal dynamics - effects that are entirely missed when sampling at conventional 1 to 2 second rates. With the intrinsic link between space and time in fMRI, this temporal renaissance also delivers improvements in spatial precision. Far from producing only statistical gains, the array of benefits suggest that the continued temporal work is worth the effort."
biorxiv,10.1101/2022.12.30.522262,10.1126/sciadv.adi6539,Science Advances,Determinants of Viscoelasticity and Flow Activation Energy in Biomolecular Condensates,"Alshareedah, I.; Singh, A.; Quinn, A.; Banerjee, P. R.",biophysics,2022-12-31,2024-02-16,"The form and function of biomolecular condensates, which are phase-separated intracellular granules of proteins and RNAs, are regulated by their material and dynamical properties. Emerging reports suggest that biomolecular condensates are viscoelastic network fluids, and the primary sequence and structure of the constituent biopolymers govern their bulk fluid phase properties. Here, we employ a multi-parametric approach to dissect the molecular determinants of condensate viscoelasticity by studying a series of condensates formed by engineered multivalent arginine-rich polypeptides and single-stranded DNA. By measuring the terminal relaxation time of the condensate network through optical tweezer-based microrheology and the activation energy of viscous flow through temperature-controlled video particle tracking, we show that condensate viscoelasticity is controlled by two distinct factors - sequence-encoded inter-chain interactions of associative polymers and entropic factors emerging from their intrinsic polymer properties such as the chain length. The biomolecular diffusion in the dense phase shows a strong dependence on the flow activation energy, indicating that the intra-condensate transport properties are primarily reaction-dominant. These results provide a glimpse of the multifaceted control of viscoelasticity and transport properties within biomolecular condensates. Flow activation energy measurement of single and multicomponent condensates by thermo-rheology provides a direct route to quantify inter-chain interactions in the dense phase and dissect the roles of chain entropy and valence in dictating the viscoelastic behavior of biomolecular condensates."
biorxiv,10.1101/2025.03.01.640978,10.1016/j.celrep.2025.116624,Cell Reports,Spatial and molecular insights into microglial roles in cerebellar aging,"Tsai, A. P.; Henze, D. E.; Ramirez Lopez, E.; Haberberger, J.; Dong, C.; Lu, N.; Atkins, M.; Costa, E. K.; Farinas, A.; Oh, H.; Moran-Losada, P.; Le Guen, Y.; Isakova, A.; Quake, S. R.; Wyss-Coray, T.",neuroscience,2025-03-02,2025-11-26,"Aging induces region-specific functional decline across the brain. The cerebellum, critical for motor coordination and cognitive function, undergoes significant structural and functional changes with age. The molecular mechanisms driving cerebellar aging--particularly the role of cerebellar glia, including microglia--remain poorly understood. Here, we used single-nuclei RNA sequencing (snRNA-seq), microglial bulk RNA-seq, and multiplexed error-robust fluorescence in situ hybridization (MERFISH) to characterize transcriptional changes associated with cellular aging in the mouse cerebellum. We discovered that microglia exhibited the most pronounced age-related changes of all cell types and that their transcriptional signatures pointed to enhanced neuroprotective immune activation and reduced lipid-droplet accumulation compared to hippocampal microglia. Furthermore, cerebellar microglia in aged mice, compared to young mice, were found in closer proximity to granule cells. This relationship was characterized using the newly defined neuron-associated microglia score, which captures proximity-dependent transcriptional changes and suggests a novel microglial responsiveness. These findings underscore the unique adaptations of the cerebellum during aging and its potential resilience to Alzheimers disease (AD) related pathology, providing crucial insight into region-specific mechanisms that may shape disease susceptibility."
biorxiv,10.1101/387563,10.15252/embr.201846885,EMBO reports,"ULK-mediated phosphorylation of ATG16L1 promotes xenophagy, but destabilizes the ATG16L1 Crohn’s mutant","Alsaadi, R. M.; Losier, T. T.; Tian, W.; Guo, Z.; Russell, R. C.",molecular biology,2018-08-08,2019-05-24,"Autophagy is a highly regulated catabolic pathway that is potently induced by stressors including starvation and infection. An essential component of the autophagy pathway is an ATG16L1-containing E3-like enzyme, which is responsible for lipidating LC3B and driving autophagosome formation. ATG16L1 polymorphisms have been linked to the development of Crohns disease (CD) and phosphorylation of CD-associated ATG16L1 (caATG16L1) has been hypothesized to contribute to cleavage and autophagy dysfunction. Here we show that ULK1 kinase directly phosphorylates ATG16L1 in response to infection and starvation. Moreover, we show that ULK-mediated phosphorylation drives the destabilization of caATG16L1 in response to stress. Additionally, we found that phosphorylated ATG16L1 was specifically localized to the site of internalized bacteria indicating a role for ATG16L1 in the promotion of anti-bacterial autophagy. Lastly, we show that stable cell lines harbouring a phospho-dead mutant of ATG16L1 have impaired xenophagy. In summary, our results show that ATG16L1 is a novel target of ULK1 kinase and that ULK-signalling to ATG16L1 is a double-edged sword, enhancing function of the wildtype ATG16L1, but promoting degradation of caATG16L1."
biorxiv,10.1101/2020.09.02.271403,10.1002/adbi.202000223,Advanced Biology,Electrophysiological Phenotype Characterization of Human iPSC-Derived Neuronal Cell Lines by Means of High-Density Microelectrode Arrays,"Ronchi, S.; Buccino, A. P.; Prack, G.; Saseendran Kumar, S.; Schroeter, M.; Fiscella, M.; Hierlemann, A.",neuroscience,2020-09-02,2021-01-15,"Recent advances in the field of cellular reprogramming have opened a route to study the fundamental mechanisms underlying common neurological disorders. High-density microelectrode-arrays (HD-MEAs) provide unprecedented means to study neuronal physiology at different scales, ranging from network through single-neuron to subcellular features. In this work, we used HD-MEAs in vitro to characterize and compare human induced-pluripotent-stem-cell (iPSC)-derived dopaminergic and motor neurons, including isogenic neuronal lines modeling Parkinsons disease and amyotrophic lateral sclerosis. We established reproducible electrophysiological network, single-cell and subcellular metrics, which were used for phenotype characterization and drug testing. Metrics such as burst shapes and axonal velocity enabled the distinction of healthy and diseased neurons. The HD-MEA metrics could also be used to detect the effects of dosing the drug retigabine to human motor neurons. Finally, we showed that the ability to detect drug effects and the observed culture-to-culture variability critically depend on the number of available recording electrodes."
medrxiv,10.1101/2023.05.15.23289065,10.1002/hbm.26388,Human Brain Mapping,Network anatomy in logopenic variant of primary progressive aphasia,"Mandelli, M. L.; Lorca-Puls, D. L.; Lukic, S.; Montembeault, M.; Gajardo-Vidal, A.; Licata, A.; Scheffler, A.; Battistella, G.; Grasso, S. M.; Bogley, R.; Ratnasiri, B. M.; La Joie, R.; Mundada, N. S.; Europa, E.; Rabinovici, G.; Miller, B. L.; De Leon, J.; Henry, M. L.; Miller, Z.; Gorno-Tempini, M. L.",neurology,2023-05-16,2023-06-12,"The logopenic variant of primary progressive aphasia (lvPPA) is a neurodegenerative syndrome characterized linguistically by gradual loss of repetition and naming skills, resulting from left posterior temporal and inferior parietal atrophy. Here, we sought to identify which specific cortical loci are initially targeted by the disease (epicenters) and investigate whether atrophy spreads through pre-determined networks. First, we used cross-sectional structural MRI data from individuals with lvPPA to define putative disease epicenters using a surface-based approach paired with an anatomically-fine-grained parcellation of the cortical surface (i.e., HCP-MMP1.0 atlas). Second, we combined cross-sectional functional MRI data from healthy controls and longitudinal structural MRI data from individuals with lvPPA to derive the epicenter-seeded resting-state networks most relevant to lvPPA symptomatology and ascertain whether functional connectivity in these networks predicts longitudinal atrophy spread in lvPPA. Our results show that two partially distinct brain networks anchored to the left anterior angular and posterior superior temporal gyri epicenters were preferentially associated with sentence repetition and naming skills in lvPPA. Critically, the strength of connectivity within these two networks in the neurologically-intact brain significantly predicted longitudinal atrophy progression in lvPPA. Taken together, our findings indicate that atrophy progression in lvPPA, starting from inferior parietal and temporo-parietal junction regions, predominantly follows at least two partially non-overlapping pathways, which may influence the heterogeneity in clinical presentation and prognosis."
biorxiv,10.1101/2022.09.27.508990,10.1038/s41598-023-36706-z,Scientific Reports,Towards optimised extracellular vesicle proteomics from cerebrospinal fluid,"Kangas, P.; Nyman, T. A.; Metsähonkala, L.; Burns, C.; Tempest, R.; Williams, T.; Karttunen, J.; Jokinen, T. S.",cell biology,2022-09-28,2023-06-12,"The proteomic profile of extracellular vesicles (EVs) from cerebrospinal fluid (CSF) can reveal novel biomarkers for diseases of the brain. Here, we validate an ultrafiltration combined with size-exclusion chromatography (UF-SEC) method for isolation of EVs from canine CSF and probe the effect of starting volume on the EV proteomics profile. First, we performed a literature review of CSF EV articles to define the current state of art, discovering a need for basic characterisation of CSF EVs. Secondly, we isolated EVs from CSF by UF-SEC and characterised the SEC fractions by protein amount, particle count, transmission electron microscopy, and immunoblotting. Data are presented as mean {+/-} standard deviation. Using proteomics, SEC fractions 3-5 were compared and enrichment of EV markers in fraction 3 was detected, whereas fractions 4-5 contained more apolipoproteins. Lastly, we compared starting volumes of pooled CSF (6ml, 3ml, 1ml, and 0.5ml) to evaluate the effect on the proteomic profile. Even with a 0.5ml starting volume, 743{+/-}77 or 345{+/-}88 proteins were identified depending on whether  matches between runs was active in MaxQuant. The results confirm that UF-SEC effectively isolates CSF EVs and that EV proteomic analysis can be performed from 0.5ml of canine CSF."
biorxiv,10.1101/2023.10.23.563532,10.1186/s12870-024-05258-3,BMC Plant Biology,Transcriptome variations in hybrids of wild emmer wheat (Triticum turgidum ssp. dicoccoides),"Ziv, A.; Kashkush, K.",plant biology,2023-10-23,2024-06-18,"BackgroundWild emmer wheat is a great candidate to revitalize domesticated wheat genetic diversity. Recent years have seen intensive investigation into the evolution and domestication of wild emmer wheat, including whole-genome DNA and transcriptome sequencing. However, the impact of intraspecific hybridization on the transcriptome of wild emmer wheat has been poorly studied. In this study, we assessed changes in methylation patterns and transcriptomic variations in two accessions of wild emmer wheat collected from two marginal populations, Mt. Hermon and Mt. Amasa, and in their stable F4 hybrid.

ResultsMethylation-Sensitive Amplified Polymorphism (MSAP) detected significant cytosine demethylation in F4 hybrids vs. parental lines, suggesting potential transcriptome variation. After a detailed analysis, we examined nine RNA-Seq samples, which included three biological replicates from the F4 hybrid and its parental lines. RNA-Seq databases contained approximately 200 million reads, with each library consisting of 15 to 25 million reads. There are a total of 62,490 well-annotated genes in these databases, with 6,602 genes showing differential expression between F4 hybrid and parental lines Mt. Hermon and Mt. Amasa. The differentially expressed genes were classified into four main categories based on their expression patterns. Gene ontology (GO) analysis revealed that differentially expressed genes are associated with DNA/RNA metabolism, photosynthesis, defense response, and phosphorylation.

ConclusionThis study highlights the significant transcriptomic changes resulting from intraspecific hybridization within natural plant populations, which might aid the nascent hybrid in adapting to various environmental conditions."
biorxiv,10.1101/437772,10.1002/jez.70058,Journal of Experimental Zoology Part A: Ecological and Integrative Physiology,A tagging method for very small fish,"Solomon-Lane, T. K.; Hofmann, H. A.",animal behavior and cognition,2018-10-08,2025-12-31,"Identifying individuals over time and across contexts is essential in many scientific fields. There are a variety of well-established methods for uniquely marking individuals (e.g., visible implant elastomer, barcodes, paint). However, for some species, life history stages, and/or experiments, existing methods are not sufficient. Here, we describe procedures for how two tagging methods - a tattoo ink injection method and a fishing line piercing method - can be used with the youngest, smallest juveniles of the African cichlid fish, Astatotilapia burtoni, which are too small for the methods used with adults. With the tattoo method, we injected tattoo ink into the dorsal muscle. Different colors and injection locations can be used to distinguish among individuals over a period of weeks (up to 4 weeks, average 2.5-3 weeks under our conditions). Because fish this young and small are sensitive to handling and injection, we also include physiological data showing fish recover well from anesthetization and tagging. With the piercing method, very thin fishing line is threaded through the dorsal muscle and tied into a barbell or loop. Unique colors and patterns can be used to distinguish among individuals over a period of months. Because a physical tag might impede normal movement in a very small fish, we also include data from an open field exploration test showing similar behavior between tagged and control (non-tagged) juveniles. We expect these effective and inexpensive methods to be useful for a variety of small species and will facilitate early-life, developmental, and longitudinal research."
medrxiv,10.1101/2022.11.29.22282874,10.1371/journal.pone.0278979,PLOS ONE,What do people think of intuitive eating?  A qualitative exploration with rural Australians,"Van Dyke, N.; Murphy, M.; Drinkwater, E. J.",public and global health,2022-11-30,2023-08-17,"Evidence supports that intuitive eating is associated with many indicators of positive physical and mental health, with more recent longitudinal studies establishing causality. Most research, however, comprises either survey data or clinical trials. This study attempts to fill this evidentiary gap by using a qualitative methodology to explore peoples understandings and reactions to intuitive eating, including perceived barriers and enablers to implementation.

Three focus group discussions were conducted in a non-metropolitan region of Victoria, Australia, with a total of 23 participants. Focus group transcripts were thematically analysed using a grounded theory approach within a constructionist perspective.

Findings indicate that the concept of intuitive eating was either unknown or misunderstood. Once intuitive eating was explained, most responses to implementing intuitive eating were negative. Participants felt that having complete choice around what they ate was unlikely to equate to a healthy or balanced diet, at least in the short term. They also argued that because everyday life was not intuitive in its structures, it would be difficult to eat intuitively. Despite these difficulties, participants appreciated that if they were able to overcome the various barriers and achieve a state of intuitive eating, they anticipated a range of long-term benefits to health and weight management. For intuitive eating to become a viable public health approach, this research suggests that people would need assistance overcoming their existing habits and food preferences, and developing insight into their bodies needs, desires, and cravings. The structural barriers, however, would likely continue to be substantial. Most significantly, however, are the barriers imposed by the food environment. Intuitive eating requires choice of foods, yet ample evidence demonstrates that true choice is often not available and that healthful and less healthful foods are not evenly presented."
biorxiv,10.1101/2025.06.25.661520,10.1016/j.biopsycho.2026.109311,Biological Psychology,The impact of contingency awareness on the neurocircuitry underlying pain-related fear and safety learning,"Labrenz, F.; Elsenbruch, S.; Icenhour, A.",neuroscience,2025-06-25,2026-06-01,"Visceral pain-related fear, shaped by associative learning, drives maladaptive emotional reactions and may contribute to the chronicity of pain in disorders of gut-brain interaction. However, the role of contingency awareness remains unclear. In a translational model of pain-related conditioning, we investigated the brain-behavior relationships underlying contingency awareness in shaping the neural circuitry involved in visceral pain-related fear and safety learning.

Data from 75 healthy individuals undergoing differential conditioning were acquired in two functional magnetic resonance imaging studies. Visceral pain as unconditioned stimulus (US) was paired with a visual cue as conditioned stimulus (CS+) while another cue (CS-) remained unpaired. Differential neural responses to predictive cues were analyzed using a full factorial model and regression analyses to evaluate the predictive value of neural activation patterns based on contingency awareness.

Analyses revealed a significant interaction between CS-type and contingency awareness involving dorsolateral prefrontal cortex (dlPFC) and parahippocampus, driven by an enhanced CS+>CS- differentiation in highly aware participants. The reverse contrast revealed widespread activation in fronto-parietal and limbic networks, more pronounced in the highly aware group. Regression analyses showed that enhanced CS--related were associated with increased contingency awareness and CS- valence change, while no activation clusters predictive of behavioral responses were found for CS+.

The recruitment of emotional arousal and executive control networks as a function of contingency awareness highlights its relevance in shaping pain- and, particularly, safety-predictive cue properties. These results suggest distinct processes for fear acquisition and inhibition, with significant implications for exposure-based treatments of disorders of gut-brain interaction."
biorxiv,10.1101/2024.11.26.625192,10.1038/s41467-025-61224-z,Nature Communications,Allosteric activation of the SPRTN protease by ubiquitin maintains genome stability,"Dürauer, S.; Kang, H.-S.; Wiebeler, C.; Machida, Y.; Schnapka, D. S.; Yaneva, D.; Renz, C.; Götz, M. J.; Weickert, P.; Major, A. C.; Rahmanto, A. S.; Guthenthaler-Tietze, S. M.; Daumann, L. J.; Beli, P.; Ulrich, H. D.; Sattler, M.; Machida, Y. J.; Schwierz, N.; Stingele, J.",biochemistry,2024-11-28,2025-07-21,"The DNA-dependent protease SPRTN maintains genome stability by degrading toxic DNA-protein crosslinks (DPCs). To understand how SPRTNs promiscuous protease activity is confined to the cleavage of crosslinked proteins, we reconstitute the repair of DPCs including their modification with SUMO and ubiquitin chains, using recombinant human proteins. We discover that DPC ubiquitylation strongly activates SPRTN independently of SPRTNs known ubiquitin-binding domains. Using protein structure prediction, MD simulations and NMR spectroscopy we reveal that ubiquitin binds to an interface at the back of SPRTNs protease domain, promoting an active conformation. Replacing key interfacial residues prevents ubiquitin-dependent activation of SPRTN, which leads to genomic instability and cell cycle defects in cells expressing hypomorphic SPRTN variants that cause premature aging and liver cancer in Ruijs-Aalfs syndrome patients. Collectively, our results demonstrate that SPRTN activation is coupled to the modification of the crosslinked protein, explaining how specificity is achieved during DPC repair."
biorxiv,10.64898/2026.05.07.723616,10.1016/j.neulet.2026.138659,Neuroscience Letters,Physical restraint induces conditioned place aversion and region-specific c-Fos activation in mice,"Reinders, E.; Tondravi, M.; Lee, S. R.; Beyene, E.; Nguyen, T.; LeGates, T. A.",neuroscience,2026-05-12,2026-06-10,"Linking environmental contexts with stressful experiences is critical for engaging adaptive responses necessary to avoid future threats. Yet, active context-dependent avoidance remains poorly understood. Here, we establish a restraint-induced conditioned place aversion (CPA) paradigm to examine how an acute physiological stressor acquires negative motivational value through contextual association. We found that mice repeatedly exposed to physical restraint in a contextually distinguishable chamber later avoid that location, demonstrating that restraint stress can drive learned aversion in the absence of continued exposure. To identify potential neuronal correlates underlying this learned association, we quantified c-Fos expression in several areas implicated in aversive motivation, emotional salience, and contextual encoding. We found that restraint within the context of the CPA paradigm was associated with increased c-Fos in the nucleus accumbens (NAc) and basolateral amygdala (BLA) while c-Fos expression increased in the ventral hippocampus in response to exposure to the contextual cues alone. These findings reveal region-specific activation in response to restraint stress and associated contextual cues. By connecting classical stress models and associative learning, this work provides a potential platform for further investigation of the neural mechanisms underlying stress-related negative affect and avoidance behaviors."
biorxiv,10.1101/2025.06.09.657676,10.1038/s41467-026-69328-w,Nature Communications,DEVELOPMENT OF A POTENT MONOCLONAL ANTIBODY FOR TREATMENT OF HUMAN METAPNEUMOVIRUS INFECTIONS,"Harris, E. D.; McGovern, M.; Pernikoff, S.; Ikeda, R.; Kipnis, L.; Hannon, W.; Sobolik, E. B.; Gray, M.; Greninger, A. L.; He, S.; Chin, C.-N.; Fu, T.-M.; Pancera, M.; Boonyaratanakornkit, J.",immunology,2025-06-11,2026-02-12,"Human metapneumovirus (HMPV) is a major cause of respiratory infections, particularly among vulnerable populations, yet effective therapeutics remain unavailable. Monoclonal antibodies (mAbs) offer a promising approach for both treatment and prevention. Here, we describe the discovery and characterization of 4F11, a highly potent and broadly neutralizing mAb with demonstrated in vitro and in vivo efficacy against HMPV. Using cryo-electron microscopy, we defined a unique mechanism of binding HMPV employed by 4F11, which distinguishes it from previously characterized RSV and HMPV mAbs. 4F11 targets an epitope located at the apex of the prefusion F protein (site O) with a 1:1 stoichiometry, distinct from the 3:1 stoichiometry observed with other HMPV site O antibodies. Unlike other site O antibodies, which penetrate the glycan shield between Asn57 and Asn172, 4F11 binds vertically and directly interacts with the Asn172 glycan, representing a unique glycan-dependent mode of recognition. In vitro, 4F11 displayed high potency and broad neutralization across diverse HMPV strains. It also showed a low propensity for resistance development, with only a single escape mutation (K179E) identified, a mutation not found in any published HMPV sequence to date. Viruses rescued with the K179E escape mutation had significantly decreased fitness in vitro compared to wild-type virus. In a hamster challenge model, 4F11 significantly reduced viral loads in both the lungs and nasal turbinates. These findings highlight 4F11 as a promising candidate for therapeutic development, particularly for immunocompromised individuals and other high-risk groups."
medrxiv,10.1101/2025.04.23.25326276,10.1016/j.xhgg.2025.100488,Human Genetics and Genomics Advances,Genotyping TOMM40'523 Poly-T Polymorphisms Using Whole-Genome Sequencing,"Vialle, R. A.; Yu, L.; Li, Y.; Raittz, R. T.; Farfel, J. M.; De Jager, P.; Schneider, J. A.; Barnes, L. L.; Tasaki, S.; Bennett, D. A.",genetic and genomic medicine,2025-04-25,2025-08-07,"The TOMM40523 poly-T repeat polymorphism (rs10524523), located in the TOMM40 gene and in linkage disequilibrium with APOE, has been associated with cognitive decline and Alzheimers disease (AD) progression. Accurate genotyping of this polymorphism is crucial for understanding its role in neurodegeneration. Challenges in processing whole-genome sequencing (WGS) data traditionally require additional PCR and targeted sequencing assays to genotype these polymorphisms. Here, we introduce a novel computational pipeline that integrates multiple short tandem repeat (STR) detection tools in an ensemble machine learning model using XGBoost. This approach leverages STR tool predictions, k-mer counts, and related features to enhance poly-T repeat length estimation. Using a sample of 1,202 participants from four cohort studies, we benchmarked our method against PCR-based measures. Our ensemble model outperformed individual STR tools, improving repeat length estimation accuracy (R2 = 0.92) and achieving an accuracy rate of 93.2% with PCR-derived genotypes as the gold standard. Additionally, we validated our WGS-derived genotypes by replicating previously reported associations between TOMM40523 variants and cognitive decline, demonstrating consistency with prior findings. Our results suggest that computational genotyping from WGS data is a scalable and reliable alternative to PCR-based assays, enabling broader investigations of TOMM40 variation in studies where WGS data is available."
biorxiv,10.1101/2024.06.26.597625,10.1093/genetics/iyae189,GENETICS,CelEsT: a unified gene regulatory network for estimating transcription factor activities in C. elegans,"Perez, M. F.",genomics,2024-06-27,2024-12-20,"Transcription factors (TFs) play a pivotal role in orchestrating the intricate patterns of gene regulation critical for development and health. Although gene expression is complex, differential expression of many genes is often due to regulation by just a handful of TFs. Despite extensive efforts to elucidate TF-target regulatory relationships in C. elegans, existing experimental datasets cover distinct subsets of TFs and leave data integration challenging.

Here I introduce CelEsT, a unified gene regulatory network (GRN) designed to estimate the activity of 487 distinct C. elegans TFs - [~]58% of the total - from gene expression data. To integrate data from ChIP-seq, DNA-binding motifs, and eY1H screens, different GRNs were benchmarked against a comprehensive set of TF perturbation RNA-seq experiments and identified optimal processing of each data type. Moreover, I showcase how leveraging conservation of TF binding motifs in the promoters of candidate target orthologues across genomes of closely-related species can distil targets into a select set of highly informative interactions, a strategy which can be applied to many model organisms. Combined analyses of multiple datasets from commonly-studied conditions including heat shock, bacterial infection and male-vs-female comparison validates CelEsTs performance and highlights previously overlooked TFs that likely play major roles in co-ordinating the transcriptional response to these conditions.

CelEsT can be used to infer TF activity on a standard laptop computer within minutes. Furthermore, an R Shiny app is provided for the community to perform rapid analysis with minimal coding experience required. I anticipate that widespread adoption of CelEsT will significantly enhance the interpretive power of transcriptomic experiments, both present and retrospective, thereby advancing our understanding of gene regulation in C. elegans and beyond."
medrxiv,10.1101/2022.05.27.22271124,10.1016/s2213-8587(22)00340-0,The Lancet Diabetes & Endocrinology,Pharmacogenomics of GLP-1 Receptor Agonists: A genome-wide analysis of observational data and large randomized controlled trials,"Dawed, A. Y.; Mari, A.; McDonald, T. J.; Li, L.; Wang, S.; Hong, M.-G.; Sharma, S.; Robertson, N. R.; Mahajan, A.; Wang, X.; Walker, M.; Gough, S.; t Hart, L. M.; Zhou, K.; Forgie, I.; Ruetten, H.; Pavo, I.; Bhatnagar, P.; Jones, A. G.; Pearson, E. R.; for the DIRECT consortium,",genetic and genomic medicine,2022-05-30,2022-12-15,"BackgroundIn the treatment of type 2 diabetes (T2D), GLP-1 Receptor Agonists (GLP-1RA) lower glucose levels and body weight, and have cardiovascular benefits. GLP-1RA efficacy and side effects vary between people. Human pharmacogenomic studies of this inter-individual variation can provide both biological insight into drug action and provide biomarkers to inform clinical decision making. We therefore aimed to identify genetic variants associated with glycaemic response to GLP-1RA treatment.

MethodsWe studied HbA1c reduction at 6 months after starting GLP-1RA in 4,571 subjects with T2D from four prospective observational cohorts and two randomized clinical trials. We evaluated variants in GLP-1R, then undertook a genome-wide association study (GWAS) and gene-based burden test.

FindingsVariation in HbA1c reduction with GLP-1RA treatment was associated with rs6923761G>A (Gly168Ser) in the GLP-1R (0.9 mmol/mol lower reduction in HbA1c per Serine, p=6.0x10-05) and low frequency variants in ARRB1 (pskato=6.72x10-08), largely driven by rs140226575G>A (Thr370Met) (2.7mmol/mol greater HbA1c reduction per Methionine, p=5.2x10-06). A similar effect size for the ARRB1 Thr370Met was seen in Hispanic and American Indian populations who have a higher frequency of this variant (6-11%) than in White populations. A genetic risk score derived from these two genes identified around 5% of the population who had a [~]30% greater reduction in HbA1c than the [~]43% of the population with the worse response.

InterpretationThis first genome wide pharmacogenomic study of GLP-1RA has provided novel biological and clinical insights. Clinically, when genotype is routinely available at the point of prescribing, individuals with ARRB1 variants may benefit from earlier initiation of GLP-1RA.

FundingInnovative Medicines Initiative, Wellcome Trust"
biorxiv,10.1101/2020.09.05.283747,10.1038/s41598-021-85504-y,Scientific Reports,Real Time and Delayed Effects of Subcortical Low Intensity Focused Ultrasound,"Cain, J. A.; Visagan, S.; Johnson, M.; Crone, J.; Blades, R.; Spivak, N.; Shattuck, D.; Monti, M. M.",neuroscience,2020-09-08,2021-03-17,"Deep brain nuclei are integral components of large-scale circuits mediating important cognitive and sensorimotor functions. However, because they fall outside the domain of conventional non-invasive neuromodulatory techniques, their study has been primarily based on neuropsychological models, limiting the ability to fully characterize their role and to develop interventions in cases where they are damaged. To address this gap, we used the emerging technology of non-invasive low-intensity focused ultrasound (LIFU) to directly modulate left lateralized basal ganglia structures in healthy volunteers. During sonication, we observed local and distal decreases in blood oxygenation level dependent (BOLD) signal in the targeted left globus pallidus (GP) and in large-scale cortical networks. We also observed a generalized decrease in relative perfusion throughout the cerebrum following sonication. These results show, for the first time using functional MRI data, the ability to modulate deep-brain nuclei using LIFU while measuring its local and global consequences, opening the door for future applications of subcortical LIFU."
biorxiv,10.1101/2020.09.03.281733,10.1371/journal.pone.0267704,PLOS ONE,Single Cell Transcriptomics of Human Native Kidney and Kidney Allografts and New Insights into the Mechanism of Fibrosis,"Suryawanshi, H.; Yang, H.; Lubetzky, M.; Morozov, P.; Lagman, M.; Alonso, A.; Li, C.; Snopkowski, C.; Mueller, F.; Lee, J.; Dadhania, D.; Salvatore, S.; Seshan, S.; Sharma, V.; Suthanthiran, M.; Tuschl, T.; Muthukumar, T.",molecular biology,2020-09-06,2022-06-03,"We tested the hypothesis that single-cell RNA-sequencing (scRNA-seq) analysis of human kidney allograft biopsies will reveal distinct cell types and states and yield insights to decipher the complex heterogeneity of alloimmune injury. We selected 3 biopsies of kidney cortex from 3 individuals for scRNA-seq and processed them fresh using an identical protocol on the 10x Chromium platform; (i) HK: native kidney biopsy from a living donor, (ii) AK1: allograft kidney with transplant glomerulopathy, tubulointerstitial fibrosis, and worsening graft function, and (iii) AK2: allograft kidney after successful treatment of active antibody-mediated rejection. We did not study T-cell-mediated rejections. We generated 7217 high-quality single cell transcriptomes. Taking advantage of the recipient-donor sex mismatches revealed by X and Y chromosome autosomal gene expression, we determined that in AK1 with fibrosis, 42 months after transplantation, more than half of the kidney allograft fibroblasts were recipient-derived and therefore likely migratory and graft infiltrative, whereas in AK2 without fibrosis, 84 months after transplantation, most fibroblasts were donor-organ-derived. Furthermore, AK1 was enriched for tubular progenitor cells overexpressing profibrotic extracellular matrix genes. AK2, eight months after successful treatment of rejection, contained endothelial cells that expressed T-cell chemoattractant cytokines. In addition to these key findings, our analysis revealed unique cell types and states in the kidney. Altogether, single-cell transcriptomics yielded novel mechanistic insights, which could pave the way for individualizing the care of transplant recipients."
biorxiv,10.1101/2021.12.14.472594,10.1016/j.celrep.2022.110605,Cell Reports,Neural Readout of a Latency Code in the Active Electrosensory System,"Sawtell, N. B.; Perks, K.",neuroscience,2021-12-16,2022-03-29,"The latency of spikes relative to a stimulus conveys sensory information across modalities. However, in most cases it remains unclear whether and how such latency codes are utilized by postsynaptic neurons. In the active electrosensory system of mormyrid fish, a latency code for stimulus amplitude in electroreceptor afferent nerve fibers (EAs) is hypothesized to be read out by a central reference provided by motor corollary discharge (CD). Here we demonstrate that CD enhances sensory responses in postsynaptic granular cells of the electrosensory lobe, but is not required for reading out EA input. Instead, diverse latency and spike count tuning across the EA population gives rise to graded information about stimulus amplitude that can be read out by standard integration of converging excitatory synaptic inputs. Inhibitory control over the temporal window of integration renders two granular cell subclasses differentially sensitive to information derived from relative spike latency versus spike count."
biorxiv,10.1101/2022.12.23.521733,10.26508/lsa.202201885,Life Science Alliance,Antibody reliability influences observed mRNA-protein correlations in tumour samples,"Upadhya, S. R.; Ryan, C. J.",systems biology,2022-12-23,2023-05-11,"Reverse phase protein arrays (RPPA) have been used to quantify the abundances of hundreds of proteins across thousands of tumour samples in the Cancer Genome Atlas (TCGA). By number of samples, this is the largest tumour proteomic dataset available and it provides an opportunity to systematically assess the correlation between mRNA and protein abundances. However, the RPPA approach is highly dependent on antibody reliability and approximately one third of the antibodies used in the TCGA are deemed to be somewhat less reliable. Here, we assess the impact of antibody reliability on observed mRNA-protein correlations. We find that, in general, proteins measured with less reliable antibodies have lower observed mRNA-protein correlations. This is not true of the same proteins when measured using mass spectrometry. Furthermore, in cell lines, we find that when the same protein is quantified by both mass spectrometry and RPPA, the overall correlation between the two measurements is lower for proteins measured with less reliable antibodies. Overall our results reinforce the need for caution in using RPPA measurements from less reliable antibodies."
biorxiv,10.1101/2021.06.01.446586,10.1093/bioinformatics/btab710,Bioinformatics,vcf2gwas - Python API for comprehensive GWAS analysis using GEMMA,"Vogt, F. D.; Shirsekar, G.; Weigel, D.",bioinformatics,2021-06-02,2021-10-12,"We present a new software package vcf2gwas to perform reproducible genome-wide association studies (GWAS). vcf2gwas is a Python API for bcftools, PLINK and GEMMA. Before running the analysis a traditional GWAS workflow requires the user to edit and format the genotype information from commonly used Variant Call Format (VCF) file and phenotype information. Post-processing steps involve summarizing and visualizing the analysis results. This workflow requires a user to utilize the command-line, manual text-editing and knowledge of one or more programming/scripting languages which can be time-consuming especially when analyzing multiple phenotypes. Our package provides a convenient pipeline performing all of these steps, reducing the GWAS workflow to a single command-line input without the need to edit or format the VCF file beforehand or to install any additional software. In addition, features like reducing the dimensionality of the phenotypic space and performing analyses on the reduced dimensions or comparing the significant variants from the results to specific genes/regions of interest are implemented. By integrating different tools to perform GWAS under one workflow, the package ensures reproducible GWAS while reducing the user efforts significantly.

Availability and implementationThe source code of vcf2gwas is available under the GNU General Public License. The package can be easily installed using conda. Installation instructions and a manual including tutorials can be accessed on the package website at https://github.com/frankvogt/vcf2gwas"
biorxiv,10.1101/461327,10.1371/journal.pone.0214620,PLOS ONE,Virulence gene profiles and phylogeny of Shiga toxin-positive Escherichia coli strains isolated from FDA regulated foods during 2010-2017,"Gonzalez-Escalona, N.; Kase, J.",microbiology,2018-11-04,2019-04-01,"Illnesses caused by Shiga toxin-producing Escherichia coli (STECs) can be life threatening, such as hemolytic uremic syndrome (HUS). The STECs most frequently identified by USDAs Microbiological Data Program (MDP) carried toxin gene subtypes stx1a and/or stx2a. Here we describe the genome sequences of 331 STECs isolated from foods regulated by the FDA 2010-2017, determining their genomic identity, serotype, sequence type, virulence potential, and prevalence of antimicrobial resistance. Isolates were selected from the MDP archive, routine food testing by field labs (ORA), food testing by a contract company, and our laboratory (ORS). Only 276 (83%) were confirmed as STECs by in silico analysis. Foods from which STECs were recovered included cilantro (6%), spinach (25%), lettuce (11%), and flour (9%). Phylogenetic analysis using core genome MLST revealed these STEC genomes were highly variable, with some clustering associated with ST types and serotypes. We detected 95 different sequence types (ST); several ST were previously associated with HUS: ST21 and ST29 (O26:H11), ST11 (O157:H7), ST33 (O91:H14), ST17 (O103:H2), and ST16 (O111:H-). in silico virulome analyses showed ~ 51% of these strains were potentially pathogenic [besides stx gene they also carried eae (25%) or 26% subA (26%)]. Virulence gene prevalence was also determined: stx1 only (19%) -variants a and c; stx2 only (66%) - variants a, b, c, d, e, and g; and stx1/sxt2 (15%). Our data form a new WGS database that can be used to support food safety investigations and monitor the recurrence/emergence of E. coli in foods.\n\nImportanceShiga toxin-producing Escherichia coli (STECs) are associated with foodborne outbreaks worldwide; however, surveillance has not previously included genomic analyses for phylogenetics, prevalence, or potential virulence. We constructed the first genomic database of isolates from FDA-regulated foods to help monitor the emergence of new pathogenic STECs. Although only ~30 STECs were isolated per year, 50% of these carried markers associated with pathogenesis either a combination of eae plus stx, or subA plus stx. Moreover, those strains also carried virulence genes associated with severe illnesses. Here we showed that WGS enabled comparisons across isolates to establish phylogeny, help in identification of antibiotic resistance by monitoring the presence of antimicrobial resistance genes, and determined the presence of known virulence genes that have been linked with illnesses. Future food safety investigations will benefit from improved source tracking and risk assessments made possible by these analyses and new WGS database."
biorxiv,10.1101/2024.06.04.594010,10.1093/jleuko/qiaf045,Journal of Leukocyte Biology,Efficient generation of human dendritic cells from iPSC by introducing a feeder-free expansion step for hematopoietic progenitors,"Elahi, Z.; Jameson, V.; Sakkas, M.; Butcher, S. K.; Mintern, J.; Radford, K. J.; Wells, C.",cell biology,2024-06-05,2025-04-16,"Dendritic cells (DCs) are rare innate immune cells that are essential regulators of anti-tumour, anti-viral and vaccine responses by the adaptive immune system. Conventional dendritic cells, particularly the cDC1 subset, are most desired for DC-based immunotherapies, however, it can be difficult to isolate sufficient numbers of primary cells from patients. The most common alternate sources of DC are ex vivo, such as monocyte-derived or DC expanded from cord blood hematopoietic progenitors. Induced pluripotent stem cells (iPSC) offer a promising solution, providing an opportunity for in vitro generating DCs that are suitable for patient-derived or off-the-shelf batch-manufactured cells. Here, we developed an in vitro protocol designed to maximise the yield of iPSC-derived DC progenitors, with the specific goal of generating DC1-like cells. The iPSC-DCs subsets generated by our method could be partitioned by cell surface phenotypes of cDC1, cDC2 and DC3, but they were most transcriptionally similar to monocyte-derived DC (MoDC). Stimulated iPSC-DCs generated pro-inflammatory cytokines, expressed migratory chemokine receptors including CCR7 which indicates capacity to traffic through lymphatic endothelium, and upregulated co-stimulatory molecules, indicating their potential for productive interactions with T-cells. This method offers a promising step towards an expandable source of allogeneic human dendritic cells for future applications."
biorxiv,10.1101/2024.07.26.605293,10.1016/j.labinv.2025.104123,Laboratory Investigation,PRAME expression in melanoma is negatively regulated by TET2-mediated DNA hydroxymethylation,"Fang, R.; Vallius, T.; Zhang, A.; Van Cura, D.; Alicandri, F.; Fischer, G.; Draper, E.; Xu, S.; Pelletier, R.; Katsyv, I.; Sorger, P. K.; Murphy, G. F.; Lian, C. G.",cancer biology,2024-07-26,2025-02-28,"Preferentially Expressed Antigen in Melanoma (PRAME) and Ten-Eleven Translocation (TET) dioxygenase-mediated 5-hydroxymethylcytosine (5hmC) are emerging melanoma biomarkers. We observed an inverse correlation between PRAME expression and 5hmC levels in benign nevi, melanoma in situ, primary invasive melanoma, and metastatic melanomas via immunohistochemistry and multiplex immunofluorescence: nevi exhibited high 5hmC and low PRAME, whereas melanomas showed the opposite pattern. Single-cell multiplex imaging of melanoma precursors revealed that diminished 5hmC coincides with PRAME upregulation in premalignant cells. Analysis of TCGA and GTEx databases confirmed a negative relationship between TET2 and PRAME mRNA expression in melanoma. Additionally, 5hmC levels were reduced at the PRAME 5 promoter in melanoma compared to nevi, suggesting a role for 5hmC in PRAME transcription. Restoring 5hmC levels via TET2 overexpression notably reduced PRAME expression in melanoma cell lines. These findings establish a function of TET2-mediated DNA hydroxymethylation in regulating PRAME expression and demonstrate epigenetic reprogramming as pivotal in melanoma tumorigenesis.

TeaserMelanoma biomarker PRAME expression is negatively regulated epigenetically by TET2-mediated DNA hydroxymethylation"
biorxiv,10.1101/667899,10.1371/journal.pone.0218767,PLOS ONE,Socioeconomic Differentials in Hypertension based on JNC7 and ACC/AHA 2017 Guidelines Mediated by Body Mass Index: Evidence from Nepal Demographic and Health Survey,"Rana, J.; Ahmmad, Z.; Sen, K. K.; Bista, S.; Islam, R. M.",epidemiology,2019-06-11,2020-01-27,"BackgroundUnlike developed countries; higher socioeconomic status (SES, education, and wealth) is associated with hypertension in low and middle-income countries (LMICs) with limited evidence. We examined the associations between SES and hypertension in Nepal and the extent to which these associations vary by sex and urbanity. The body mass index (BMI) was examined as a secondary outcome and assessed as a potential mediator.\n\nMaterials and methodsWe analyzed the latest Nepal Demographic and Health Survey data (N=13,436) collected between June 2016 and January 2017, using a multistage stratified sampling technique. Participants aged 15 years or older from selected households were interviewed with an overall response rate of 97%. Main outcomes were hypertension and normal blood pressure defined by the widely used Seventh Report of the Joint National Committee (JNC 7), and the American College of Cardiology/American Heart Association (ACC/AHA) 2017.\n\nResultsThe prevalence of hypertension was higher in Nepalese men than women. The likelihood of having hypertension was more than double for individuals in the highest versus lowest wealth quintiles [men: OR 2.13, 95% CI 1.60-2.85); women: OR 2.54, 95% CI 2.00- 3.24] and for individuals with the higher education versus no education [men: OR 2.38, 95% CI 1.75-3.23; women: OR 1.63, 95% CI 1.18-2.25]. The associations between SES and hypertension were different by sex and urbanity. These associations were mediated by BMI.\n\nConclusionsHigher SES was positively associated with the higher likelihood of having hypertension in Nepal according to both JNC 7 and ACC/AHA 2017 guidelines. These associations were mediated by BMI, which may help to explain broader socioeconomic differentials in CVD and related risk factors, particularly in terms of education and wealth. Our study suggests that the mediating factor of BMI should be tackled to diminish the risk of CVD in people with higher SES in LMICs."
biorxiv,10.1101/788885,10.1016/j.isci.2021.103127,iScience,Visualization and Analysis of Whole Depot Adipose Tissue Innervation,"Willows, J. W.; Blaszkiewicz, M.; Lamore, A.; Borer, S.; Dubois, A. L.; Garner, E.; Breeding, W. P.; Tilbury, K. B.; Khalil, A.; Townsend, K. L.",neuroscience,2019-10-01,2021-09-11,"Little is known about the diversity and function of adipose tissue nerves due, in part, to the inability to effectively visualize the various nerve subtypes residing within these tissues. The tools currently available for researchers to image and quantify adipose tissue innervation are limited and dependent on optical clearing techniques and light sheet microscopy. Here we present a method of tissue processing that uses mechanical force to compress tissue to decrease tissue thickness in the z-axis by expanding it in the x and y-axes whilst leaving cells intact. This has been combined with autofluorescence quenching techniques to permit intact whole tissues to be mounted on slides and imaged on any microscope, with a complementary means to perform whole tissue neurite density quantification. We have included examples of how this technique can be used to further our current knowledge of adipose-nerve communication by characterizing the nerves, nerve-subtypes, and neurovascular interactions within subcutaneous white adipose tissue in mice."
biorxiv,10.1101/2023.07.13.548865,10.1016/j.compbiomed.2024.108048,Computers in Biology and Medicine,Predicting Disease-gene Associations through Self-supervised Mutual Infomax Graph Convolution Network,"Xie, J.; Rao, J.; Xie, J.; Yang, Y.",bioinformatics,2023-07-15,2024-01-30,"Illuminating associations between diseases and genes can help reveal the pathogenesis of syndromes and contributes to treatments, but a large number of associations still remained unexplored. To identify novel disease-gene association, many computational methods have been developed using disease and gene related prior knowledge. However, these methods remain of relatively inferior performance due to the limited external data sources and the inevitable noise among the prior knowledge. In this study, we have developed a new method, Self-Supervised Mutual Infomax Graph Convolution Network (MiGCN), to predict disease-gene associations under the guidance of external disease-disease and gene-gene collaborative graphs. The noises within the collaborative graphs were eliminated by maximizing the mutual information between nodes and neighbors through a graphical mutual infomax layer. In parallel, the node interactions were strengthened by a novel informative message passing layer to improve the learning ability of graph neural network. The extensive experiments showed that our model achieves performance improvement over the state-of-art method by more than 8% on AUC. The datasets, source codes and trained models of MiGCN are available at https://github.com/biomed-AI/MiGCN."
biorxiv,10.1101/2024.04.04.588096,10.1098/rsob.240092,Open Biology,A conserved phenylalanine motif among Teleost fish provides insight for improving electromagnetic perception.,"Ricker, B.; Castellanos Franco, E. A.; de los Campos, G.; Pelled, G. A.; Gilad, A.",synthetic biology,2024-04-04,2024-07-23,"Magnetoreceptive biology as a field remains relatively obscure; compared to the breadth of species believed to sense magnetic fields, it remains under-studied. Here, we present grounds for the expansion of magnetoreception studies among Teleosts. We begin with the electromagnetic perceptive gene (EPG) from Kryptopterus vitreolus and expand to identify 72 Teleosts with homologous proteins containing a conserved three-phenylalanine (3F) motif. Phylogenetic analysis provides insight as to how EPG may have evolved over time, and indicates that certain clades may have experienced a loss of function driven by different fitness pressures. One potential factor is water type with freshwater fish significantly more likely to possess the functional motif version (FFF), and saltwater fish to have the non-functional variant (FXF). It was also revealed that when the 3F motif from the homolog of Brachyhypopomus gauderio (B.g.) is inserted into EPG - EPG(B.g.) - the response (as indicated by increased intracellular calcium) is faster. This indicates that EPG has the potential to be engineered to improve upon its response and increase its utility to be used as a controller for specific outcomes."
medrxiv,10.1101/2022.03.02.22271779,10.1371/journal.pone.0272375,PLOS ONE,Prevalence of Bacterial Coinfection and Patterns of Antibiotics Prescribing in Patients with COVID-19: A Systematic review and Meta-Analysis,"Alshaikh, F.; Godman, B.; Kurdi, A.; Seaton, R. A.; Sindi, O.",infectious diseases,2022-03-04,2022-08-01,"BackgroundEvidence around prevalence of bacterial coinfection and pattern of antibiotic use in COVID-19 is controversial although high prevalence rates of bacterial coinfection have been reported in previous similar global viral respiratory pandemics. Early data on the prevalence of antibiotic prescribing in COVID-19 indicates conflicting low and high prevalence of antibiotic prescribing which challenges antimicrobial stewardship programmes and increases risk of antimicrobial resistance (AMR).

AimTo determine current prevalence of bacterial coinfection and antibiotic prescribing in COVID-19 patients

Data SourceOVID MEDLINE, OVID EMBASE, Cochrane and MedRxiv between January 2020 and June 2021.

Study EligibilityEnglish language studies of laboratory-confirmed COVID-19 patients which reported (a) prevalence of bacterial coinfection and/or (b) prevalence of antibiotic prescribing with no restrictions to study designs or healthcare setting

ParticipantsAdults (aged [&ge;] 18 years) with RT-PCR confirmed diagnosis of COVID-19, regardless of study setting.

MethodsSystematic review and meta-analysis. Proportion (prevalence) data was pooled using random effects meta-analysis approach; and stratified based on region and study design.

ResultsA total of 1058 studies were screened, of which 22, hospital-based studies were eligible, compromising 76,176 of COVID-19 patients. Pooled estimates for the prevalence of bacterial co-infection and antibiotic use were 5.62% (95% CI 2.26 - 10.31) and 61.77% (CI 50.95 - 70.90), respectively. Sub-group analysis by region demonstrated that bacterial co-infection was more prevalent in North American studies (7.89%, 95% CI 3.30-14.18).

ConclusionPrevalence of bacterial coinfection in COVID-19 is low, yet prevalence of antibiotic prescribing is high, indicating the need for targeted COVID-19 antimicrobial stewardship initiatives to reduce the global threat of AMR."
biorxiv,10.1101/775494,10.1093/braincomms/fcaa052,Brain Communications,Reduction of spontaneous cortical beta bursts in Parkinson’s disease is linked to symptom severity,"Vinding, M. C.; Tsitsi, P.; Waldthaler, J.; Oostenveld, R.; Ingvar, M.; Svenningsson, P.; Lundqvist, D.",neuroscience,2019-09-22,2020-04-28,"Parkinsons disease is characterized by a gradual loss of dopaminergic neurons, which are associated with altered neuronal activity in the beta band (13-30 Hz). Assessing beta band activity typically involves transforming the time-series to get the power of the signal in the frequency-domain. Such transformation assumes that the time-series can be reduced to a combination of steady-state sine-and cosine waves. However, recent studies have suggested that this approach masks relevant biophysical features in the beta band activity--for example, that the beta band exhibits transient bursts of high-amplitude activity.\n\nIn an exploratory study we used magnetoencephalography (MEG) to record cortical beta band activity to characterize how spontaneous cortical beta bursts manifest in Parkinsons patients ON and OFF dopaminergic medication, and compare this to matched healthy controls. From three minutes of MEG data, we extracted the time-course of beta band activity from the sensorimotor cortex and characterized high-amplitude epochs in the signal to test if they exhibited burst like properties. We then compared the rate, duration, inter-burst interval, and peak amplitude of the high-amplitude epochs between the Parkinsons patients and healthy controls.\n\nOur results show that Parkinsons patients OFF medication had a 6-17% lower beta bursts rate compared to healthy controls, while both the duration and the amplitude of the bursts were the same for Parkinsons patients and healthy controls and medicated state of the Parkinsons patients. These data thus support the view that beta bursts are fundamental underlying features of beta band activity, and show that changes in cortical beta band power in PD can be explained primarily by changes in the underlying burst rate. Importantly, our results also revealed a relationship between beta bursts rate and motor symptom severity in PD: a lower burst rate scaled with increased in severity of bradykinesia and postural/kinetic tremor. Beta burst rate might thus serve as neuromarker for Parkinsons disease that can help in the assessment of symptom severity in Parkinsons disease or evaluate treatment effectiveness."
biorxiv,10.1101/2020.03.02.973693,10.1098/rspb.2019.2936,Proceedings of the Royal Society B: Biological Sciences,Personality traits change after an opportunity to mate,"Monestier, C.; BELL, A.",animal behavior and cognition,2020-03-03,2020-04-29,"There is growing evidence that personality traits can change throughout the life course in humans and nonhuman animals. However, the proximate and ultimate causes of personality trait change are largely unknown, especially in adults. In a controlled, longitudinal experiment, we tested whether a key life event for adults - mating - can cause personality traits to change in female threespine sticklebacks. We confirmed that there are consistent individual differences in activity, sociability and risk taking, and then compared these personality traits among three groups of females: 1) control females; 2) females that physically mated; 3) females that socially experienced courtship but did not mate. Both the physical experience of mating and the social experience of courtship caused females to become less willing to take risks and less social. To understand the proximate mechanisms underlying these changes, we measured levels of excreted steroids. Both the physical experience of mating and the social experience of courtship caused levels of dihydroxyprogesterone (17,20{beta}-P) to increase, and females with higher 17,20{beta}-P were less willing to take risks and less social. These results provide experimental evidence that personality traits and their underlying neuroendocrine correlates are influenced by formative social and life-history experiences well into adulthood."
biorxiv,10.1101/2021.11.05.467410,10.1371/journal.pgen.1009928,PLOS Genetics,The Ets protein Pointed P1 represses Asense expression in type II neuroblasts by activating Tailless,"Chen, R.; Deng, X.; Zhu, S.",developmental biology,2021-11-05,2022-01-31,"Intermediate neural progenitors (INPs) boost the number and diversity of neurons generated from neural stem cells (NSCs) by undergoing transient proliferation. In the developing Drosophila brains, INPs are generated from type II neuroblasts (NBs). In order to maintain type II NB identity and their capability to produce INPs, the proneural protein Asense (Ase) needs to be silenced by the Ets transcription factor pointed P1 (PntP1), a master regulator of type II NB development. However, the molecular mechanisms underlying the PntP1-mediated suppression of Ase is still unclear. In this study, we utilized genetic and molecular approaches to determine the transcriptional property of PntP1 and identify the direct downstream effector of PntP1 and the cis-DNA elements that mediate the suppression of ase. Our results demonstrate that PntP1 directly activates the expression of the transcriptional repressor, Tailless (Tll), by binding to seven Ets-binding sites, and Tll in turn suppresses the expression of Ase in type II NBs by binding to two hexameric core half-site motifs. We further show that Tll provides positive feedback to maintain the expression of PntP1 and the identity of type II NBs. Thus, our study identifies a novel direct target of PntP1 and reveals mechanistic details of the specification and maintenance of the type II NB identity by PntP1.

Author summaryType II neuroblasts (NBs) are the neural stem cells (NSCs) in Drosophila central brains that produce neurons by generating intermediate neural progenitors (INPs) to boost brain complexity, as mammalian NSCs do during the development of neocortex. The key to the generation of INPs from type II NBs is the suppression of proneural protein Asense (Ase) in type II NBs by the Ets family transcription factor Pointed P1 (PntP1), but how PntP1 suppresses Ase expression remains unclear. In this study, we provided evidence to demonstrate that PntP1 directly activates the orphan nuclear receptor Tailless (Tll), which in turn suppresses Ase expression to maintain the capability of type II NBs to produce INPs. Meanwhile, Tll provides positive feedback to maintain the expression of PntP1 and type II NB identity. We further identified seven PntP1 binding sites in the tll enhancer regions and two Tll binding sites in the ase regulatory regions that mediate the activation of tll and the suppression of ase, respectively. Our work reveals detailed mechanisms of the specification and maintenance of the type II NB identity by PntP1."
biorxiv,10.1101/2020.05.10.087312,10.7554/elife.58026,eLife,"Multiplexed measurement of variant abundance and activity reveals VKOR topology, active site and human variant impact","Chiasson, M. A.; Rollins, N. J.; Stephany, J. J.; Sitko, K. A.; Matreyek, K. A.; Verby, M.; Sun, S.; Roth, F.; DeSloover, D.; Marks, D. S.; Rettie, A. E.; Fowler, D. M.",genomics,2020-05-10,2020-09-01,"Vitamin K epoxide reductase (VKOR) drives the vitamin K cycle, activating vitamin K-dependent blood clotting factors. VKOR is also the target of the widely used anticoagulant drug, warfarin Despite VKORs pivotal role in coagulation, its structure and active site remain poorly understood. In addition, VKOR variants can cause vitamin K-dependent clotting factor deficiency 2 or alter warfarin response. Here, we used multiplexed, sequencing-based assays to measure the effects of 2,695 VKOR missense variants on abundance and 697 variants on activity in cultured human cells. The large-scale functional data, along with an evolutionary coupling analysis, supports a four transmembrane domain topology, with variants in transmembrane domains exhibiting strongly deleterious effects on abundance and activity. Functionally constrained regions of the protein define the active site, and we find that, of four conserved cysteines putatively critical for function, only three are absolutely required. Finally, 25% of human VKOR missense variants show reduced abundance or activity, possibly conferring warfarin sensitivity or causing disease."
medrxiv,10.1101/2022.02.24.22271384,10.1007/s11357-023-00762-0,GeroScience,Autonomic dysfunction is associated with the development of arterial stiffness: The Whitehall II cohort,"Schaarup, J.; Christensen, M. S.; Hulman, A.; Hansen, C. S.; Vistisen, D.; Tabak, A. G.; Witte, D. R.; Bjerg, L.",epidemiology,2022-02-25,2023-04-19,"Background and aimTo examine the association between baseline level and change of autonomic nervous function with subsequent development of arterial stiffness.

MethodsAutonomic nervous function was assessed of 4,901 participants of the Whitehall II occupational cohort by heart rate variability (HRV) indices and resting heart rate (rHR) three times between 1997-2009, while arterial stiffness was assessed by carotid-femoral pulse wave velocity (PWV) measured twice between 2007-2013. First, individual HRV/rHR levels and annual changes were estimated. Then, we modelled the development of PWV by HRV/rHR using linear mixed effect models. First, we adjusted for sex and ethnicity (model 1), and then for socioeconomic and lifestyle factors, various clinical measurements, and medications (model 2).

ResultsA decrease in HRV and unchanged rHR was associated with subsequent higher levels of PWV, but the effect of a change in HRV was less pronounced at higher ages. A typical individual aged 65 years with a SDNN level of 30 ms and a 2% annual decrease in SDNN had 1.32 (0.95; 1.69) higher PWV compared to one with the same age and SDNN level but with a 1% annual decrease in SDNN. Further adjustment had no major effect on the results.

ConclusionPeople who experience a steeper decline of autonomic nervous function have higher levels of arterial stiffness. However, the association was weaker at higher ages."
biorxiv,10.1101/2025.02.11.637562,10.1140/epje/s10189-025-00495-2,The European Physical Journal E,In vivo validation of kinematic relationships for epithelial morphogenesis,"Namba, T.; Sugimura, K.; Ishihara, S.",biophysics,2025-02-15,2025-06-15,"Tissue growth and deformation result from the combined effects of various cellular events, including cell shape change, cell rearrangement, cell division, and cell death. Resolving and integrating these cellular events is essential for understanding the coordination of tissue-scale growth and deformation by individual cellular behaviors that are critical for morphogenesis, wound healing, and other collective cellular phenomena. For epithelial tissues composed of tightly connected cells, the texture tensor method provides a unified framework for quantifying tissue and cell strains by tracking individual cells in live imaging data. The corresponding kinematic relationships have been introduced in a hydrodynamic model that we previously reported. In this study, we quantitatively evaluated the kinematic equations proposed in the hydrodynamic model using experimental data from a growing Drosophila wing. To accomplish this, we introduced modified definitions of the texture tensor and confirmed that one of these modifications more accurately represents approximated cellular shapes without relying on ad hoc scaling factors. By utilizing the modified tensor, we demonstrated the compatibility of the strain rate tensors and the accuracy of both the kinematic and cell number density equations. These results cross-validate the modified texture analysis and the hydrodynamic model. Furthermore, the precision of the kinematic relationships achieved in this study provides a robust foundation for more advanced integration of modeling and experiment."
medrxiv,10.1101/2021.02.11.21250741,10.1177/14604582221077000,Health Informatics Journal,A Method for Machine Learning Generation of Realistic Synthetic Datasets for Validating Healthcare Applications,"Arvanitis, T. N.; White, S.; Harrison, S.; Chaplin, R.; Despotou, G.",health informatics,2021-02-15,2022-04-13,"BackgroundDigital health applications can improve quality and effectiveness of healthcare, by offering a number of tools to patients, professionals, and the healthcare system. Introduction of new technologies is not without risk, and digital health applications are often considered a medical device. Assuring their safe operation requires, amongst others, clinical validation, which needs large datasets to test their application in realistic clinical scenarios. Access to such datasets is challenging, due to concerns about patient privacy. Development of synthetic datasets, which will be sufficiently realistic to test digital applications, is seen as a potential alternative, enabling their deployment.

ObjectiveThe aim of work was to develop a method for the generation of realistic synthetic datasets, statistically equivalent to real clinical datasets, and demonstrate that Generative Adversarial Network based approach is fit for purpose.

MethodA generative adversarial network was implemented and trained, in a series of six experiments, using numerical and categorical variables from three clinically relevant datasets, including ICD-9 and laboratory codes from the MIMIC III dataset. A number of contextual steps provided the success criteria for the synthetic dataset.

ResultsThe approach created a synthetic dataset that exhibits very similar statistical characteristics with the real dataset. Pairwise association of variables is very similar. A high degree of Jaccard similarity and a successful K-S test further support this.

ConclusionsThe proof of concept of generating realistic synthetic datasets was successful, with the approach showing promise for further work."
biorxiv,10.1101/2022.04.01.486779,10.1109/tcbbio.2025.3595409,IEEE Transactions on Computational Biology and Bioinformatics,GenMPI: Cluster Scalable Variant Calling forShort/Long Reads Sequencing Data,"Ahmad, T.",bioinformatics,2022-04-05,2025-08-05,"Rapid technological advancements in sequencing technologies allow producing cost effective and high volume sequencing data. Processing this data for real-time clinical diagnosis is potentially time-consuming if done on a single computing node. This work presents a complete variant calling workflow, implemented using the Message Passing Interface (MPI) to leverage the benefits of high bandwidth interconnects. This solution (GenMPI) is portable and flexible, meaning it can be deployed to any private or public cluster/cloud infrastructure. Any alignment or variant calling application can be used with minimal adaptation. To achieve high performance, compressed input data can be streamed in parallel to alignment applications while uncompressed data can use internal file seek functionality to eliminate the bottleneck of streaming input data from a single node. Alignment output can be directly stored in multiple chromosome-specific SAM files or a single SAM file. After alignment, a distributed queue using MPI RMA (Remote Memory Access) atomic operations is created for sorting, indexing, marking of duplicates (if necessary) and variant calling applications. We ensure the accuracy of variants as compared to the original single node methods. We also show that for 300x coverage data, alignment scales almost linearly up to 64 nodes (8192 CPU cores). Overall, this work outperforms existing big data based workflows by a factor of two and is almost 20% faster than other MPI-based implementations for alignment without any extra memory overheads. Sorting, indexing, duplicate removal and variant calling is also scalable up to 8 nodes cluster. For pair-end short-reads (Illumina) data, we integrated the BWA-MEM aligner and three variant callers (GATK HaplotypeCaller, DeepVariant and Octopus), while for long-reads data, we integrated the Minimap2 aligner and three different variant callers (DeepVariant, DeepVariant with WhatsHap for phasing (PacBio) and Clair3 (ONT)). All codes and scripts are available at: https://github.com/abs-tudelft/gen-mpi"
biorxiv,10.1101/449702,10.1002/jbio.201900018,Journal of Biophotonics,Enigma at the nanoscale: can the NPC act as an intrinsic reporter for isotropic expansion microscopy?,"Pesce, L.; Cozzolino, M.; Lanzano, L.; Diaspro, A.; Bianchini, P.",biophysics,2018-10-23,2019-04-13,"Expansion microscopy is a super-resolution method that allows expanding uniformly biological samples, by increasing the relative distances among fluorescent molecules labeling specific components. The main \""enigma\"" regarding this approach is given by the isotropic behavior at the nanoscale. The present study aims to determine the robustness of such a technique, quantifying the expansion parameters i.e. scale factor, isotropy, uniformity. Our focus is on the nuclear pore complex (NPC), as well-known nanoscale component endowed of a preserved and symmetrical structure localized on the nuclear envelope. Here, we show that Nup153 is a good reporter to quantitatively address the isotropy of the expansion process. The quantitative analysis carried out on NPCs, at different spatial scales, allows concluding that expansion microscopy can be used at the nanoscale with a uniform accuracy in the range of 20 nm. In addition, it is an excellent method for structural studies of macromolecular complexes."
biorxiv,10.1101/2023.12.11.570862,10.1093/bjd/ljae249,British Journal of Dermatology,Gene expression landscape of cutaneous squamous cell carcinoma progression,"Bencomo, T.; Lee, C. S.",cancer biology,2023-12-13,2024-06-13,"BackgroundCutaneous squamous cell carcinomas (SCC) are the second most common human cancer and have been characterized by RNA sequencing (RNA-Seq); however, the transferability of findings from individual studies may be limited by small sample sizes and diverse analysis protocols.

ObjectivesTo define the transcriptome landscape at different stages in the progression of normal skin to SCC through a meta-analysis of publicly available RNA-Seq samples

MethodsWhole-transcriptome data from 73 normal skin samples, 46 actinic keratoses (AK), 16 in situ SCC, 13 keratoacanthomas (KA), and 147 SCC (including 30 SCC from immunocompromised patients and 8 SCC from individuals with recessive dystrophic epidermolysis bullosa [RDEB]) was uniformly processed to harmonize gene expression. Differential expression, fusion detection, and cell-type deconvolution analyses were performed.

ResultsIndividual RNA-Seq studies of SCC demonstrated study-specific clustering and varied widely in their differential gene expression detection. Following batch correction, we defined a consensus set of differentially expressed genes (DEGs), including those altered in the preinvasive stages of SCC development, and used single-cell RNA-Seq data to demonstrate that DEGs are often, but not always, expressed by tumor-specific keratinocytes (TSKs). Analysis of the cellular composition of SCC, KA, and RDEB-SCC identified an increase in differentiated keratinocytes in KA, while RDEB-SCC contained the most TSKs. Compared to SCC arising in immunocompetent patients, SCC from immunosuppressed individuals demonstrated fewer memory B cells and CD8 T cells. A comprehensive and unbiased search for fusion transcripts in SCC and intermediate disease stages identified few candidates that recur in >1% of all specimens, suggesting most SCC are not driven by oncogenic gene fusions. Finally, using GTEx data, we distilled a novel 300-gene signature of chronic sun exposure that affirms greater cumulative ultraviolet (UV) exposure in later stages of SCC development.

ConclusionsOur results define the gene expression landscape of SCC progression, characterize cell subpopulation heterogeneity in SCC subtypes that contribute to their distinct clinical phenotypes, demonstrate that gene fusions are not a common cause of SCC, and identify UV-responsive genes associated with SCC development.

What is already known about this topic?O_LICutaneous squamous cell carcinoma (SCC) is one of the most common cancers worldwide.
C_LIO_LISeveral studies have examined gene expression changes in SCC using RNA sequencing (RNA-Seq) but comparison of their results is difficult due to inter-study variation and diverse bioinformatic pipelines and protocols.
C_LIO_LIA few gene fusions have been described in SCC, but a comprehensive characterization of fusion transcripts in patient samples has not been performed.
C_LI

What does this study add?O_LIWe re-analyzed RNA-Seq data from 11 studies of SCC and its preinvasive stages to create a list of consensus differentially expressed genes and identify those that are UV-responsive.
C_LIO_LIClinically aggressive SCC displayed more tumor-specific keratinocytes, while keratoacanthomas contained more differentiated keratinocytes. SCC in immunocompetent persons had more memory B cells and CD8 T cells than those arising in immunosuppressed individuals.
C_LIO_LIPreviously reported gene fusions were not detected and most fusion candidates did not demonstrate pathogenic features.
C_LI

What is the translational message?O_LIOur analysis harmonizes differing results from previous studies to provide a robust list of genes implicated in SCC development.
C_LIO_LIOur findings suggest gene fusions are not a common driver event in SCC.
C_LI"
medrxiv,10.1101/2020.07.03.20145839,10.1093/ageing/afaa207,Age and Ageing,"The Impact of COVID-19 on Adjusted Mortality Risk in Care Homes for Older Adults in Wales, United Kingdom: A retrospective population-based cohort study for mortality in 2016-2020","Hollinghurst, J.; Lyons, J.; Fry, R.; Akbari, A.; Gravenor, M.; Watkins, A.; Verity, F.; Lyons, R. A.",public and global health,2020-07-04,2020-09-16,"BackgroundMortality in care homes has had a prominent focus during the COVID-19 outbreak. Multiple and interconnected challenges face the care home sector in the prevention and management of outbreaks of COVID-19, including adequate supply of personal protective equipment, staff shortages, and insufficient or lack of timely COVID-19 testing. Care homes are particularly vulnerable to infectious diseases.

AimTo analyse the mortality of older care home residents in Wales during COVID-19 lockdown and compare this across the population of Wales and the previous 4-years.

Study Design and SettingWe used anonymised Electronic Health Records (EHRs) and administrative data from the Secure Anonymised Information Linkage (SAIL) Databank to create a cross-sectional cohort study. We anonymously linked data for Welsh residents to mortality data up to the 14th June 2020.

MethodsWe calculated survival curves and adjusted Cox proportional hazards models to estimate hazard ratios (HRs) for the risk of mortality. We adjusted hazard ratios for age, gender, social economic status and prior health conditions.

ResultsSurvival curves show an increased proportion of deaths between 23rd March and 14th June 2020 in care homes for older people, with an adjusted HR of 1{middle dot}72 (1{middle dot}55, 1{middle dot}90) compared to 2016. Compared to the general population in 2016-2019, adjusted care home mortality HRs for older adults rose from 2{middle dot}15 (2{middle dot}11,2{middle dot}20) in 2016-2019 to 2{middle dot}94 (2{middle dot}81,3{middle dot}08) in 2020.

ConclusionsThe survival curves and increased HRs show a significantly increased risk of death in the 2020 study periods."
biorxiv,10.1101/2024.12.16.628827,10.1021/acsnano.5c02111,ACS Nano,Lipid Nanoparticle Barcoding for Multiplexed Single-Cell RNA Sequencing,"Feng, Y.; Chen, D.; Applegate, C. C.; Gonzalez Medina, N. Y.; Kuo, C.-W.; Arogundade, O. H.; Wright, C. L.; Xu, F.; Drnevich, J.; Smith, A. M.",bioengineering,2024-12-20,2025-06-09,"Sample multiplexing is an emerging method in single-cell RNA sequencing (scRNA-seq) that addresses high costs and batch effects. Current multiplexing schemes use DNA labels to barcode cell samples but are limited in their stability and extent of labeling across heterogeneous cell populations. Here, we introduce Nanocoding using lipid nanoparticles (LNPs) for high barcode labeling density in multiplexed scRNA-seq. LNPs reduce dependencies on cell surface labeling mechanisms due to multiple controllable means of cell uptake, amplifying barcode loading 10-100-fold and allowing both protection and efficient release by dissolution. In cultured cell lines and heterogeneous cells from tissue digests, Nanocoding occurs in 40 minutes with stability after sample mixing and requires only commercially available reagents without novel chemical modifications. In spleen digests, 6-plex barcoded samples show minimal unlabeled cells, with all barcodes giving bimodal count distributions. Challenging samples containing lipid-rich debris and heterogeneous cells from adipose tissue of obese rodents show more than 95% labeling with all known subtypes identified. Using Nanocoding, we investigate gene expression changes related to aging in adipose tissue, profiling cells that could not be readily identified with current direct conjugate methods using lipid or antibody conjugates. This ease of generating and tuning these constructs may afford efficient and robust whole-sample multiplexing with minimal sample crosstalk."
medrxiv,10.1101/2019.12.31.19016246,10.1093/sleep/zsaa172,Sleep,A new incidence peak of childhood narcolepsy type 1 in 2013:a new perspective on the role of influenza virus?,"Zhang, Z.; Gool, J.; Fronczek, R.; Bassetti, C. L.; Dauvilliers, Y.; Mayer, G.; Plazzi, G.; Pizza, F.; Santamaria, J.; Partinen, M.; Overeem, S.; Peraita-Adrados, R.; da Silva, A. M.; Sonka, K.; del Rio-Villegas, R.; Heinzer, R.; Wierzbicka, A.; Young, P.; Högl, B.; Manconi, M.; Feketeova, E.; Mathis, J.; Paiva, T.; Canellas, F.; Lecendreux, M.; Baumann, C. R.; Barateau, L.; Pesenti, C.; Antelmi, E.; Gaig, C.; Iranzo, A.; Lillo-Triguero, L.; Medrano-Martinez, P.; Haba-Rubio, J.; Gorban, C.; Lammers, G.-J.; Khatami, R.",neurology,2020-01-02,2020-09-10,"Increased incidence rates of narcolepsy type 1 (NT1) after the 2009-2010 H1N1 influenza pandemic (pH1N1) have been reported world-wide. While some European countries found an association between the NT1 increase and H1N1 vaccination Pandemrix, reports from Asian countries suggested the H1N1 virus rather than Pandemrix to be linked with the increase of new NT1 cases. We analyzed the number of de-novo NT1 cases in the last two decades until 2016 using the European Narcolepsy Network (EU-NN) database. Using robust data-driven modelling approaches we confirmed the peak of NT1 incidence in 2009-2010 pH1N1 and identified a new peak in 2013 that is age-specific for children/adolescents. Most of these de-novo cases showed a subacute disease onset consistent with an immune-mediated type of narcolepsy, which is most likely not related to Pandemrix vaccination that was used in 2009-2010, but may have been triggered by some new epidemiological event in Europe. Our finding of an unexpected peak in de-novo children narcolepsy in 2013 provides a unique opportunity to develop new hypotheses, such as considering other (influenza) viruses to further investigate the pathophysiology of immune-mediated narcolepsy."
medrxiv,10.1101/2021.05.04.21256599,10.1097/md.0000000000027422,Medicine,Derivation and external validation of a simple risk score to predict in-hospital mortality in patients hospitalized for COVID-19,"Mann, C. Z.; Abshire, C.; Yost, M.; Kaatz, S.; Swaminathan, L.; Flanders, S. A.; Prescott, H. C.; Gagnon-Bartsch, J. A.",emergency medicine,2021-05-06,2021-10-08,"BackgroundAs SARS-CoV-2 continues to spread, and hospitals are treating a large number of patients with COVID-19, easy-to-use risk models that predict hospital mortality can assist in clinical decision making and triage.

ObjectiveAs SARS-CoV-2 continues to spread, easy-to-use risk models that predict hospital mortality can assist in clinical decision making and triage. We aimed to develop a risk score model for in-hospital mortality in patients hospitalized with COVID-19 that was robust across hospitals and used clinical factors that are readily available and measured standardly across hospitals.

MethodsIn this observational study we developed a risk score model using data collected by trained abstractors for patients in 20 diverse hospitals across the state of Michigan (Mi-COVID19) who were discharged between March 5, 2020 and August 14, 2020. Patients who tested positive for SARS-CoV-2 during hospitalization or were discharged with an ICD-10 code for COVID-19 (U07.1) were included. We employed an iterative forward selection approach to consider the inclusion of 145 potential risk factors available at hospital presentation. Model performance was externally validated with patients from 19 hospitals in the Mi-COVID19 registry not used in model development. We shared the model in an easy-to-use online application that allows the user to predict in-hospital mortality risk for a patient if they have any subset of the variables in the final model.

ResultsOur final model includes the patients age, first recorded respiratory rate, first recorded pulse oximetry, highest creatinine level on day of presentation, and hospitals COVID-19 mortality rate. No other factors showed sufficient incremental model improvement to warrant inclusion. The AUC for the derivation and validation sets were .796 and .829 respectively.

ConclusionsRisk of in-hospital mortality in COVID-19 patients can be reliably estimated using a few factors, which are standardly measured and available to physicians very early in a hospital encounter."
biorxiv,10.1101/2025.10.22.683659,10.1073/pnas.2530123123,Proceedings of the National Academy of Sciences,Individual Differences in Speech Monitoring: Functional and Structural Correlates of Delayed Auditory Feedback,"Ozker, M.; Giglio, L.; Beyh, A.; Forkel, S.; Hagoort, P.",neuroscience,2025-10-22,2026-06-22,"Sensory feedback is essential for the fine-tuning of motor actions, and speech production is no exception. It depends on continuous self-monitoring to ensure that produced sounds match intended targets. Delaying auditory feedback (DAF) disrupts this alignment and impairs fluency, providing a powerful tool to investigate sensorimotor control. We combined functional and diffusion-weighted MRI in 31 participants performing a word-production task under delayed (DAF) and immediate (no-DAF) auditory feedback. While all participants slowed their speech under DAF, the extent of this effect varied across individuals and was quantified using a susceptibility index (SI). At the group level, DAF elicited increased activation in a right-lateralized network encompassing the superior temporal gyrus, supramarginal gyrus, inferior frontal gyrus, supplementary motor area, and left cerebellum. Incorporating individual differences revealed that higher susceptibility was associated with greater activation in left-hemisphere speech motor homologues and larger volume of the right long arcuate fasciculus, a white-matter pathway connecting auditory and motor speech regions. This pattern suggests that vulnerability reflects increased recruitment of neural resources and a stronger reliance on auditory-motor coupling. In contrast, resilience was associated with greater engagement of the bilateral angular gyrus and higher fiber density in the right posterior arcuate fasciculus, which connects auditory and somatosensory speech regions. This finding indicates that resilience is supported by a posterior circuit that efficiently integrates multi-modal sensory feedback. Together, these findings link functional dynamics with underlying structural connectivity to reveal how a right-lateralized network supports speech control, while accounting for individual differences in susceptibility to fluency disruption.

Significance StatementFluent speech depends on the brains ability to monitor self-produced sounds and sensations from articulatory organs to adjust motor commands in real time. To uncover the neural basis of this process, we combined a fluency-disrupting paradigm, delayed auditory feedback (DAF), with functional and structural neuroimaging. This multimodal approach revealed that while DAF processing relies on a right-lateralized network, more susceptible individuals show enhanced recruitment of left-hemisphere monitoring regions. We also found that stronger white-matter connections in the right posterior arcuate fasciculus predict greater resilience and fluency. These findings provide an anatomically grounded account of how auditory and somatosensory feedback interact to support speech production, offering new insight into why some individuals are more susceptible to fluency breakdowns and related disorders."
biorxiv,10.1101/2024.12.16.628561,10.3390/microbiolres16060125,Microbiology Research,A novel SARS-CoV-2-derived infectious vector system,"Elfayres, G.; Xiao, Y.; Pan, Q.; Liang, C.; Barbeau, B.; Berthoux, L.",microbiology,2024-12-16,2025-06-11,"Severe acute respiratory syndrome coronavirus 2 (SARS-CoV-2) is the causative agent of COVID-19. The development of antiviral drugs for COVID-19 has been hampered by the requirement of a biosafety level 3 (BSL3) laboratory for experiments related to SARS-CoV-2, and by the lack of easy and precise methods for quantification of infection. Here, we developed a SARS-CoV-2 viral vector composed of all four SARS-CoV-2 structural proteins constitutively expressed in lentivirally transduced cells, combined with an RNA replicon deleted for SARS-CoV-2 structural protein genes S, M and E, and expressing a luciferase-GFP fusion protein. We show that, after concentrating viral stocks by ultracentrifugation, the SARS-CoV-2 viral vector is able to infect two human cell lines expressing receptors ACE2 and TMPRSS2. Both luciferase activity and GFP fluorescence were detected, and transduction was remdesivir-sensitive. We also show that this vector is inhibited by three type I interferons (IFN-I) subtypes. Although improvements are needed to increase infectious titers, this vector system may prove useful for antiviral drug screening and SARS-CoV-2-related investigations."
medrxiv,10.1101/2020.03.09.20033464,10.1016/j.isatra.2021.12.004,ISA Transactions,Lessons drawn from China and South Korea for managing COVID-19 epidemic: insights from a comparative modeling study,"Tang, B.; Xia, F.; Bragazzi, N. L.; Wang, X.; He, S.; Sun, X.; Tang, S.; Xiao, Y.; Wu, J.",infectious diseases,2020-03-13,2021-12-28,"We conducted a comparative study of COVID-19 epidemic in three different settings: mainland China, the Guangdong province of China and South Korea, by formulating two disease transmission dynamics models incorporating epidemic characteristics and setting-specific interventions, and fitting the models to multi-source data to identify initial and effective reproduction numbers and evaluate effectiveness of interventions. We estimated the initial basic reproduction number for South Korea, the Guangdong province and mainland China as 2.6 (95% confidence interval (CI): (2.5, 2.7)), 3.0 (95%CI: (2.6, 3.3)) and 3.8 (95%CI: (3.5,4.2)), respectively, given a serial interval with mean of 5 days with standard deviation of 3 days. We found that the effective reproduction number for the Guangdong province and mainland China has fallen below the threshold 1 since February 8th and 18th respectively, while the effective reproduction number for South Korea remains high, suggesting that the interventions implemented need to be enhanced in order to halt further infections. We also project the epidemic trend in South Korea under different scenarios where a portion or the entirety of the integrated package of interventions in China is used. We show that a coherent and integrated approach with stringent public health interventions is the key to the success of containing the epidemic in China and specially its provinces outside its epicenter, and we show that this approach can also be effective to mitigate the burden of the COVID-19 epidemic in South Korea. The experience of outbreak control in mainland China should be a guiding reference for the rest of the world including South Korea."
biorxiv,10.1101/2025.02.13.638074,10.1038/s41698-025-01093-3,npj Precision Oncology,Single Cell RNA-sequencing of BCG naive and recurrent non-muscle invasive bladder cancer reveals a CD6/ALCAM mediated immune-suppressive pathway,"Juric, I.; Fink, E. E.; Qiu, H.; Desprez, P.-E.; RAVI, A.; Holton, M.; Makarov, V.; Almassi, N.; Min, B.; Getz, G.; Chan, T.; Alban, T.; Ting, A. H.; Lee, B. H.",cancer biology,2025-02-17,2025-09-26,"Non-muscle invasive bladder cancer (NMIBC) represents 70-80% patients with newly diagnosed bladder cancer, and Bacillus Calmette-Guerin (BCG) remains a cornerstone treatment for intermediate-and high-risk NMIBC to prevent disease recurrence and progression. However, many patients experience recurrence after induction BCG, posing significant challenges in the management of the disease. We conducted single cell RNA sequencing on freshly collected NMIBC samples, distinguishing between those naive to BCG treatment and those that recurred post-BCG treatment. We observed a clear activation of inflammatory pathways across cell types during recurrence, but these were not associated with canonical immune checkpoint or T cell exhaustion phenotypes. Analysis of cell-to-cell communication revealed enhanced interactions between T cells and urothelial cells in BCG-recurrence, predominantly modulated by CD6 and ALCAM. Furthermore, we found CD6hi T cells to be immunosuppressed and enriched in recurrent samples, suggesting a potential role for CD6 as an immune evasion signal in NMIBC.

SIGNIFICANCEThese findings uncover a novel mechanism responsible for bladder cancer recurrence after BCG treatment. Enhanced T cell-urothelial cell communication in recurrent tumors mediated by CD6 and ALCAM leads to an immunosuppressed state. Thus, CD6 may have potential as a therapeutic target to augment BCG response in non-muscle invasive bladder cancer."
biorxiv,10.1101/2020.06.18.160366,10.1371/journal.pone.0249117,PLOS ONE,Generation and utilization of a HEK-293T murine GM-CSF expressing cell line,"Carpenter, S.; Robinson, E. K.; Covarrubias, S.; Zhou, S.",immunology,2020-06-20,2021-04-09,"Macrophages and dendritic cells (DCs) are innate immune cells that play a key role in defense against pathogens. In vitro cultures of bone marrow-derived macrophages (BMDMs) and dendritic cells (BMDCs) are well-established and valuable methods for immunological studies. Typically, commercially available recombinant GMCSF is utilized to generate BMDCs and is also used to culture alveolar macrophages. We have generated a new HEK-293T cell line expressing murine GM-CSF that secretes high levels of GM-CSF ([~]180ng/ml) into complete media as an alternative to commercial GM-CSF. Differentiation of dendritic cells and expression of various markers were kinetically assessed using the GM-CSF HEK293T cell line, termed supGM-CSF and compared directly to purified commercial GMCSF. After 7-9 days of cell culture the supGM-CSF yielded twice as many viable cells compared to the commercial purified GM-CSF. In addition to differentiating BMDCs, the supGM-CSF can be utilized to culture alveolar macrophages without an altering inflammatory activation cascade. Collectively, our results show that supernatant from our GM-CSF HEK293T cell line supports the differentiation of mouse BMDCs or alveolar macrophage culturing, providing an economical alternative to purified GM-CSF."
medrxiv,10.1101/2024.04.17.24305620,10.1093/brain/awae327,Brain,Default mode network tau predicts future clinical decline in atypical early Alzheimer's disease,"Katsumi, Y.; Howe, I. A.; Eckbo, R.; Wong, B.; Quimby, M.; Hochberg, D.; McGinnis, S. M.; Putcha, D.; Wolk, D. A.; Touroutoglou, A.; Dickerson, B. C.",neurology,2024-04-19,2024-10-16,"Identifying individuals with early stage Alzheimers disease (AD) at greater risk of steeper clinical decline would allow professionals and loved ones to make better-informed medical, support, and life planning decisions. Despite accumulating evidence on the clinical prognostic value of tau PET in typical late-onset amnestic AD, its utility in predicting clinical decline in individuals with atypical forms of AD remains unclear. In this study, we examined the relationship between baseline tau PET signal and the rate of subsequent clinical decline in a sample of 48 A+/T+/N+ patients with mild cognitive impairment or mild dementia due to AD with atypical clinical phenotypes (Posterior Cortical Atrophy, logopenic variant Primary Progressive Aphasia, and amnestic syndrome with multi-domain impairment and age of onset < 65 years). All patients underwent structural magnetic resonance imaging (MRI), tau (18F-Flortaucipir) PET, and amyloid (either 18F-Florbetaben or 11C-Pittsburgh Compound B) PET scans at baseline. Each patients longitudinal clinical decline was assessed by calculating the annualized change in the Clinical Dementia Rating Sum-of-Boxes (CDR-SB) scores from baseline to follow-up (mean time interval = 14.55 {+/-} 3.97 months). Our sample of early atypical AD patients showed an increase in CDR-SB by 1.18 {+/-} 1.25 points per year: t(47) = 6.56, p < .001, d = 0.95. These AD patients showed prominent baseline tau burden in posterior cortical regions including the major nodes of the default mode network, including the angular gyrus, posterior cingulate cortex/precuneus, and lateral temporal cortex. Greater baseline tau in the broader default mode network predicted faster clinical decline. Tau in the default mode network was the strongest predictor of clinical decline, outperforming baseline clinical impairment, tau in other functional networks, and the magnitude of cortical atrophy and amyloid burden in the default mode network. Overall, these findings point to the contribution of baseline tau burden within the default mode network of the cerebral cortex to predicting the magnitude of clinical decline in a sample of atypical early AD patients one year later. This simple measure based on a tau PET scan could aid the development of a personalized prognostic, monitoring, and treatment plan tailored to each individual patient, which would help clinicians not only predict the natural evolution of the disease but also estimate the effect of disease-modifying therapies on slowing subsequent clinical decline given the patients tau burden while still early in the disease course."
biorxiv,10.1101/2025.07.22.665897,10.1016/j.jbc.2025.110797,Journal of Biological Chemistry,Simultaneous ligand binding to intact and partially formed ATP binding sites in the hexameric termination factor Rho,"Billings, T. D.; Baker, K. L.; Lacey, P.; Muzquiz, R.; Wysocki, V. H.; Foster, M. P.",biophysics,2025-07-24,2025-10-09,"Thermodynamic coupling between ligand binding sites affords macromolecular machines a means to coordinate processive function. Because these machines may be compositionally complex, quantifying and interpreting ligand binding events can be experimentally difficult. Biophysical methods that convolve binding events into a one-dimensional metric, which suffice for monomeric macromolecules that bind to a single ligand, are insufficient to adequately describe the complexity of binding to oligomeric systems. Confounding factors include structural heterogeneity that may invalidate basic assumptions used to interpret the measurements. In this communication, we use native mass spectrometry to measure ATP binding to a hexameric helicase, the E. coli termination factor Rho. Providing new insights into classical and more recent biochemical experiments, we observe and quantify ATP binding to hexameric and lower-order complexes. Moreover, we observe super-stoichiometric binding consistent with ATP binding to partially formed binding sites at the edges of the open washer structure. Such detailed insights are likely critical to understanding the mechanisms by which a broad range of macromolecular machines harness the free energy from ligand binding, hydrolysis, and exchange to coordinate their ligand-dependent functions."
biorxiv,10.1101/2020.09.03.282301,10.1073/pnas.2119183119,Proceedings of the National Academy of Sciences,Quantitative analysis of transporter activity biosensors,"Park, J.; Chavez, T. M.; Frommer, W.; Cheung, L. S.",bioengineering,2020-09-04,2022-01-19,"The allocation of sugars from photosynthetic leaves to storage tissues in seeds, fruits, and tubers is an important determinant of crop yields. Genetically guided selection and transgenic modification of plant membrane transporters can help enhance crop yields and increase pathogen resistance. Yet, quantitative, systems-level models to support this effort are lacking. Recently, biosensors gained popularity for collecting spatiotemporally resolved information on cell physiology and validating computational models. Here, we report the design and use of genetically-encoded biosensors to measure the activity of SWEETs, the only family of sugar transporters known to facilitate the cellular release of sugar in plants. We created SweetTrac sensors by inserting circularly-permutated GFP into SWEET transporters, resulting in chimeras that translate substrate-triggered conformational rearrangements during the transport cycle into detectable changes in fluorescence intensity. We demonstrate that a combination of cell sorting and bioinformatics can be applied as a general approach to accelerate the design of biosensors for in vivo biochemistry. Finally, mass action kinetics analysis of the biosensors response suggests that SWEETs are low-affinity, near-symmetric transporters that can rapidly equilibrate intra- and extracellular concentrations of sugars.

Significance StatementTransporters are the gatekeepers of the cell. Transporters facilitate the exchange of ions and metabolites between cellular and subcellular compartments, thus controlling processes from bacterial chemotaxis to the release of neurotransmitters. In plants, transporters play critical roles in the allocation of carbon to different organs. Biosensors derived from transporters have been generated to monitor the activity of these proteins within the complex environment of the cell. However, a quantitative framework that reconciles molecular and cellular-level events to help interpret the response of biosensors is still lacking. Here, we created novel sugar transport biosensors and formulated a mathematical model to explain their response. These types of models can help realize multiscale, dynamic simulations of metabolite allocation to guide crop improvement."
biorxiv,10.1101/2022.08.01.502418,10.1021/acssynbio.2c00419,ACS Synthetic Biology,Rapid and accurate assembly of large DNA assisted by in vitro packaging of bacteriophage,"Nozaki, S.",synthetic biology,2022-08-02,2022-11-30,"Development of DNA assembly methods made it possible to construct large DNA. However, achieving the large DNA assembly easily, accurately, and at low cost remains a challenge. This study shows that DNA assembled only by annealing of overlapping single-stranded DNA ends, which are generated by exonuclease treatment, without ligation can be packaged in phage particles and can also be transduced into bacterial cells. Based on this, I developed a simple method to construct long DNA of about 40 - 50 kb from multiple PCR fragments using the bacteriophage in vitro packaging system. This method, named iPac (in vitro Packaging-assisted DNA assembly), allowed accurate and rapid construction of large plasmids and phage genomes. This simple method will accelerate research in molecular and synthetic biology, including the construction of gene circuits or the engineering of metabolic pathways.



O_FIG O_LINKSMALLFIG WIDTH=200 HEIGHT=98 SRC=""FIGDIR/small/502418v1_ufig1.gif"" ALT=""Figure 1"">
View larger version (20K):
org.highwire.dtl.DTLVardef@13aa8f6org.highwire.dtl.DTLVardef@2aea9aorg.highwire.dtl.DTLVardef@19054c2org.highwire.dtl.DTLVardef@acb76a_HPS_FORMAT_FIGEXP  M_FIG C_FIG"
medrxiv,10.1101/2020.09.14.20191098,10.1016/j.ajem.2021.01.006,The American Journal of Emergency Medicine,Neutrophil-to-lymphocyte ratio on admission to predict the severity and mortality of COVID-19 patients: a meta-analysis,"Simadibrata, D. M.; Calvin, J.; Wijaya, A. D.; Ibrahim, N. A. A.",hematology,2020-09-15,2021-01-11,"The neutrophil-to-lymphocyte ratio (NLR), an inflammatory marker, was suggested to be predictive of severity and mortality in COVID-19 patients, thus allowing early risk stratification. In this study, we investigated whether NLR levels on admission could predict the severity and mortality of COVID-19 patients. A literature search was conducted on 23 July 2020 to retrieve all published articles, including grey literature and preprints, investigating the association between on-admission NLR values and severity or mortality in COVID-19 patients. The risk of bias was assessed using the Newcastle Ottawa Scale (NOS). A meta-analysis was performed to determine the overall standardized mean difference (SMD) in NLR values and the pooled risk ratio (RR) for severity and mortality with the 95% Confidence Interval (95%CI). Meta-regression analysis was done to identify potential confounders. A total of 38 articles, including 5699 patients with severity outcomes and 6033 patients with mortality outcomes, were included. The meta-analysis showed that severe and non-survivors of COVID-19 had higher on-admission NLR levels than non-severe and survivors (SMD 0.88; 95%CI 0.72-1.04; I2=75% and 1.68; 95%CI 0.98-2.39; I2=99%, respectively). Regardless of the different NLR cut-off values, the pooled mortality RR in patients with elevated vs. normal NLR levels was 2.75 (95%CI 0.97-7.72). Meta-regression analysis showed that the association between NLR levels on admission and COVID-19 severity and mortality was unaffected by age (p=0.236; p=0.213, respectively). High NLR levels on admission were associated with severe COVID-19 and mortality. Further studies need to focus on determining the optimal cut-off value for NLR before clinical use.

Key PointsO_LIHigh neutrophil-to-lymphocyte ratio (NLR) is associated with severe COVID-19 and mortality
C_LIO_LINLR is a simple, accessible, near real-time, and cost-effective biomarker recommended for use in resource-limited healthcare settings
C_LI"
biorxiv,10.1101/2023.05.03.539219,10.24072/pcjournal.590,Peer Community Journal,Adding density-independent breeding success reduce process error in a state space model of the population dynamics of Willow grouse (Lagopus lagopus),"Willebrand, T.; Hornell-Willebrand, M.; Brittas, R.",ecology,2023-05-04,2025-09-15,"Willow ptarmigan Lagopus lagopus is abundant in Arctic and tundra regions, but rapid climate warming has raised concerns about possible declines as has been observed in several bird species. In this study, we used a hierarchical state-space model to analyze data from a 139 km line transects in mid-Sweden over 48 years. Adult numbers and breeding success were analyzed separately, and we included covariates on vole abundance, numbers of snow-free days in autumn and spring, and the last day of frost in May. We assessed long-term trends in the adult population and estimated the effects of breeding success and weather variation on short-term changes. The estimates of adult density did not show any trend for the period 1976 to 2023, and the dynamics were characterized by a strong direct negative density dependence indicating a stationary process. A number of possible mechanisms have been suggested for how a warmer climate affects willow ptarmigan population dynamics, but our results do not support the hypothesis that lack of snow in autumn and spring increases the vulnerability of willow ptarmigan to predation and leads to population decline. Breeding success is an important driver of changes in, but independent of, adult density. In addition to predation, we propose that climate conditions and emerging vegetation during egg formation and laying is important. We suggest that our results can be explained by a diverse predator assemblage that makes it difficult for the population to escape top-down control, resulting in short-term fluctuations at lower densities."
biorxiv,10.1101/2022.09.07.506897,10.1093/gbe/evad034,Genome Biology and Evolution,Synteny identifies reliable orthologs for phylogenomics and comparative genomics of the Brassicaceae,"Walden, N.; Schranz, M. E.",evolutionary biology,2022-09-07,2023-02-24,"Large genomic datasets are becoming the new normal for any facet of phylogenetic research, but identification of true orthologous genes and exclusion of problematic paralogs is still challenging when applying commonly used sequencing methods such as target enrichment. Here, we compared conventional ortholog detection using OrthoFinder with ortholog detection through genomic synteny in a dataset of eleven representative diploid Brassicaceae whole genome sequences spanning the entire phylogenetic space. We then evaluated the resulting gene sets regarding gene number, functional annotation, gene and species tree resolution. Finally, we used the syntenic gene sets for comparative genomics and ancestral genome analysis. The use of synteny resulted in considerably more orthologs and also allowed us to reliably identify paralogs. Surprisingly, we did not detect notable differences between species trees reconstructed from syntenic orthologs compared other gene sets, including the Angiosperm353 set and a Brassicaceae specific target enrichment gene set. However, the synteny dataset comprised a multitude of gene functions, strongly suggesting that this method of marker selection for phylogenomics is suitable for studies that value downstream gene function analysis, gene interaction and network studies. Finally, we present the first ancestral genome reconstruction for the Core Brassicaceae predating the Brassicaceae lineage diversification [~]25 million years ago."
biorxiv,10.1101/2022.05.06.490885,10.1002/humu.24450,Human Mutation,Phasing of de novo mutations using a scaled-up multiple amplicon long-read sequencing approach,"Holt, G. S.; Batty, L.; Alobaidi, B.; Smith, H.; Oud, M. S.; Ramos, L.; Xavier, M. J.; Veltman, J. A.",genomics,2022-05-06,2022-09-01,"De novo mutations (DNMs) play an important role in severe genetic disorders that reduce fitness. To better understand the role of DNMs in disease, it is important to determine the parent-of-origin and timing of the mutational events that give rise to the mutations, especially in sex-specific developmental disorders such as male infertility. However, currently available short-read sequencing approaches are not ideally suited for phasing as this requires long continuous DNA strands that span both the DNM and one or more informative SNPs. To overcome these challenges, we optimised and implemented a multiplexed long-read sequencing approach using the Oxford Nanopore technologies MinION platform. We specifically focused on improving target amplification, integrating long-read sequenced data with high-quality short-read sequence data, and developing an anchored phasing computational method. This approach was able to handle the inherent phasing challenges that arise from long-range target amplification and the normal accumulation of sequencing error associated with long-read sequencing. In total, 77 out of 109 DNMs (71%) were successfully phased and parent-of-origin identified. The majority of phased DNMs were prezygotic (90%), the accuracy of which is highlighted by the average mutant allele frequency of 49.6% and a standard error margin of 0.84%. This study demonstrates the benefits of using an integrated short-read and long-read sequencing approach for large-scale DNM phasing."
biorxiv,10.1101/2022.01.19.476939,10.1073/pnas.2201008119,Proceedings of the National Academy of Sciences,Lysosomes are Required for Early Dorsal Signaling in the Xenopus Embryo,"Tejeda Munoz, N.; De Robertis, E. M.",developmental biology,2022-01-20,2022-04-21,"Lysosomes are the digestive center of the cell and play important roles in human disease, including cancer. Previous work has suggested that late endosomes, also known as multivesicular bodies (MVBs), and lysosomes are essential for canonical Wnt pathway signaling. Sequestration of Glycogen Synthase 3 (GSK3) and of {beta}{square}catenin destruction complex components in MVBs is required for sustained canonical Wnt signaling. Little is known about the role of lysosomes during early development. In the Xenopus egg, a Wnt-like cytoplasmic determinant signal initiates formation of the body axis following a cortical rotation triggered by sperm entry. Here we report that cathepsin D was activated in lysosomes specifically on the dorsal marginal zone of the embryo at 64-cell stage, long before zygotic transcription starts. Expansion of the multivesicular body (MVB) compartment with low-dose Hydroxychloroquine (HCQ) greatly potentiated the dorsalizing effects of the Wnt agonist Lithium chloride (LiCl) in embryos, and this effect required macropinocytosis. Formation of the dorsal axis required lysosomes, as indicated by brief treatments with the vacuolar ATPase (V-ATPase) Bafilomycin A1 inhibitor at the 32-cell stage. Inhibiting the MVB-forming machinery with a dominant-negative point mutation in Vacuolar Protein Sorting 4 (Vps4-EQ) also interfered with the endogenous dorsal axis. The Wnt-like activity of the dorsal cytoplasmic determinant Huluwa (Hwa), and that of microinjected xWnt8 mRNA, also required lysosome acidification and the MVB-forming machinery. We conclude that lysosome function is essential for early dorsal axis development in Xenopus. The results highlight the intertwining between membrane trafficking, lysosomes, and vertebrate axis formation.

SignificanceThe dorsal axis of the vertebrate Xenopus embryo is established by an early Wnt signal generated by a rotation of the cortex of the egg towards the opposite side of the sperm entry point. In this study, we report that lysosomal Cathepsin D becomes activated on the dorsal marginal zone of the embryo already at the 64-cell stage, and that this asymmetry is enhanced by increasing Wnt signaling levels. We present experiments showing that lysosome activity, macropinocytosis, and multivesicular body formation are required for the dorsal signal provided maternally in the egg, and for twinning by microinjected huluwa and Wnt8 mRNA. The results indicate that the cell biology of lysosomes plays a fundamental role in vertebrate development."
biorxiv,10.1101/2021.01.08.425881,10.1242/bio.059032,Biology Open,An optimized retroviral toolbox for overexpression and genetic perturbation of primary lymphocytes,"van der Donk, L. E.; van der Spek, J.; van Duivenvoorde, T.; ten Brink, M. S.; Geijtenbeek, T. B.; Kuijl, C. P.; van Heijst, J. W.; Ates, L. S.",immunology,2021-01-08,2022-03-01,"Genetic manipulation of primary lymphocytes is crucial for both clinical purposes and fundamental research. Despite their broad use, we encountered a paucity of data on systematic comparison and optimization of retroviral vectors, the workhorses of genetic modification of primary lymphocytes. Here, we report the construction and validation of a versatile range of retroviral expression vectors. These vectors can be used for the knockdown or overexpression of genes of interest in primary human and murine lymphocytes, in combination with a wide choice of selection and reporter strategies. By streamlining the vector backbone and insert design, these publicly available vectors allow easy interchangeability of the independent building blocks, such as different promoters, fluorescent proteins, surface markers and antibiotic resistance cassettes. We validated these vectors and tested the optimal promoters for in vitro and in vivo overexpression and knockdown of the murine T cell antigen receptor. By publicly sharing these vectors and the data on their optimization, we aim to facilitate genetic modification of primary lymphocytes for researchers entering this field."
biorxiv,10.1101/390930,10.1371/journal.pone.0202844,PLOS ONE,Predicting provenance of forensic soil samples: soil DNA predicts habitat and environmental properties,"Flojgaard, C.; Froslev, T. G.; Brunbjerg, A. K.; Bruun, H. H.; Moeslund, J.; Hansen, A. J.; Ejrnaes, R.",ecology,2018-08-13,2019-07-08,"Environmental DNA is increasingly applied in ecological studies, including forensic ecology where eDNA from soil can be used to pair samples or reveal sample provenance. We collected soil eDNA samples as part of a large national biodiversity research project across 130 sites in Denmark. We investigated the potential for soil eDNA in predicting provenance in terms of environmental conditions, habitat characteristics and geographic regions. We used linear regression for predicting environmental gradients of light, moisture, soil pH and nutrients (represented by Ellenberg Indicator Values, EIVs) and quadratic discriminant analysis (QDA) to predict habitat class and geographic region. We found high predictive power for environmental gradients (R2 > 0.73). The discriminatory power of QDA in predicting habitat characteristics varied from high accuracy in predicting certain forest types, less accurate prediction of heathland and poor accuracy for geographic region. We demonstrate the application of provenance prediction in forensic science by evaluating and discussing two mock crime scenes. Here, we supplement with plant species lists from annotated sequences. Where predictions of environmental gradients and habitat classes give an overall accurate description of a crime scene, care should be taken when interpreting annotated sequences, e.g. due to erroneous assignments in GenBank. The outlined approach clearly demonstrates that basic ecological information that can be extracted from soil eDNA, contributing to the range of potential applications of eDNA in forensic ecology."
biorxiv,10.1101/2020.04.15.042127,10.1016/j.cub.2020.09.056,Current Biology,Lateral gene transfer of anion-conducting channelrhodopsins between green algae and giant viruses,"Rozenberg, A.; Oppermann, J.; Wietek, J.; Fernandez Lahore, R. G.; Sandaa, R.-A.; Bratbak, G.; Hegemann, P.; Beja, O.",microbiology,2020-04-16,2020-10-15,"Channelrhodopsins (ChRs) are algal light-gated ion channels widely used as optogenetic tools for manipulating neuronal activity 1,2. Four ChR families are currently known. Green algal 3-5 and cryptophyte 6 cation-conducting ChRs (CCRs), cryptophyte anion-conducting ChRs (ACRs) 7, and the MerMAID ChRs 8. Here we report the discovery of a new family of phylogenetically distinct ChRs encoded by marine giant viruses and acquired from their unicellular green algal prasinophyte hosts. These previously unknown viral and green algal ChRs act as ACRs when expressed in cultured neuroblastoma-derived cells and are likely involved in behavioral responses to light."
biorxiv,10.1101/540013,10.1094/phyto-07-19-0261-r,Phytopathology®,When does spatial diversification usefully maximise the durability of crop disease resistance?,"Watkinson-Powell, B.; Gilligan, C. A.; Cunniffe, N. J.",epidemiology,2019-02-08,2020-06-05,"1Maximising the durability of crop disease resistance genes in the face of pathogen evolution is a major challenge in modern agricultural epidemiology. Spatial diversification in the deployment of resistance genes, where susceptible and resistant fields are more closely intermixed, is predicted to drive lower epidemic intensities over evolutionary timescales. This is due to an increase in the strength of dilution effects, caused by pathogen inoculum challenging host tissue to which it is not well-specialised. The factors that interact with and determine the magnitude of this spatial effect are not currently well understood however, leading to uncertainty over the pathosystems where such a strategy is most likely to be cost-effective. We model the effect on landscape scale disease dynamics of spatial heterogeneity in the arrangement of fields planted with either susceptible or resistant cultivars, and the way in which this effect depends on the parameters governing the pathosystem of interest. Our multi-season semi-discrete epidemiological model tracks spatial spread of wild-type and resistance breaking pathogen strains, and incorporates a localised reservoir of inoculum, as well as the effects of within and between field transmission. The pathogen dispersal characteristics, any fitness cost(s) of the resistance breaking trait, the efficacy of host resistance, and the length of the timeframe of interest, all influence the strength of the spatial diversification effect. These interactions, which are often complex and non-linear in nature, produce substantial variation in the predicted yield gain from the use of a spatial diversification strategy. This in turn allows us to make general predictions of the types of system for which spatial diversification is most likely to be cost-effective, paving the way for potential economic modelling and pathosystem specific evaluation. These results highlight the importance of studying the effect of genetics on landscape scale spatial dynamics within host-pathogen disease systems."
biorxiv,10.1101/2025.09.16.676457,10.1016/j.biochi.2026.03.011,Biochimie,Ancestral Origin of the CXCL17-GPR25 System Traced to the Lobe-Finned Fish Latimeria chalumnae,"Yu, J.; Wang, J.-J.; Hu, W.-F.; Liu, Y.-L.; Xu, Z.-G.; Guo, Z.-Y.",biochemistry,2025-09-18,2026-03-25,"The roles of C-X-C motif chemokine ligand 17 (CXCL17) and its receptor, G protein-coupled receptor 25 (GPR25), in immune regulation are gaining recognition, but their evolutionary origins and phylogenetic distributions have yet to be determined. In this study, we identified a CXCL17 gene in the lobe-finned fish Latimeria chalumnae (coelacanth), a close living relative of tetrapods. This gene produces two alternatively spliced secretory proteins, designated Lc-CXCL17a and Lc-CXCL17b, which display limited sequence similarity to known CXCL17s from mammals or ray-finned fishes. Recombinant forms of Lc-CXCL17a and Lc-CXCL17b were generated via bacterial overexpression, purification, and enzymatic processing. Functional assays, including NanoLuc Binary Technology (NanoBiT)-based {beta}-arrestin recruitment, ligand-receptor binding, and chemotaxis assays, demonstrated that both proteins tightly bound to and potently activated coelacanth GPR25 in a manner dependent on their C-terminal residues, because removal of these residues markedly diminished activities. These findings provide the first evidence that a functional CXCL17-GPR25 system exists in lobe-finned fishes, supporting the hypothesis that this ligand-receptor pair originated in ancient fishes and was transmitted to vertebrate lineages through lobe-finned fish ancestors. This work broadens understanding of chemokine evolution and highlights the coelacanth as a valuable model for tracing conserved immune signaling pathways."
biorxiv,10.1101/2021.06.10.447396,10.1038/s41378-022-00357-3,Microsystems & Nanoengineering,Scalable and Automated CRISPR-Based Strain Engineering Using Droplet Microfluidics,"Iwai, K.; Wehrs, M.; Garber, M.; Sustarich, J.; Washburn, L.; Costello, Z.; Kim, P. W.; Ando, D.; Gaillard, W. R.; Hillson, N. J.; Adams, P. D.; Mukhopadhyay, A.; Martin, H. G.; Singh, A. K.",synthetic biology,2021-06-10,2022-03-15,"We present a droplet-based microfluidic system that enables CRISPR-based gene editing and high-throughput screening on chip. The microfluidic device contains a 10 x 10 element array, each element containing sets of electrodes for two electric field actuated operations-electrowetting for merging droplets to mix reagents and electroporation for transformation. It can perform up to 100 genetic modifications in parallel, providing a scalable platform for generating the large number of engineered strains required for combinatorial optimization of genetic pathways and predictable bioengineering. We demonstrate the systems capabilities through CRISPR-based engineering of two test cases-1) disruption of the function of enzyme galactokinase (galK) in E. coli and 2) targeted engineering of glutamine synthetase gene (glnA) and blue-pigment synthetase (bpsA) enzyme to improve indigoidine production in E. coli."
biorxiv,10.1101/350132,10.1371/journal.ppat.1007163,PLOS Pathogens,The acidic domain of the hepatitis C virus NS4A protein is required for viral assembly and envelopment through interactions with the viral E1 glycoprotein,"Roder, A. E.; Horner, S. M.",microbiology,2018-06-18,2019-02-07,"Hepatitis C virus (HCV) assembly and envelopment are coordinated by a complex protein interaction network that includes most of the viral structural and nonstructural proteins. While the nonstructural protein 4A (NS4A) is known to be important for viral particle production, the specific function of NS4A in this process is not well understood. We performed mutagenesis of the C-terminal acidic domain of NS4A and found that mutation of several of these amino acids prevented the formation of the viral envelope, and therefore the production of infectious virions, without affecting viral RNA replication. In an overexpression system, we found that NS4A interacted with several viral proteins known to coordinate envelopment, including the viral E1 glycoprotein. One of the NS4A C-terminal mutations, Y45F, disrupted the interaction of NS4A with E1. Specifically, NS4A interacted with the first hydrophobic region of E1, a region previously described as regulating viral particle production. Supernatants from HCV NS4A Y45F transfected cells had significantly reduced levels of HCV RNA, however they contained equivalent levels of Core protein. Interestingly, the Core protein secreted from these cells formed high order oligomers with a density matching the infectious virus secreted from WT cells. These results suggest that this Y45F mutation in NS4A causes secretion of low density Core particles devoid of genomic HCV RNA. These results corroborate previous findings showing that mutation of the first hydrophobic region of E1 also causes secretion of Core complexes lacking RNA, and therefore suggest that the interaction between NS4A and E1 is involved in the incorporation of viral RNA into infectious HCV particles. Our findings define a new role for NS4A in the HCV lifecycle and help elucidate the protein interactions necessary for production of infectious virus.\n\nAuthor SummaryRNA viruses, which encompass both established and emerging pathogens, pose significant public health challenges. Viruses in the family Flavivirdae, including Dengue virus, Zika virus and hepatitis C virus (HCV), continue to cause morbidity and mortality worldwide. One HCV protein, NS4A, has known functions in several steps of the viral lifecycle, however, how it contributes to viral particle production is not understood. Here, we investigated the role of one region of NS4A, the C-terminal acidic domain, in regulating the viral lifecycle. We found that some of the amino acids within this domain are important for viral envelopment to make infectious particles, specifically through interaction with the E1 glycoprotein. NS4A interacts with the first hydrophobic domain of E1. Disruption of this interaction prevents the production of infectious virus particles and instead results in release of low density Core protein complexes that lack HCV RNA into the cellular supernatant. Overall, our results reveal that NS4A is important for late stages of the HCV lifecycle and suggest that the interaction between NS4A and E1 may regulate the incorporation of viral RNA into the virion for the formation of infectious HCV particles."
biorxiv,10.1101/378232,10.1364/oe.27.034472,Optics Express,Tiling light sheet selective plane illumination microscopy using discontinuous light sheets,"Gao, L.",biophysics,2018-07-26,2019-11-08,"Tiling light sheet selective plane illumination microscopy (TLS-SPIM) improves 3D imaging ability of SPIM by using a real-time optimized tiling light sheet. However, the imaging speed decreases, and size of the raw image data increases proportionally to the number of tiling positions in TLS-SPIM. The decreased imaging speed and the increased raw data size could cause significant problems when TLS-SPIM is used to image large specimens at high spatial resolution. Here, we present a novel method to solve the problem. Discontinuous light sheets created by scanning coaxial beam arrays synchronized with camera exposures are used for 3D imaging to decrease the number of tiling positions required at each image plane without sacrificing the spatial resolution. We investigate the performance of the method via numerical simulation and discuss the technical details of the method."
biorxiv,10.1101/2023.05.07.539767,10.7554/elife.91483.3,eLife,Neural spike signatures determine the behavioral presentation of cerebellar disease,"van der Heijden, M. E.; Brown, A. M.; Kizek, D. J.; Sillitoe, R. V.",neuroscience,2023-05-08,2024-07-29,"The cerebellum contributes to a diverse array of motor conditions including ataxia, dystonia, and tremor. The neural substrates that encode this diversity are unclear. Here, we tested whether the neural spike activity of cerebellar output neurons is distinct between movement disorders with different impairments, generalizable across movement disorders with similar impairments, and capable of causing distinct movement impairments. Using in vivo awake recordings as input data, we trained a supervised classifier model to differentiate the spike parameters between mouse models for ataxia, dystonia, and tremor. The classifier model correctly assigned mouse phenotypes based on single neuron signatures. Spike signatures were shared across etiologically distinct but phenotypically similar disease models. Mimicking these pathophysiological spike signatures with optogenetics induced the predicted motor impairments in otherwise healthy mice. These data show that distinct spike signatures promote the behavioral presentation of cerebellar diseases."
medrxiv,10.1101/2021.07.08.21260169,10.1038/s41392-021-00819-6,Signal Transduction and Targeted Therapy,Endothelial dysfunction determines severe COVID-19 in combination with dysregulated lymphocyte responses and cytokine networks,"Ruhl, L.; Pink, I.; Kuehne, J. F.; Beushausen, K.; Keil, J.; Christoph, S.; Sauer, A.; Boblitz, L.; Schmidt, J.; David, S.; Jaeck, H.-M.; Roth, E.; Cornberg, M.; Schulz, T. F.; Welte, T.; Hoeper, M.; Falk, C. S.",infectious diseases,2021-07-10,2021-12-10,"The systemic processes involved in the manifestation of life-threatening COVID-19 and in disease recovery are still incompletely understood, despite investigations focusing on the dysregulation of immune responses after SARS-CoV-2 infection. To define hallmarks of severe COVID-19 and disease recovery in convalescent patients, we combined analyses of immune cells and cytokine/chemokine networks with endothelial activation and injury. ICU patients displayed an altered immune signature with prolonged lymphopenia but expansion of granulocytes and plasmablasts along with activated and terminally differentiated T and NK cells and high levels of SARS-CoV-2-specific antibodies. Core signature of seven plasma proteins revealed a highly inflammatory microenvironment in addition to endothelial injury in severe COVID-19. Changes within this signature were associated with either disease progression or recovery. In summary, our data suggest that besides a strong inflammatory response, severe COVID-19 is driven by endothelial activation and barrier disruption, whereby recovery depends on the regeneration of the endothelial integrity."
medrxiv,10.1101/2025.04.25.25326426,10.1111/ene.70639,European Journal of Neurology,"Optic Nerve Lesion Volume, White Matter Hyperintensities, and Brain Volumetrics in Multiple Sclerosis: A Multi-Sequence MRI-Based Analysis","Korbecki, A.; Konopczynski, T.; Hawro, O.; Blachucik, A.; Winiarczyk, K.; Litwinowicz, K.; Sobanski, M.; Zdanowicz-Ratajczyk, A.; Korbecka, J.; Chojdak-Łukasiewicz, J.; Pokryszko-Dragan, A.; Bladowska, J.; Zimny, A.",radiology and imaging,2025-04-25,2026-06-05,"ObjectivesTo investigate the relationship between optic nerve lesion volume (ONLV), measured on double inversion recovery (DIR) MRI, and other radiological biomarkers of disease burden in multiple sclerosis (MS), including white matter hyperintensities (WMHs), T1-weighted hypointensities (""black holes""), and brain volumetrics. This study aims to determine whether ONLV correlates with a more severe neurodegenerative profile and could serve as a potential biomarker for disease severity.

Materials and MethodsIn this cross-sectional study, 212 MS patients underwent 3T MRI including 3D T1W, FLAIR, and DIR sequences. Optic nerve lesions were manually segmented on DIR images and quantified volumetrically. Patients were grouped by optic nerve involvement: none (n = 59), unilateral (n = 60), or bilateral (n = 93). WMHs were segmented and anatomically categorized using an AI-based tool. T1W hypointensities were extracted via FreeSurfer, and brain volumetrics were assessed using a machine learning-based segmentation algorithm on both 3D T1W and FLAIR images. Statistical comparisons and correlation analyses were performed using multivariate models adjusted for total intracranial volume.

ResultsONLV was positively correlated with periventricular (r = 0.365, p < 0.001), deep white matter (r = 0.165, p = 0.005), and juxtacortical (r = 0.163, p = 0.007) WMHs. Patients with bilateral optic nerve involvement exhibited significantly higher WMH burden, greater T1W hypointensities ({beta} = 10.91, p < 0.001), and more pronounced cerebral white matter atrophy ({beta} = -107.02, p = 0.016). Regional brain atrophy was most evident in structures along the visual pathway (e.g., cuneus, fusiform gyrus, pericalcarine cortex, and thalamus). Additionally, periventricular WMH volume was significantly associated with global brain atrophy, including cortical and subcortical gray matter loss.

ConclusionsThis study demonstrates that ONLV, as quantified on DIR MRI, is associated with increased lesion burden, irreversible white matter damage, and widespread brain atrophy in MS. These findings suggest that ONLV may serve as a potential imaging biomarker of disease severity and could be integrated into standard MRI protocols for MS assessment. Future longitudinal studies are warranted to validate ONLV as a marker of disease progression and treatment response."
biorxiv,10.1101/2020.09.07.285585,10.1117/1.nph.9.4.041404,Neurophotonics,Comparing volumetric reconstruction algorithms for light field imaging of high signal-to-noise ratio neuronal calcium transients,"Howe, C. L.; Quicke, P.; Song, P.; Verinaz Jadan, H.; Dragotti, P. L.; Foust, A. J.",bioengineering,2020-09-09,2022-03-11,"SignificanceLight-field microscopy (LFM) enables fast, light-efficient, volumetric imaging of neuronal activity with calcium indicators. Calcium transients differ in temporal signal-to-noise ratio (tSNR) and spatial confinement when extracted from volumes reconstructed by different algorithms.

AimWe evaluated the capabilities and limitations of two light-field reconstruction algorithms for calcium fluorescence imaging.

ApproachWe acquired light-field image series from neurons either bulk-labeled or filled intracellularly with the red-emitting calcium dye CaSiR-1 in acute mouse brain slices. We compared the tSNR and spatial confinement of calcium signals extracted from volumes reconstructed with synthetic refocusing and Richardson-Lucy 3D deconvolution with and without total variation regularization.

ResultsBoth synthetic refocusing and Richardson-Lucy deconvolution resolved calcium signals from single cells and neuronal dendrites in three dimensions. Increasing deconvolution iteration number improved spatial confinement but reduced tSNR compared to synthetic refocusing. Volumetric light-field imaging did not decrease calcium signal tSNR compared to interleaved, widefield image series acquired in matched planes.

ConclusionsLFM enables high-volume rate, volumetric imaging of calcium transients in single cells (bulk-labeled), somata and dendrites (intracellular loaded). The trade-offs identified for tSNR, spatial confinement, and computational cost indicate which of synthetic refocusing or deconvolution can better realize the scientific requirements of future LFM calcium imaging applications."
medrxiv,10.1101/2020.04.09.20059857,10.1016/j.adro.2020.04.012,Advances in Radiation Oncology,Implementation of a Novel Remote Physician SBRT Coverage Process during the Coronavirus Pandemic,"Price, A. T.; Henke, L. E.; Maraghechi, B.; Kim, T.; Spraker, M. B.; Hugo, G. D.; Robinson, C. G.; Knutson, N. C.",oncology,2020-04-14,2020-04-28,"INTRODUCTIONDuring the COVID-19 pandemic, alternative methods of care are needed to reduce the relative risk of transmission in departments. Also needed is the ability to provide vital radiation oncological care if radiation oncologists (RO) are reallocated to other departments. We implemented a novel remote RO SBRT coverage practice, requiring it to be reliable, of high audio and visual quality, timely, and the same level of specialty care as our current in-person treatment coverage practice.

METHODSAll observed failure modes were recorded during implementation over the first 15 sequential fractions. The time from CBCT to treatment was calculated before and after implementation to determine timeliness of remote coverage. Image quality metrics were calculated between the imaging console screen and the ROs shared screen. Comfort levels with audio/visual communication as well as overall comfort in comparison to in-person RO coverage was evaluated using Likert scale surveys after treatment.

RESULTSRemote RO SBRT coverage was successfully implemented in 14/15 fractions with 3 observed process failures that were all corrected before treatment. Average times of pre-treatment coverage before and after implementation were 8.74 and 8.51min, respectively. The cross correlation between the imaging console screen and ROs shared screen was r=0.96 and lag was 0.05s. The average value for all survey questions was above 4.5, approaching in-person RO coverage comfort levels.

CONCLUSIONSOur novel method of remote RO SBRT coverage permits reduced personnel and patient interactions surrounding RT procedures. This may help to reduce transmission of COVID-19 in our department and provides a means for SBRT coverage if ROs are reallocated to other areas of the hospital for COVID-19 support."
biorxiv,10.1101/2022.08.01.502370,10.1016/j.xgen.2023.100458,Cell Genomics,Polymorphic short tandem repeats make widespread contributions to blood and serum traits,"Margoliash, J.; Fuchs, S.; Li, Y.; Massarat, A.; Goren, A.; Gymrek, M.",genetics,2022-08-03,2023-12-13,"Short tandem repeats (STRs), genomic regions each consisting of a sequence of 1-6 base pairs repeated in succession, represent one of the largest sources of human genetic variation. However, many STR effects are not captured well by standard genome-wide association studies (GWAS) or downstream analyses that are mostly based on single nucleotide polymorphisms (SNPs). To study the involvement of STRs in complex traits, we imputed genotypes for 445,720 autosomal STRs into genotype array data from 408,153 White British UK Biobank participants and tested for association with 44 blood and serum biomarker phenotypes. We used two fine-mapping methods, SuSiE and FINEMAP, to identify 119 high-confidence STR-trait associations across 93 unique STRs predicted as causal variants under all fine-mapping settings tested. Using these results, we estimate that STRs account for 5.2-7.6% of causal variants identifiable from GWAS signals for these traits. Our high confidence STR-trait associations implicate STRs in some of the strongest hits for multiple phenotypes, including a CTG repeat in APOB associated with circulating apolipoprotein B levels, a CGG repeat in the promoter of CBL associated with multiple platelet traits and a poly-A repeat in TAOK1 associated with mean platelet volume. Replication analyses in additional population groups and orthogonal expression data further support the role of a subset of the candidate STRs we identify. Together, our study suggests that polymorphic tandem repeats make widespread contributions to complex traits, provides a set of stringently selected candidate causal STRs, and demonstrates the need to routinely consider a more complete view of human genetic variation in GWAS."
biorxiv,10.1101/2020.01.06.895508,10.1002/cne.25084,Journal of Comparative Neurology,Late onset of Syt2a expression at synapses relevant to social behavior,"Goode, C.; Vouen, M.; Ncube, D.; Eisen, J.; Washbourne, P.; Tallafuss, A.",neuroscience,2020-01-06,2020-12-17,"As they form, synapses go through various stages of maturation and refinement. These steps are linked to significant changes in synaptic function, potentially resulting in changes in behavior. Here, we examined the distribution of the synaptic vesicle protein Synaptotagmin 2a (Syt2a) during development of the zebrafish nervous system. Syt2a is widely distributed throughout the midbrain and hindbrain early during larval development but very weakly expressed in the forebrain. Later in development, Syt2a expression levels increase, particularly in regions associated with social behavior, and most intriguingly, around the time social behavior becomes apparent. We provide evidence that Syt2a localizes to synapses on socially-relevant neurons in the ventral forebrain, co-localizing with tyrosine hydroxylase, a biosynthetic enzyme in the dopamine pathway. Our results suggest a maturation step for synapses in the forebrain that are spatiotemporally related to social behavior."
biorxiv,10.1101/2022.08.26.505481,10.1094/mpmi-09-22-0192-r,Molecular Plant-Microbe Interactions®,Overlapping local and systemic defense induced by an oomycete fatty acid MAMP and brown seaweed extract in tomato,"Lewis, D. C. A.; Stevens, D. M.; Little, H.; Coaker, G.; Bostock, R. M.",plant biology,2022-08-26,2023-02-20,"Eicosapolyenoic fatty acids are integral components of oomycete pathogens that can act as microbe-associated molecular patterns (MAMPs) to induce disease resistance in plants. Defense inducing eicosapolyenoic fatty acids include arachidonic (AA) and eicosapentaenoic acids, and are strong elicitors in solanaceous plants with bioactivity in other plant families. Similarly, extracts of the brown seaweed, Ascophyllum nodosum, used in sustainable agriculture as a biostimulant of plant growth, may also induce disease resistance. A. nodosum, similar to other macroalgae, is rich in eicosapolyenoic fatty acids, which comprise as much as 25% of total fatty acid composition. We investigated the response of roots and leaves from AA or a commercial A. nodosum extract (ANE) on root-treated tomatoes via RNA sequencing, phytohormone profiling, and disease assays. AA and ANE significantly altered transcriptional profiles relative to control plants, inducing numerous defense-related genes with both substantial overlap as well as differences in gene expression patterns. Root treatment with AA and, to a lesser extent, ANE also altered both salicylic acid and jasmonic acid levels while inducing local and systemic resistance to oomycete and bacterial pathogen challenge. Thus, our study highlights overlap in both local and systemic defense induced by AA and ANE, with potential for inducing broad-spectrum resistance against pathogens."
biorxiv,10.1101/2023.03.31.535039,10.1038/s41467-023-39735-4,Nature Communications,Epigenetic mechanisms to propagate histone acetylation by p300/CBP,"Kikuchi, M.; Morita, S.; Wakamori, M.; Sato, S.; Uchikubo-Kamo, T.; Shirouzu, M.; Umehara, T.",biochemistry,2023-03-31,2023-07-17,"Histone acetylation is important for the activation of gene transcription but little is known about its direct  read/write mechanisms. Here, we report cryo-electron microscopy structures in which a p300/CBP multidomain monomer recognizes histone H4 N-terminal tail (NT) acetylation (ac) in a nucleosome and acetylates non-H4 histone NTs within the same nucleosome. p300/CBP not only recognized H4NTac via the bromodomain pocket responsible for  reading, but also interacted with the DNA minor grooves via the outside of that pocket. This directed the catalytic center of p300/CBP to one of the non-H4 histone NTs. The primary target that p300  writes by  reading H4NTac was H2BNT, and H2BNTac promoted H2A-H2B dissociation from the nucleosome. We propose a model in which p300/CBP  replicates histone NT acetylation within the H3-H4 tetramer to inherit epigenetic storage, and  transcribes it from the H3-H4 tetramer to the H2B-H2A dimers to activate context-dependent gene transcription through local nucleosome destabilization."
biorxiv,10.1101/2022.04.21.489031,10.1016/j.isci.2022.105724,iScience,Transient developmental increase in cortical projections to amygdala GABAergic neurons contribute to circuit dysfunction following early life stress,"Haikonen, J.; Englund, J.; Amarilla, S. P.; Kharybina, Z.; Shintyapina, A.; Kegler, K.; Saez Garcia, M.; Atanasova, T.; Taira, T.; Hartung, H.; Lauri, S. E.",neuroscience,2022-04-22,2022-12-05,"Early life stress (ELS) results in enduring dysfunction of the cortico-limbic circuitry, underlying emotional and social behavior. However, the neurobiological mechanisms by which ELS affects development of the circuitry remain elusive. Here, we have combined viral tracing and electrophysiological techniques to study the effects of maternal separation (MS) on fronto-limbic connectivity and function in young (P14-21) rats. We report that aberrant prefrontal (mPFC) inputs to basolateral amygdala (BLA) GABAergic interneurons transiently increase the strength of feedforward inhibition in the BLA, which raises LTP induction threshold in MS treated male rats. The enhanced GABAergic activity after MS exposure associates with lower functional synchronization within prefrontal-amygdala networks in vivo. Intriguingly, no differences in these parameters were detected in females, which were also resistant to MS dependent changes in anxiety-like behaviors. Impaired plasticity and synchronization during the sensitive period of circuit refinement may contribute to long-lasting functional changes in the prefrontal-amygdaloid circuitry that predispose to neuropsychiatric conditions later on in life."
medrxiv,10.1101/2022.03.23.22272815,10.1016/j.xagr.2022.100085,AJOG Global Reports,Prediction of Uterine Dehiscence via Machine Learning by Using Lower Uterine Segment Thickness and Clinical Features,"Kement, M.; Kement, C. E.; Kokanali, M. K.; Doganay, M.",obstetrics and gynecology,2022-03-24,2022-08-16,"BackgroundWith the global increase of Cesarean section delivery rates, the long-term effects of Cesarean delivery have started to become more clear. One of the most prominent complications of Cesarean section in recurrent pregnancies is uterine rupture. Assessing the risk of uterine rupture or dehiscence is very important in order to prevent untimely operations and/or maternal and fetal complications.

ObjectiveOur study aims to assess whether machine learning can be used to predict uterine dehiscence or rupture by using patients ultrasonographic findings, clinical findings and demographic data as features. Hence, possible uterine rupture, as well as maternal and fetal complications pertinent to it, could be prevented.

Study DesignThe study was conducted on 317 patients with term (>37 weeks) singleton pregnancy. Demographics, body-mass indices, smoking and drinking habits, clinical features, past pregnancies, number and history of abortions, inter-delivery period, gestation week, number of previous Cesarean operations, fetal presentation, fetal weight, tocography data, trans-abdominal ultrasonographic measurement of lower uterine segment full thickness and myometrium thickness, lower uterine segment findings during Cesarean section were collected and analyzed using machine learning techniques. Logistic Regression, Multilayer Perceptron, Support Vector Machine, Random Forest and Naive Bayes algorithms were used for classification. The dataset was evaluated using 10-fold cross-validation. Correct Classification Rate, F-score, Matthews Correlation Coefficient, Precision-Recall Curve area and Receiver Operating Characteristics area were used as performance metrics.

ResultsAmong the machine learning techniques that has been tested in this study, Naive Bayes algorithm showed the best prediction performance. Among the various combinations of features used for prediction, the essential features of parity, gravida, tocographic contraction, dilation, d&c with the sonographic thickness of lower uterine segment myometrium yielded the best results. The runner-up performance was obtained with the sonographic full thickness of lower uterine segment added to the base features. The base features alone can classify patients with 90.5% accuracy, while adding the myometrium measurement increases the classification performance by 5.1% to 95.6%. Adding the full thickness measurement to the base features raises the classification performance by 4.8% to 95.3% in terms of Correct Classification Rate.

ConclusionNaive Bayes algorithm can correctly classify uterine rupture or dehiscence with a Correct Classification Rate of 0.953, an F-score of 0.952 and a Matthews Correlation Coefficient value of 0.641. This result can be interpreted such that by using clinical features and lower uterine segment ultrasonography findings, machine learning can be used to accurately predict uterine rupture or dehiscence.

Trial registrationClinical Research Ethics Committee of Ankara City Hospital, University of Health Sciences (Approval number: E2-20-108)

Date of registration: 27-01-2021

URL: https://ankarasehir.saglik.gov.tr/TR-348810/2-nolu-etik-kurul.html

e-mail: ankarash.etikkurul2@saglik.gov.tr

AJOG at a GlanceA. Why was this study conducted?This study was conducted to:

O_LIDetermine whether machine learning algorithms can be utilized to predict uterine dehiscence and assess the risk of uterine rupture
C_LIO_LIEvaluate the contribution of ultrasonographic measurement of lower uterine segment measurements to the prediction performance of the algorithms
C_LIO_LIFind out which machine learning technique performs the best for predicting uterine dehiscence.
C_LI

B. What are the key findings?O_LIMachine learning methods can be used to accurately predict uterine dehiscence (with up to 95.6% accuracy).
C_LIO_LIUsing lower uterine segment full thickness or myometrium thickness increases the accuracy of Naive Bayes algorithm by 4.8% and 5.1%, respectively.
C_LIO_LINaive Bayes algorithm yields the best prediction performance among the methods tried.
C_LI

C. What does this study add to what is already known?O_LIUltrasonographic lower uterine segment measurements can be used as features in machine learning to increase its prediction performance of uterine dehiscence and hence the risk of uterine rupture.
C_LI"
biorxiv,10.1101/561357,10.1186/s12859-019-3299-y,BMC Bioinformatics,DeepSV: Accurate calling of genomic deletions from high throughput sequencing data using deep convolutional neural network,"Cai, L.; Wu, Y.; Gao, J.",bioinformatics,2019-02-26,2019-12-13,"BackgroundCalling genetic variations from sequence reads is an important problem in genomics. There are many existing methods for calling various types of variations. Recently, Google developed a method for calling single nucleotide polymorphisms (SNPs) based on deep learning. Their method visualizes sequence reads in the forms of images. These images are then used to train a deep neural network model, which is used to call SNPs. This raises a research question: can deep learning be used to call more complex genetic variations such as structural variations (SVs) from sequence data?

ResultsIn this paper, we extend this high-level approach to the problem of calling structural variations. We present DeepSV, an approach based on deep learning for calling long deletions from sequence reads. DeepSV is based on a novel method of visualizing sequence reads. The visualization is designed to capture multiple sources of information in the sequence data that are relevant to long deletions. DeepSV also implements techniques for working with noisy training data. DeepSV trains a model from the visualized sequence reads and calls deletions based on this model. We demonstrate that DeepSV outperforms existing methods in terms of accuracy and efficiency of deletion calling on the data from the 1000 Genomes Project.

ConclutionsOur work shows that deep learning can potentially lead to effective calling of different types of genetic variations that are complex than SNPs.

Availability and implementationDeepSVs source code and sample result as part of this project are readily available from GitHub at https://github.com/CSuperlei/DeepSV/."
biorxiv,10.1101/2021.02.16.431555,10.1128/jvi.00285-21,Journal of Virology,Tax induces the recruitment of NF-kB to unintegrated HIV-1 DNA to rescue viral gene expression and replication,"Irwan, I. D.; Cullen, B. R.",molecular biology,2021-02-17,2021-04-19,"We have previously reported that the normally essential step of integration of the HIV-1 proviral DNA intermediate into the host cell genome becomes dispensable in T cells that express the Human T cell leukemia virus 1 (HTLV-1) Tax protein. The rescue of integrase (IN) deficient HIV-1 replication by Tax results from the strong activation of transcription from the long terminal repeat (LTR) promoter on episomal HIV-1 DNA, an effect that is closely correlated with the recruitment of activating epigenetic marks, such as H3Ac, and depletion of repressive epigenetic marks, such as H3K9me3, from chromatinized unintegrated proviruses. In addition, activation of transcription from unintegrated HIV-1 DNA coincides with the recruitment of NF-kB to the two NF-kB binding sites found in the HIV-1 LTR enhancer. Here we report that the recruitment of NF-kB to unintegrated viral DNA precedes, and is a prerequisite for, Tax-induced changes in epigenetic marks, so that an IN-HIV-1 mutant lacking both LTR NF-kB sites is entirely non-responsive to Tax and fails to undergo the epigenetic changes listed above. We also report that heterologous promoters introduced into IN-HIV-1-based vectors are transcriptionally active even in the absence of Tax. Finally, we failed to reproduce a recent report arguing that heterologous promoters introduced into IN-vectors based on HIV-1 are more active if the HIV-1 promoter and enhancer, located in the LTR U3 region, are deleted, in a so-called self inactivating or SIN lentivector design.

ImportanceIntegrase-deficient expression vectors based on HIV-1 are becoming increasingly popular as tools for gene therapy in vivo due to their inability to cause insertional mutagenesis. However, many IN-lentiviral vectors are able to achieve only low levels of gene expression and methods to increase this low level have not been extensively explored. Here we analyze how the HTLV-1 Tax protein is able to rescue the replication of IN-HIV-1 in T cells and describe IN-lentiviral vectors that are able to express a heterologous gene effectively."
biorxiv,10.1101/2019.12.18.881334,10.1152/jn.00002.2020,Journal of Neurophysiology,Exaggerated Cortical Representation of Speech in Older Listeners: Mutual Information Analysis,"Zan, P.; Presacco, A.; Anderson, S.; Simon, J. Z.",neuroscience,2019-12-19,2020-09-02,"Aging is associated with an exaggerated representation of the speech envelope in auditory cortex. The relationship between this age-related exaggerated response and a listeners ability to understand speech in noise remains an open question. Here, information-theory-based analysis methods are applied to magnetoencephalography (MEG) recordings of human listeners, investigating their cortical responses to continuous speech, using the novel non-linear measure of phase-locked mutual information between the speech stimuli and cortical responses. The cortex of older listeners shows an exaggerated level of mutual information, compared to younger listeners, for both attended and unattended speakers. The mutual information peaks for several distinct latencies: early ([~]50 ms), middle ([~]100 ms) and late ([~]200 ms). For the late component, the neural enhancement of attended over unattended speech is affected by stimulus SNR, but the direction of this dependency is reversed by aging. Critically, in older listeners and for the same late component, greater cortical exaggeration is correlated with decreased behavioral inhibitory control. This negative correlation also carries over to speech intelligibility in noise, where greater cortical exaggeration in older listeners is correlated with worse speech intelligibility scores. Finally, an age-related lateralization difference is also seen for the [~]100 ms latency peaks, where older listeners show a bilateral response compared to younger listeners right-lateralization. Thus, this information-theory-based analysis provides new, and less coarse-grained, results regarding age-related change in auditory cortical speech processing, and its correlation with cognitive measures, compared to related linear measures.

New & NoteworthyCortical representations of natural speech are investigated using a novel non-linear approach based on mutual information. Cortical responses, phase-locked to the speech envelope, show an exaggerated level of mutual information associated with aging, appearing at several distinct latencies ([~]50, [~]100 and [~]200 ms). Critically, for older listeners only, the [~]200 ms latency response components are correlated with specific behavioral measures, including behavioral inhibition and speech comprehension."
biorxiv,10.1101/729988,10.1523/jneurosci.0276-20.2020,The Journal of Neuroscience,Complementary inhibitory receptive fields emerge from synaptic plasticity and create an attentional switch in sensory circuits,"Agnes, E. J.; Luppi, A. I.; Vogels, T. P.",neuroscience,2019-08-08,2020-11-09,"Cortical areas comprise multiple types of inhibitory interneurons with stereotypical connectivity motifs, but their combined effect on postsynaptic dynamics has been largely unexplored. Here, we analyse the response of a single postsynaptic model neuron receiving tuned excitatory connections alongside inhibition from two plastic populations. Depending on the inhibitory plasticity rule, synapses remain unspecific (flat), become anti-correlated to, or mirror excitatory synapses. Crucially, the neurons receptive field, i.e., its response to presynaptic stimuli, depends on the modulatory state of inhibition. When both inhibitory populations are active, inhibition balances excitation, resulting in uncorrelated postsynaptic responses regardless of the inhibitory tuning profiles. Modulating the activity of a given inhibitory population produces strong correlations to either preferred or non-preferred inputs, in line with recent experimental findings showing dramatic context-dependent changes of neurons receptive fields. We thus confirm that a neurons receptive field doesnt follow directly from the weight profiles of its presynaptic afferents."
biorxiv,10.1101/2019.12.18.881219,10.1093/nar/gkaa1204,Nucleic Acids Research,Chromatin regulatory dynamics of early development and regional specification in a directed differentiation model of the human small intestine,"Hung, Y.-H.; Huang, S.; Dame, M. K.; Spence, J. R.; Sethupathy, P.",genomics,2019-12-19,2020-12-01,"BackgroundThe establishment of the small intestinal (SI) lineage during human embryogenesis is critical for the proper development of neonatal gut functions, including nutrient absorption and immune defense. The chromatin dynamics and regulatory networks that drive human SI lineage formation and regional patterning are essentially unknown. To fill this knowledge void, we apply a cutting-edge genomic technology to a state-of-the-art human model of early SI development. Specifically, we leverage chromatin run-on sequencing (ChRO-seq) to define the landscape of active promoters, enhancers, super enhancers, and gene bodies across distinct stages of directed differentiation of human pluripotent stem cells (hPSCs) into SI spheroids with regional specification.

ResultsThrough comprehensive ChRO-seq analysis we identify candidate stage-specific chromatin activity states, novel markers, and enhancer hotspots during the directed differentiation process. Moreover, we propose a detailed transcriptional network associated with SI lineage formation or initial regional patterning. Among our findings is a unique pattern of enhancer activity and transcription at HOX gene loci that is previously undescribed. Analysis of single cell RNA-seq data from human fetal SI at early developmental time points shed further light on the unique HOX gene temporal dynamics that underlies SI regional patterning.

ConclusionsOverall, the results lead to a new proposed working model for the regulatory underpinnings of human SI lineage formation and regional patterning, thereby adding a novel dimension to the literature that has thus far relied almost exclusively on non-human models."
biorxiv,10.1101/292235,10.1097/ede.0000000000001047,Epidemiology,A systematic review of social contact surveys to inform transmission models of close contact infections,"Hoang, T. V.; Coletti, P.; Melegaro, A.; Wallinga, J.; Grijalva, C.; Edmunds, J.; Beutels, P.; Hens, N.",epidemiology,2018-03-31,2019-07-11,"Social contact data are increasingly being used to inform models for infectious disease spread with the aim of guiding effective policies on disease prevention and control. In this paper, we undertake a systematic review of the study design, statistical analyses and outcomes of the many social contact surveys that have been published. Our primary focus is to identify the designs that have worked best and the most important determinants and to highlight the most robust [fi]ndings.\n\nTwo publicly accessible online databases were systematically searched for articles regarding social contact surveys. PRISMA guidelines were followed as closely as possible. In total, 64 social contact surveys were identi[fi]ed. These surveys were conducted in 24 countries, and more than 80% of the surveys were conducted in high-income countries. Study settings included general population (58%), schools/universities (37%) and health care/conference/research institutes (5%). The majority of studies did not focus on a speci[fi]c age group (38%), whereas others focused on adults (32%) or children (19%). Retrospective and prospective designs were used mostly (45% and 41% of the surveys, respectively) with 6% using both for comparison purposes. The de[fi]nition of a contact varied among surveys, e.g. a non-physical contact may require conversation, close proximity or both. Age, time schedule (e.g., weekday/weekend) and household size were identi[fi]ed as relevant determinants for contact pattern across a large number of studies. The surveys present a wide range of study designs. Throughout, we found that the overall contact patterns were remarkably robust for the study details. By considering the most common approach in each aspect of design (e.g., sampling schemes, data collection, de[fi]nition of contact), we could identify a common practice approach that can be used to facilitate comparison between studies and for benchmarking future studies."
biorxiv,10.1101/2024.04.04.588055,10.3389/fbioe.2024.1357598,Frontiers in Bioengineering and Biotechnology,A leg model based on anatomical landmarks to study 3D joint kinematics of walking in Drosophila melanogaster,"Haustein, M.; Blanke, A.; Bockemuhl, T.; Buschges, A.",animal behavior and cognition,2024-04-08,2024-06-26,"Walking is the most common form of how animals move on land. The model organism Drosophila melanogaster has become increasingly popular for studying how the nervous system controls behavior in general and walking in particular. Despite recent advances in tracking and modeling leg movements of walking Drosophila in 3D, there are still gaps in knowledge about the biomechanics of leg joints due to the tiny size of fruit flies. For instance, the natural alignment of joint rotational axes was largely neglected in previous kinematic analyses. In this study we therefore present a detailed kinematic leg model in which not only the segment lengths but also the main rotational axes of the joints were derived from anatomical landmarks, namely the joint condyles. Our model with natural oblique joint axes is able to adapt to the 3D leg postures of straight and forward walking fruit flies with high accuracy. When we compared our model to an orthogonalized version, we observed that our model showed a smaller error as well as differences in the used range of motion (ROM), highlighting the advantages of modeling natural rotational axes alignment for the study of joint kinematics. We further found that the kinematic profiles of front, middle, and hind legs differed in the number of required degrees of freedom as well as their contributions to stepping, time courses of joint angles, and ROM. Our findings provide deeper insights into the joint kinematics of walking in Drosophila, and, additionally, help to develop dynamical, musculoskeletal, and neuromechanical simulations."
biorxiv,10.1101/2022.10.20.512995,10.1093/jhered/esae036,Journal of Heredity,Interplay between demography and selection: a forward model illuminates the temporal genetic signatures of rapid adaptation in plant pathogens,"Saubin, M.; Stoeckel, S.; Tellier, A.; HALKETT, F.",evolutionary biology,2022-10-21,2024-08-08,"Pathogen species are experiencing strong joint demographic and selective events, especially when they adapt to a new host, for example through overcoming plant resistance. Stochasticity in the founding event and the associated demographic variations hinder our understanding of the expected evolutionary trajectories and the genetic structure emerging at both neutral and selected loci. What would be the typical genetic signatures of such a rapid adaptation event is not elucidated. Here, we build a demogenetic model to monitor pathogen population dynamics and genetic evolution on two host compartments (susceptible and resistant). We design our model to fit two plant pathogen life cycles,  with and  without host alternation. Our aim is to draw a typology of eco-evolutionary dynamics. Using time-series clustering, we identify three main scenarios: 1) small variations in the pathogen population size and small changes in genetic structure, 2) a strong founder event on the resistant host that in turn leads to the emergence of genetic structure on the susceptible host, and 3) evolutionary rescue that results in a strong founder event on the resistant host, preceded by a bottleneck on the susceptible host. We pinpoint differences between life cycles with notably more evolutionary rescue  with host alternation. Beyond the selective event itself, the demographic trajectory imposes specific changes in the genetic structure of the pathogen population. Most of these genetic changes are transient, with a signature of resistance overcoming that vanishes within a few years only. Considering time-series is therefore of utmost importance to accurately decipher pathogen evolution."
biorxiv,10.1101/470815,10.1073/pnas.1819016116,Proceedings of the National Academy of Sciences,Filamentation of Vibrio cholerae is an adaptation for surface attachment and biofilm architecture,"Wucher, B. R.; Bartlett, T. M.; Persat, A.; Nadell, C. D.",microbiology,2018-11-16,2019-11-13,"Collective behavior in spatially structured groups, or biofilms, is the norm among microbes in their natural environments. Though microbial physiology and biofilm formation have been studied for decades, tracing the mechanistic and ecological links between individual cell properties and the emergent features of cell groups is still in its infancy. Here we use single-cell resolution confocal microscopy to explore biofilm properties of the human pathogen Vibrio cholerae in conditions closely mimicking its marine habitat. We find that some - but not all - pandemic isolates produce filamentous cells than can be over 50 m long. This filamentous morphotype gains a profound competitive advantage in colonizing and spreading on particles of chitin, the material many marine Vibrio species depend on for growth outside of hosts. Furthermore, filamentous cells can produce biofilms that are independent of all currently known secreted components of the V. cholerae biofilm matrix; instead, filamentous biofilm architectural strength appears to derive from the entangled mesh of cells themselves. The advantage gained by filamentous cells in early chitin colonization and growth is counter-balanced in longer term competition experiments with matrix-secreting V. cholerae variants, whose densely packed biofilm structures displace competitors from surfaces. Overall our results reveal a novel mode of biofilm architecture that is dependent on filamentous cell morphology and advantageous in environments with rapid chitin particle turnover. This insight provides concrete links between V. cholerae cell morphology, biofilm formation, marine ecology, and - potentially - the strain composition of cholera epidemics."
biorxiv,10.1101/696344,10.1126/sciadv.aaz2747,Science Advances,Dose-dependent effects of transcranial alternating current stimulation on spike timing in awake nonhuman primates,"Johnson, L.; Alekseichuk, I.; Krieg, J.; Doyle, A.; Yu, Y.; Vitek, J.; Johnson, M.; Opitz, A.",neuroscience,2019-07-09,2020-09-02,"Weak extracellular electric fields can influence spike timing in neural networks. Approaches to impose such fields on the brain in a noninvasive manner have high potential for novel treatments of neurological and psychiatric disorders. One of these methods, transcranial alternating current stimulation (TACS), is hypothesized to affect spike timing and cause neural entrainment. However, the conditions under which these effects occur in-vivo are unknown. Here, we show that TACS modulates spike timing in awake nonhuman primates (NHPs) in a dose-dependent fashion. Recording single-unit activity from pre-and post-central gyrus regions in NHPs during TACS, we found that a larger population of neurons became entrained to the stimulation waveform for higher stimulation intensities. Performing a cluster analysis of changes in interspike intervals, we identified two main types of neural responses to TACS - increased burstiness and phase entrainment. Our results demonstrate the ability of TACS to affect spike-timing in the awake primate brain and identify fundamental neural mechanisms. Concurrent electric field recordings demonstrate that spike-timing changes occur with stimulation intensities readily achievable in humans. These results suggest that novel TACS protocols tailored to ongoing brain activity may be a potent tool to normalize spike-timing in maladaptive brain networks and neurological disease."
biorxiv,10.1101/2022.02.22.481457,10.3390/metabo12040276,Metabolites,MetaboListem and TABoLiSTM: Two Deep Learning Algorithms for Metabolite Named Entity Recognition,"Yeung, C. S.; Beck, T.; Posma, J. M.",bioinformatics,2022-02-23,2022-03-22,"Reviewing the metabolomics literature is becoming increasingly difficult because of the rapid expansion of relevant journal literature. Text-mining technologies are therefore needed to facilitate more efficient literature review. Here we contribute a standardised corpus of full-text publications from metabolomics studies and describe the development of two new metabolite named entity recognition (NER) methods. We introduce two deep learning methods for metabolite NER based on Bidirectional Long Short-Term Memory (BiLSTM) networks incorporating different transfer learning techniques. Our first model (MetaboListem) follows prior methodology using GloVe word embeddings. Our second model exploits BERT and BioBERT for embedding and is named TABoLiSTM (Transformer-Affixed BiLSTM). The methods are trained on a novel corpus annotated using rule-based methods, and evaluated on manually annotated metabolomics articles. MetaboListem (F1 score 0.890, precision 0.892, recall 0.888) and TABoLiSTM (BioBERT version: F1 score 0.909, precision 0.926, recall 0.893) have achieved state-of-the-art performance on metabolite NER. A corpus with >1,200 full-text Open Access metabolomics publications and >116,000 annotated metabolites was created. This work demonstrates that deep learning algorithms are capable of identifying metabolite names accurately and efficiently in text. The proposed corpus and NER algorithms can be used for metabolomics text-mining tasks such as information retrieval, document classification and literature-based discovery.

AvailabilityThe corpus and NER algorithms are freely available with detailed instructions from Github at https://github.com/omicsNLP/MetaboliteNER."
medrxiv,10.1101/19004812,10.1371/journal.pone.0227779,PloS one,Association of Single Nucleotide Polymorphisms with Dyslipidemia in Antiretroviral Exposed HIV Patients: A Case-Control Study in a Ghanaian population,"Obirikorang, C.; ACHEAMPONG, E.; Quaye, L.; Yorke, J.; Amos-Abanyie, E. K.; Abena Akyaw, P.; Odame Anto, E.; Bannison Bani, S.; Adu Asamoah, E.; Nsenbah Batu, E.",hiv aids,2019-08-23,2020-01-13,"Dyslipidemia is a potential complication of long-term usage of antiretroviral therapy (ART) and also known to be associated with genetic factors. The host genetic variants associated with dyslipidemia in HIV patients on ART in Ghana have not been fully explored. The study constituted a total of 289 HIV-infected patients on stable ART for at least a year and 85 aged matched apparently healthy control subjects with no history of HIV and dyslipidemia. Fasting blood was collected into EDTA tube for lipids measurements. Lipid profiles were determined as a measure of dyslipidemia. HIV-infected patients were categorized into two groups; those with dyslipidemia(HIV-Dys+) (n=90; 31.1%) and without dyslipidemia (n=199; 68.9%) based on the NCEP-ATP III criteria. Four candidate single nucleotide polymorphisms (SNPs) genes (ABCA1-rs2066714, LDLR-rs6511720, APOA5-rs662799 and DSCAML1-rs10892151) were determined. Genotyping was performed on isolated genomic DNA of study participants using PCR followed by a multiplex Ligation Detection Reaction (LDR). The percentage of the population who had the rare homozygote alleles for rs6511720 (T/T), rs2066714 (G/G), and rs10892151 (T/T) and rs662799 (G/G) among HIV+Dys+ subjects were 5.5%, 14.4%, 6.6% and 10.0%; 2.0% 9.1%, 6.5% and 4.0% among HIV+Dys- subjects while 3.5%, 4.7%, 4.7% and 2.4% were observed in HIV-Dys- subjects. Statistically significant difference in genotypic prevalence of APOA5 polymorphisms was observed among different groups (p=0.0196). Compared to the AA genotype of the APOA5 polymorphisms, individuals with the rare homozygote genotype [aOR =4.01, 95%CI(1.57-22.39), p=0.004] were significantly more likely to develop dyslipidemia after controlling for age, gender, treatment duration and CD4 counts among the HIV+Dys+ subjects. There was also a significant associated between GG genotype of ABCA1 and dyslipidemia [aOR =3.29, 95% (1.08 -12.43); p=0.042]. Individuals with the rare homozygote variant (GG) of APOA5 (rs662799) were significantly associated with increased likelihood of developing dyslipidemia [OR =2.24, 95% CI (1.20 -6.83); p=0.0370] holding other variables constant in the HIV+Dys- subjects. Our data accentuate the presence of SNPs in four candidate genes and its association with dyslipidemia among HIV patients exposed to ART in the Ghanaian population especially variants in APOA5-rs662799 ABCA1-rs2066714 respectively. These findings provide baseline information that necessitates a pre-symptomatic strategy for monitoring dyslipidemia in ART-treated HIV patients. There is a need for longitudinal studies to validate a comprehensive number of SNPs and its association with dyslipidemia."
biorxiv,10.1101/2025.05.30.656545,10.1162/imag.a.1128,Imaging Neuroscience,Spine-Prints: Transposing Brain Fingerprints to the Spinal Cord,"Ricchi, I.; Santoro, A.; Kinany, N.; Landelle, C.; Khatibi, A.; Vahdat, S.; Doyon, J.; Barry, R. L.; Van De Ville, D.",neuroscience,2025-06-02,2026-01-20,"Functional connectivity (FC) patterns in the human brain form a reproducible, individual-specific ""fingerprint"" that allows reliable identification of the same participant across scans acquired over different sessions. While brain fingerprinting is robust across healthy individuals and neuroimaging modalities, little is known about whether the fingerprinting principle extends beyond the brain. Here, we used multiple functional magnetic resonance imaging (fMRI) datasets acquired at different sites to examine whether a fingerprint can be revealed from FCs of the cervical region of the human spinal cord. Our results demonstrate that the functional organisation of this region also exhibits individual-specific properties, suggesting the potential existence of a spine-print within the same acquisition session. Although the spine-print scores are not directly comparable to those observed in the brain, this discrepancy may in part reflect the intrinsic limitations of imaging this region with fMRI, where where the signals are more susceptible to noise and effective resolution relative to structure size, and tSNR are markedly lower than in the brain.This study provides the first evidence of a spinal cord connectivity fingerprint, underscoring the importance of considering a more comprehensive view of the entire central nervous system. Eventually, these spine-specific signatures could contribute to identifying individualized biomarkers of neuronal connectivity, with potential clinical applications in neurology and neurosurgery."
biorxiv,10.1101/2023.08.13.553122,10.1137/23m1593814,SIAM Journal on Applied Dynamical Systems,Degeneracy in negative feedback (NFBL) and incoherent feedforward (IFFL) loops: Adaptation and resonance,"Ventura, A. C.; Rotstein, H. G.",systems biology,2023-08-15,2025-04-25,"Degeneracy in dynamic models refers to these situations where multiple combinations of parameter values produce identical patterns for the observable variable. We investigate this phenomenon in two qualitatively different adaptive circuit mechanisms: nonlinear feedback loop (NFBL) and incoherent feedback loop (IFFL). We use minimal models of these circuit types together with analytical calculations, regular perturbation analysis, dynamical systems tools and numerical simulations. In response to constant (or step-constant) inputs, NFBLs and IFFLs produce and overshoot allowing the observable variable to return to a value closer to baseline than the peak (adaptation). We identify the dynamic principles underlying the emergence of degeneracy in adaptive patterns both within and across circuit types in representative NFBL and IFFL models in terms of biologically plausible parameters. We identify the conditions under which degeneracy persists in response to oscillatory inputs with arbitrary frequencies, giving rise to resonance and phasonance degeneracy. This naturally extends to the response of adaptive systems to time-dependent inputs within a relatively large class. By using phase-plane analysis, we provide a mechanistic, dynamical systems-based interpretation of degeneracy. Our results have implication for the understanding of adaptive systems, for the relationship between adaptive and resonant/phasonant systems, for the understanding of complex biochemical circuits, for neuronal computation, and for the development of methods for circuit and dynamical systems reconstruction based on experimental or observational data."
biorxiv,10.1101/2025.04.03.646988,10.1038/s42003-025-09092-7,Communications Biology,Conditional Deep Learning Model Reveals Translation Elongation Determinants during Amino Acid Deprivation,"Nallapareddy, M. V.; Craighero, F.; Worpenberg, L.; Naef, F.; Gobet, C.; Vandergheynst, P.",bioinformatics,2025-04-08,2025-11-26,"Translation elongation plays a key role in cellular homeostasis, and dysregulation of this process has been implicated in various diseases and metabolic disorders. Uncovering the causes of intragenic heterogeneity of translation, especially in contexts of different amino acid deprivations, could help increase our understanding of these disorders and pave the way for novel therapeutics. Ribosome profiling provides accurate measurements for the genome-wide ribosome footprints, which could be utilized to investigate these mechanisms. Here we present Riboclette, a conditional deep learning model featuring a dual output head that uses the mRNA sequence input to accurately predict the ribosome footprint profiles across six amino acid deprivation conditions. Exploiting standard interpretability methods, we identify specific codons related to deprived amino acids, poly-basic regions, and negatively charged amino acids as the primary drivers of the stalling response. Moreover, we use Riboclette to extract motif level drivers for ribosome stalling by performing in silico perturbation experiments. The extracted motifs highlight the cumulative contribution of deprived codons in triggering ribosome stalling, which, depending on the condition, have been identified to affect translation up to ten codons downstream. Moreover, motifs precisely explain stalling at different codon positions, allowing for the differentiation between expected determinants of rare stalling events. Our framework offers an accurate and explainable method for understanding the effect of different amino acid deprivation conditions at a codon resolution to help elucidate the impact of intragenic variations on the regulation of translation elongation."
biorxiv,10.1101/352633,10.1038/s42003-019-0378-6,Communications Biology,Correspondence: fMRI replicability depends upon sufficient individual-level data,"Nee, D. E.",neuroscience,2018-06-21,2019-04-12,"The replicability of findings drawn from functional magnetic resonance imaging (fMRI) data have increasingly been called into question. Concerns have been raised that historically, sample sizes have been insufficient to produce adequate power, leading to unreliable results. Recently, Turner and colleagues demonstrated that even with large sample sizes, the replicability of fMRI can be worryingly low. However, their datasets featured low amounts of data at the individual-level. Here, I demonstrate that replicability depends critically on sufficient individual-level sampling. I show that fMRI can have strong replicability even at modest sample sizes when individuals are adequately sampled, but that inadequate individual-level sampling leads to poor replicability. These data indicate that fMRI replicability cannot be judged solely on sample size, and that adequate sampling at the individual-level is a critical design consideration."
biorxiv,10.1101/2023.08.31.555669,10.1371/journal.pgen.1011231,PLOS Genetics,Belt and braces: two escape ways to maintain the cassette reservoir of large chromosomal integrons,"Richard, E.; Darracq, B.; Littner, E.; Millot, G.; Conte, V.; Cokelaer, T.; Engelstaedter, J.; Rocha, E.; Mazel, D.; Loot, C.",genetics,2023-09-01,2024-04-05,"Integrons are adaptive devices that capture, stockpile, shuffle and express gene cassettes thereby sampling combinatorial phenotypic diversity. Some integrons called sedentary chromosomal integrons (SCIs) can be massive structures containing hundreds of cassettes. Since most of these cassettes are non-expressed, it is not clear how they remain stable over long evolutionary timescales. Recently, it was found that the experimental inversion of the SCI of Vibrio cholerae led to a dramatic increase of the cassette excision rate associated to a fitness defect. Here, we question the evolutionary sustainability of this apparently counter selected genetic context through experimental evolution. We find that the integrase is rapidly inactivated and that the inverted SCI can recover its original orientation by homologous recombination between two insertion sequences (ISs) present in the array. These two outcomes of SCI inversion restore the normal growth and prevent the loss of cassettes, enabling SCIs to retain their roles as reservoirs of functions. These results illustrate an interesting interplay between gene orientation, genome rearrangement, bacterial fitness and demonstrate how integrons can benefit from their embedded ISs."
biorxiv,10.1101/498931,10.3758/s13428-021-01587-5,Behavior Research Methods,Violating the normality assumption may be the lesser of two evils,"Knief, U.; Forstmeier, W.",scientific communication and education,2018-12-20,2021-05-07,"When data are not normally distributed (e.g. skewed, zero-inflated, binomial, or count data) researchers are often uncertain whether it may be legitimate to use tests that assume Gaussian errors (e.g. regression, t-test, ANOVA, Gaussian mixed models), or whether one has to either model a more specific error structure or use randomization techniques.Here we use Monte Carlo simulations to explore the pros and cons of fitting Gaussian models to non-normal data in terms of risk of type I error, power and utility for parameter estimation.We find that Gaussian models are remarkably robust to non-normality over a wide range of conditions, meaning that P-values remain fairly reliable except for data with influential outliers judged at strict alpha levels. Gaussian models also perform well in terms of power and they can be useful for parameter estimation but usually not for extrapolation. Transformation of data before analysis is often advisable and visual inspection for outliers and heteroscedasticity is important for assessment. In strong contrast, some non-Gaussian models and randomization techniques bear a range of risks that are often insufficiently known. High rates of false-positive conclusions can arise for instance when overdispersion in count data is not controlled appropriately or when randomization procedures ignore existing non-independencies in the data.Overall, we argue that violating the normality assumption bears risks that are limited and manageable, while several more sophisticated approaches are relatively error prone and difficult to check during peer review. Hence, as long as scientists and reviewers are not fully aware of the risks, science might benefit from preferentially trusting Gaussian mixed models in which random effects account for non-independencies in the data in a transparent way.Tweetable abstract Gaussian models are remarkably robust to even dramatic violations of the normality assumption.Competing Interest StatementThe authors have declared no competing interest.View Full Text"
biorxiv,10.1101/2025.04.30.651459,10.1016/j.tifs.2025.105364,Trends in Food Science & Technology,"Integrative multi-omics modelling for cultivated meat production, quality, and safety","Mathieu, T.; Legare, S.; Nzekoue, A. F.; Jaure, N.; Lester, H.; Dias, T.; Kusters, R.",bioinformatics,2025-05-01,2025-10-07,"Cell culture technology, which offers a promising solution for complementary food production, is slowly becoming a reality with the first wave of regulatory approvals in pioneering markets. However, significant challenges remain for large-scale cultivated meat commercialization, including effective scaling, cost efficiency, and product quality, but also scientific evidence to support regulatory approval and building consumer trust. In this paper, we discuss the potential of an integrative multi-omics approach to characterize and optimize cultivated meat production. By analyzing a network-based interactome model that integrates the transcriptomic, proteomic, and metabolomic layers, we achieve a system-level understanding of cellular metabolism and regulatory mechanisms. This approach can allow for precise monitoring and targeted interventions of critical quality and safety attributes associated with cellular biomass. We then describe a Target-Action-Metabolite (TAM) framework, which utilizes insights from the interactome to optimize cell culture conditions through actionable interventions. We illustrate the potential use of this framework through a case study involving Duck Embryonic Stem Cells (dESCs) for use in cell-cultured meat products, providing hypotheses for improving key metabolic pathways through targeted interventions on metabolites present in culture media. Finally, our paper highlights the potential of this interactome-based strategy to enhance bioprocess efficiency, improve product quality and ensure safety attributes, addressing regulatory challenges associated with cultivated meat production.

HighlightsO_LIIntegrative multi-omics as a novel approach to support cultivated meat production.
C_LIO_LIInteractome Models map molecular interactions to monitor and improve production.
C_LIO_LIMulti-omics based strategy to scientifically support cell-culture safety assessment.
C_LIO_LITarget-Action-Metabolites Framework to guide non-genetic interventions.
C_LIO_LICase study with avian interactome model to enhance cellular metabolism.
C_LI"
biorxiv,10.1101/2023.07.26.550748,10.1038/s41467-024-46764-0,Nature Communications,Teacher-student collaborated multiple instance learning for pan-cancer PDL1 expression prediction from histopathology slides,"Jin, D.; Liang, S.; Shmatko, A.; Gruenewald, T. G. P.; Gerstung, M.; Bai, X.",bioengineering,2023-07-26,2024-04-09,"Programmed cell death ligand 1 (PDL1), as an important biomarker, is quantified by immunohistochemistry with few established histopathological patterns. Deep learning aids in histopathological assessment, yet heterogeneity and lacking spatially resolved annotations challenge precise analysis. Here, we present a weakly supervised learning approach using bulk RNA sequencing for PDL1 expression prediction from hematoxylin and eosin (H&E) slides. Our methods, MILTS, extends multiple instance learning paradigm with the teacher-student framework, which assigns dynamic pseudo-labels for intra-slide heterogeneity and retrieves unlabeled instances using temporal ensemble model distillation. The approach, evaluated on 12,299 slides across 20 solid tumor types, achieves a weighted average AUC of 0.83 on fresh-frozen and 0.74 on formalin-fixed specimens for 9 tumors with PDL1 as an established biomarker. MILTS predicts PDL1 expression patterns, validated by immunohistochemistry on 20 slides, offering insights into histologies relevant to PDL1. This demonstrates the potential of deep learning in identifying diverse histological patterns for molecular changes from H&E images."
biorxiv,10.1101/2025.02.10.637384,10.3389/fbinf.2026.1715377,Frontiers in Bioinformatics,Evaluating Transcriptomic Integration for Cyanobacterial Constraint-based Metabolic Modelling,"Pugsley, T.; Hanke, G.; Duffy, C. D. P.",systems biology,2025-02-12,2026-02-04,"1Metabolic modelling has wide-ranging applications, including for the production of high-value compounds, understanding complex disease and analysing community interactions. Integrating transcriptomic data with genome-scale metabolic models is crucial for deepening our understanding of complex biological systems, as it enables the development of models tailored to specific conditions, such as particular tissues, environments, or experimental setups. Relatively little attention has been given to the assessment of such integration methods in predicting intracellular fluxes. While a few validation studies offer some insights, their scope remains limited, particularly for organisms like cyanobacteria, for which little metabolic flux data are available. Cyanobacteria hold significant biotechnological potential due to their ability to synthesize a wide range of high-value compounds with minimal resource inputs [21]. The impact of specific methodological decisions on integration, however, has scarcely been assessed beyond human models, with no thorough exploration of parameter choices in valve-based integration methods. By implementing a novel analysis pipeline, we evaluated these methodological decisions using the genome-scale model for Synechocystis sp. PCC 6803 (iSynCJ816 [17]) with existing transcriptomic data in biomass-optimised scenarios. Our analyses indicate that selecting an appropriate integration method may not always be straightforward and depends on the initial model configuration - a factor which is often overlooked during integration. By evaluating sets of methods, we identified a trade-off between the buffering of light into the system and maintenance of flux near system boundaries. We suggest that the use of the lazy-step mapping function with importance-based scaling results in the best predictions, particularly when these can be validated with experimental data. When using one-size-fits-all scaling with the lazy-step mapping function, it appears preferable to use light buffering to avoid inappropriate bound changes near the photosystems, a factor which importance-based scaling may help to compensate for. In cases where no experimental data can be used for validation, the novel thresholding approach could be adopted as this showed some improvements upon the standard Lazy method."
biorxiv,10.1101/2021.03.17.435124,10.1021/acs.jproteome.1c00938,Journal of Proteome Research,The unphosphorylated form of the PAQosome core subunit RPAP3 binds ribosomal preassembly complexes to modulate ribosome biogenesis.,"Pinard, M.; Cloutier, P.; Poitras, C.; Gauthier, M.-S.; Coulombe, B.",biochemistry,2021-03-17,2022-02-07,"The PAQosome (Particle for Arrangement of Quaternary structure) is a twelve-subunit HSP90 co-chaperone involved in the biogenesis of several human protein complexes. Two mechanisms of client selection have previously been identified, namely the selective recruitment of specific adaptors and the differential use of homologous core subunits. Here, we describe a third client selection mechanism by showing that RPAP3, one of the core PAQosome subunits, is phosphorylated at several Ser residues in HEK293 cells. Affinity purification coupled with mass spectrometry (AP-MS) using expression of tagged RPAP3 with single phospho-null mutations at Ser116, Ser119 or Ser121 reveals binding of the unphosphorylated form to several proteins involved in ribosome biogenesis. In vitro phosphorylation assays indicate that the kinase CK2 phosphorylates these RPAP3 residues. This finding is supported by data showing that pharmacological inhibition of CK2 enhances binding of RPAP3 to ribosome preassembly factors in AP-MS experiments. Moreover, silencing of PAQosome subunits interferes with ribosomal assembly factors interactome. Altogether, these results indicate that RPAP3 phosphate group addition/removal at specific residues modulates binding to subunits of preribosomal complexes and allows speculating that PAQosome posttranslational modifications is a mechanism of client selection."
medrxiv,10.1101/2020.09.20.20198432,10.1016/j.cma.2021.113891,Computer Methods in Applied Mechanics and Engineering,COVID-19 dynamics across the US: A deep learning study of human mobility and social behavior,"Bhouri, M. A.; Costabal, F. S.; Wang, H.; Linka, K.; Peirlinck, M.; Kuhl, E.; Perdikaris, P.",epidemiology,2020-09-23,2021-05-01,"This paper presents a deep learning framework for epidemiology system identification from noisy and sparse observations with quantified uncertainty. The proposed approach employs an ensemble of deep neural networks to infer the time-dependent reproduction number of an infectious disease by formulating a tensor-based multi-step loss function that allows us to efficiently calibrate the model on multiple observed trajectories. The method is applied to a mobility and social behavior-based SEIR model of COVID-19 spread. The model is trained on Google and Unacast mobility data spanning a period of 66 days, and is able to yield accurate future forecasts of COVID-19 spread in 203 US counties within a time-window of 15 days. Strikingly, a sensitivity analysis that assesses the importance of different mobility and social behavior parameters reveals that attendance of close places, including workplaces, residential, and retail and recreational locations, has the largest impact on the basic reproduction number. The model enables us to rapidly probe and quantify the effects of government interventions, such as lock-down and re-opening strategies. Taken together, the proposed framework provides a robust workflow for data-driven epidemiology model discovery under uncertainty and produces probabilistic forecasts for the evolution of a pandemic that can judiciously inform policy and decision making. All codes and data accompanying this manuscript are available at https://github.com/PredictiveIntelligenceLab/DeepCOVID19."
biorxiv,10.1101/2024.07.09.602717,10.1038/s41467-025-58360-x,Nature Communications,Kupffer cell and recruited macrophage heterogeneity orchestrate granuloma maturation and hepatic immunity in visceral leishmaniasis,"Pessenda, G.; Ferreira, T. R.; Paun, A.; Kabat, J.; Amaral, E. P.; Kamenyeva, O.; Gazzinelli-Guimaraes, P. H.; Perera, S. R.; Ganesan, S.; Lee, S. H.; Sacks, D. L.",immunology,2024-07-13,2025-04-01,"In murine models of visceral leishmaniasis (VL), parasitization of resident Kupffer cells (resKCs) is responsible for early growth of Leishmania infantum in the liver, which leads to granuloma formation and eventual parasite control. We employed the chronic VL model, and revealed an open niche established by KCs death and their migration outside of the sinusoids, resulting in their gradual replacement by monocyte-derived KCs (moKCs). While early granulomas were composed of resKCs, late granulomas were found outside of the sinusoids and contained resKC-derived macrophages, and monocyte-derived macrophages (momacs). ResKCs and moKCs within the sinusoids were identified as homeostatic/regulatory cells, while resKC-derived macrophages and momacs within late granulomas were pro-inflammatory. Despite the infection being largely confined to the resKC-derived macrophages, in the absence of monocyte recruitment, parasite control was strongly compromised. Macrophage heterogeneity, involving migration and reprogramming of resKCs, along with recruitment of monocyte-derived cells, is a hallmark of granuloma maturation and hepatic immunity in VL."
biorxiv,10.1101/2023.07.14.548550,10.1126/scitranslmed.adk9129,Science Translational Medicine,Increased beta2-adrenergic signaling is a targetable stimulus essential for bone healing by promoting callus neovascularization,"Jahn, D.; Knapstein, P. R.; Otto, E.; Köhli, P.; Sevecke, J.; Graef, F.; Graffmann, C.; Fuchs, M.; Jiang, S.; Rickert, M.; Erdmann, C.; Appelt, J.; Revend, L.; Küttner, Q.; Witte, J.; Rahmani, A.; Duda, G.; Xie, W.; Donat, A.; Schinke, T.; Ivanov, A.; Ngokingha Tchouto, M.; Beule, D.; Frosch, K.-H.; Baranowsky, A.; Tsitsilonis, S.; Keller, J.",cell biology,2023-07-16,2024-04-17,"Traumatic brain injury (TBI) is associated with a hyperadrenergic state and paradoxically causes systemic bone loss while accelerating fracture healing. Here, we identify the beta2-adrenergic receptor (Adrb2) as a central mediator of these skeletal manifestations. While the negative effects of TBI on the unfractured skeleton can be explained by the established impact of Adrb2 signaling on bone formation, Adrb2 promotes neovascularization of the fracture callus under conditions of high sympathetic tone, including TBI and advanced age. Mechanistically, norepinephrine stimulates the expression of Vegfa and Cgrp primarily in periosteal cells via Adrb2, both of which synergistically promote the formation of osteogenic type-H vessels in the fracture callus. Accordingly, the beneficial effect of TBI on bone repair is abolished in mice lacking Adrb2 or Cgrp, and aged Adrb2-deficient mice without TBI develop fracture nonunions despite high bone formation in uninjured bone. Pharmacologically, the Adrb2 antagonist propranolol impairs, and the agonist formoterol promotes fracture healing in aged mice by regulating callus neovascularization. Clinically, intravenous beta-adrenergic sympathomimetics are associated with improved callus formation in trauma patients with long bone fractures. Thus, Adrb2 is a novel target for promoting bone healing, and widely used beta-blockers may cause fracture nonunion under conditions of increased sympathetic tone.



O_FIG O_LINKSMALLFIG WIDTH=200 HEIGHT=95 SRC=""FIGDIR/small/548550v1_ufig1.gif"" ALT=""Figure 1"">
View larger version (31K):
org.highwire.dtl.DTLVardef@cea57corg.highwire.dtl.DTLVardef@d29642org.highwire.dtl.DTLVardef@186ea5aorg.highwire.dtl.DTLVardef@83eaae_HPS_FORMAT_FIGEXP  M_FIG Artwork was created in BioRender.

C_FIG"
biorxiv,10.1101/2020.10.12.336883,10.3389/fncel.2021.618393,Frontiers in Cellular Neuroscience,A class of synaptic signaling molecules required for homeostatic potentiation also tunes homeostatic depression,"Yeates, C. J.; Frank, C. A.",neuroscience,2020-10-13,2021-05-07,"Synapses and circuits rely on homeostatic forms of regulation in order to transmit meaningful information. The Drosophila melanogaster neuromuscular junction (NMJ) is a well-studied synapse that shows robust homeostatic control of function. Most prior studies of homeostatic plasticity at the NMJ have centered on presynaptic homeostatic potentiation (PHP). PHP happens when postsynaptic muscle neurotransmitter receptors are impaired, triggering retrograde signaling that causes an increase in presynaptic neurotransmitter release. As a result, normal levels of evoked excitation are maintained. The counterpart to PHP at the NMJ is presynaptic homeostatic depression (PHD). Overexpression of the Drosophila vesicular glutamate transporter (VGlut) causes an increase in the amplitude of spontaneous events. PHD happens when the synapse responds to the challenge by decreasing quantal content during evoked neurotransmission - again, resulting in normal levels of postsynaptic excitation.

We hypothesized that there may exist a class of molecules that affects both PHP and PHD. Impairment of any such molecule could hurt a synapses ability to respond to any significant homeostatic challenge. We conducted an electrophysiology-based screen for blocks of PHD. We did not observe a block of PHD in the genetic conditions screened, but we did find loss-of-function conditions that led to a substantial deficit in evoked amplitude when combined with VGlut overexpression. The conditions causing this phenotype included a double heterozygous loss-of-function condition for genes encoding the inositol trisphosphate receptor (IP3R - itpr) and ryanodine receptor (RyR). IP3Rs and RyRs gate calcium release from intracellular stores. Pharmacological agents targeting IP3R and RyR recapitulated the genetic losses of these factors, as did lowering calcium levels from other sources. Our data are consistent with the idea that the homeostatic signaling process underlying PHD is especially sensitive to levels of calcium at the presynapse."
biorxiv,10.1101/689398,10.1016/j.nicl.2019.102145,NeuroImage: Clinical,"Linking alpha oscillations, attention and inhibitory control in adult ADHD with EEG neurofeedback","Deiber, M.-P.; Hasler, R.; Colin, J.; Dayer, A.; Aubry, J.-M.; Baggio, S.; Perroud, N.; Ros, T.",neuroscience,2019-07-02,2019-12-24,"Abnormal patterns of electrical oscillatory activity have been repeatedly described in adult ADHD. In particular, the alpha rhythm (8-12 Hz), known to be modulated during attention, has previously been considered as candidate biomarker for ADHD. In the present study, we asked adult ADHD patients to self-regulate their own alpha rhythm using neurofeedback (NFB), in order to examine the modulation of alpha oscillations on attentional performance and brain plasticity. Twenty-five adult ADHD patients and 22 healthy controls underwent a 64-channel EEG-recording at resting-state and during a Go/NoGo task, before and after a 30 min-NFB session designed to reduce (desynchronize) the power of the alpha rhythm. Alpha power was compared across conditions and groups, and the effects of NFB were statistically assessed by comparing behavioral and EEG measures pre-to-post NFB. Firstly, we found that relative alpha power was attenuated in our ADHD cohort compared to control subjects at baseline and across experimental conditions, suggesting a signature of cortical hyper-activation. Both groups demonstrated a significant and targeted reduction of alpha power during NFB. Interestingly, we observed a post-NFB increase in resting-state alpha (i.e. rebound) in the ADHD group, which restored alpha power towards levels of the normal population. Importantly, the degree of post-NFB alpha normalisation during the Go/NoGo task correlated with individual improvements in motor inhibition (i.e. reduced commission errors and slower reaction times in NoGo trials) only in the ADHD group. Overall, our findings offer novel supporting evidence implicating alpha oscillations in inhibitory control, as well as their potential role in the homeostatic regulation of cortical excitatory/inhibitory balance.\n\nHighlightsO_LIResting alpha power is reduced in adult ADHD suggesting cortical hyper-activation\nC_LIO_LIAdult ADHD patients successfully reduce alpha power during neurofeedback\nC_LIO_LIA post-neurofeedback rebound normalizes alpha power in adult ADHD\nC_LIO_LIAlpha power rebound correlates with improvement of inhibitory control in adult ADHD\nC_LI"
biorxiv,10.1101/2021.04.19.440555,10.3389/fmicb.2022.929202,Frontiers in Microbiology,"Genetic diversity, evolutionary dynamics and pathogenicity of ferret badger rabies virus variants in mainland China, 2008-2018","Hu, R.; Faming Miao, F. M.; Zhao, J.; Li, N.; Liu, Y.; Chen, T.; Mi, L.; Yang, J.; Chen, Q.; Zhang, F.; Feng, J.; Li, S.; Zhang, S.",pathology,2021-04-20,2022-07-14,"In contrast to dog associated human rabies cases decline year by year due to the rabies vaccination coverage rates increase in China, ferret badger (FB, Melogale moschata)-associated human rabies cases emerged in the 1990s, and are now an increasingly recognized problem in southeast China. To investigate epidemiology, temporal evolution dynamics, transmission characterization and pathogenicity of FB-associated rabies viruses (RABVs), from 2008 to 2018, we collected 3,622 FB brain samples in Jiangxi and Zhejiang Province, and detected 112 RABV isolates. Four FB-related lineages were identified by phylogenetic analysis (lineages A-D), the estimated Times to Most Recent Common Ancestor were 1941, 1990, 1937 and 1997 for lineages A-D respectively. Furthermore, although no FB-associated human rabies case has been reported there apart from Wuyuan area, FB-RABV isolates are mainly distributed in Jiangxi Province. Pathogenicity of FB-RABVs was assessed using peripheral inoculation in mice and in beagles with masseter muscles, mortality-rates ranging from 20% to 100% in mice and 0 to 20% in beagles in the groups infected with the various isolates. Screening of sera from humans with FB bites and no postexposure prophylaxis to rabies, revealed that 5 of 9 were positive for neutralizing antibodies of RABV. All the results above indicated that FB-RABV variants caused a lesser pathogenicity in mice, beagles and even humans. Vaccination in mice suggests that inactivated vaccine or recombinant subunit vaccine products can be used to control FB- associated rabies, however, oral vaccines for stray dogs and wildlife need to be developed and licensed in China urgently.

IMPORTANCEIn recent years FB-associated rabies virus has been identified as a major life-threatening pathogen in some districts in China. To understand the risk to public health and the contemporary dynamics, the present study conducted extensive investigations on FB rabies, distribution, virus isolation, phylogeny analysis, pathogenicity determination of various FB rabies virus strains, besides, serologic epidemiology survey to those whom bit by FB was also collected. The results show that the majority of FBs dwell in southeast China, like Jiangxi and Zhejiang Province, Phylogenetic analysis indicates that all isolated FB RABVs evolved from dogs, and the FB RABV can separate into 4 distinct lineages distributed relatively independent in different areas. The isolate strains differ in pathogenicity, although they have relatively lower pathogenicity compared to dog rabies virus according to our study, the need for further study to licensed oral vaccines and FB RABV pathogenesis is emphasized in order to control rabies."
biorxiv,10.1101/2020.01.24.918540,10.1186/s12859-020-3418-9,BMC Bioinformatics,Combining feature selection and shape analysis uncovers precise rules for miRNA regulation in Huntington's disease mice,"Megret, L.; Nair, S. S.; Dancourt, J.; Aaronson, J.; Rosinski, J.; Neri, C.",bioinformatics,2020-01-25,2020-02-24,"BackgroundMicroRNA (miRNA) regulation is associated with several diseases, including neurodegenerative diseases. Several approaches can be used for modeling miRNA regulation. However, their precision may be limited for analyzing multidimensional data. Here, we addressed this question by integrating shape analysis and feature selection into miRAMINT, a methodology that we used for analyzing multidimensional RNA-seq and proteomic data from a knock-in mouse model (Hdh mice) of Huntingtons disease (HD), a disease caused by CAG repeat expansion in huntingtin (htt). This dataset covers 6 CAG repeat alleles and 3 age points in the striatum and cortex of Hdh mice.

ResultsRemarkably, compared to previous analyzes of this multidimensional dataset, the miRAMINT approach retained only 31 explanatory striatal miRNA-mRNA pairs that are precisely associated with the shape of CAG repeat dependence over time, among which 5 pairs with a strong change of target expression levels. Several of these pairs were previously associated with neuronal homeostasis or HD pathogenesis, or both. Such miRNA-mRNA pairs were not detected in cortex.

ConclusionsThese data suggest that miRNA regulation has a limited global role in HD while providing accurately-selected miRNA-target pairs to study how the brain may compute molecular responses to HD over time. These data also provide a methodological framework for researchers to explore how shape analysis can enhance multidimensional data analytics in biology and disease."
biorxiv,10.1101/2024.10.30.621135,10.1016/j.jlr.2025.100831,Journal of Lipid Research,N-Aldehyde-Modified Phosphatidylethanolamines generated by lipid peroxidation are robust substrates of N-Acyl Phosphatidylethanolamine Phospholipase D,"Fadaei, R.; Bernstein, A. C.; Jenkins, A. N.; Pickens, A. G.; Zarrow, J. E.; Alli-oluwafuyi, A.-m. O.; Tallman, K. A.; Davies, S. S.",biochemistry,2024-11-01,2025-05-21,"N-acyl phosphatidylethanolamine-hydrolyzing phospholipase D (NAPE-PLD) hydrolyzes phosphatidylethanolamines (PE) where the headgroup nitrogen has been enzymatically modified with acyl chains of four carbons or longer (N-acyl-PEs or NAPEs). The nitrogen headgroup of PE can also be non-enzymatically modified by reactive lipid aldehydes, thus forming N-aldehyde modified-PEs (NALPEs). Some NALPEs such as N-carboxyacyl-PEs are linked to PE via amide bonds similar to NAPEs, but others are linked by imine, pyrrole, or lactam moieties. Whether NAPE-PLD can hydrolyze NALPEs was unknown. We therefore characterized the major NALPE species formed during lipid peroxidation of arachidonic acid and linoleic acid and generated various NALPEs for characterization of their sensitivity to NAPE-PLD hydrolysis by reacting synthesized aldehydes with PE. We found that NAPE-PLD could act on NALPEs of various lengths and linkage types including those derived from PE modified by malondialdehyde (N-MDA-PE), butane dialdehyde (N-BDA-PE), 4-hydroxynonenal (N-HNE-PE), 4-oxo-nonenal (N-ONE-PE), 9-keto-12-oxo-dodecenoic acid (N-KODA-PE), and 15-E2-isolevuglandin (N-IsoLG-PE). To assess the relative preference of NAPE-PLD for various NALPEs versus its canonical NAPE substrates, we generated a substrate mixture containing roughly equimolar concentrations of the seven NALPEs as well as two NAPEs (N-palmitoyl-PE and N-linoleoyl-PE) and measured their rate of hydrolysis. Several NALPE species, including the N-HNE-PE pyrrole species, were hydrolyzed at a similar rate as N-linoleoyl-PE and many of the other NALPEs showed intermediate rates of hydrolysis. These results significantly expand the substrate repertoire of NAPE-PLD and suggest that it may play an important role in clearing products of lipid peroxidation in addition to its established role in the biosynthesis of N-acyl-ethanolamines."
biorxiv,10.1101/2022.04.20.488672,10.1111/nph.18443,New Phytologist,Comparative transcriptomics and metabolomics reveal specialized metabolite drought stress responses in switchgrass (Panicum virgatum L.),"Tiedge, K. J.; Li, X.; Merrill, A. T.; Davisson, D. L.; Chen, Y.; Yu, P.; Tantillo, D. J.; Last, R.; Zerbe, P.",plant biology,2022-04-21,2022-08-27,"O_LISwitchgrass (Panicum virgatum) is a bioenergy model crop valued for its energy efficiency and drought tolerance resilience. The related monocot species rice (Oryza sativa) and maize (Zea mays) deploy species-specific, specialized metabolites as core stress defenses. By contrast, specialized chemical defenses in switchgrass are largely unknown.
C_LIO_LITo investigate specialized metabolic drought responses in switchgrass, we integrated tissue-specific transcriptome and metabolite analyses of the genotypes Alamo and Cave-in-Rock that feature different drought tolerance.
C_LIO_LIThe more drought-susceptible Cave-in-Rock featured an earlier onset of transcriptomic changes and significantly more differentially expressed genes in response to drought compared to Alamo. Specialized pathways showed moderate differential expression compared to pronounced transcriptomic alterations in carbohydrate and amino acid metabolism. However, diterpenoid-biosynthetic genes showed drought-inducible expression in Alamo roots, contrasting largely unaltered triterpenoid and phenylpropanoid pathways. Metabolomic analyses identified common and genotype-specific flavonoids and terpenoids. Consistent with transcriptomic alterations, several root diterpenoids showed significant drought-induced accumulation, whereas triterpenoid abundance remained predominantly unchanged. Structural analysis of drought-responsive root diterpenoids verified these metabolites as oxygenated furanoditerpenoids.
C_LIO_LIDrought-dependent transcriptome and metabolite profiles provide the foundation to understand the molecular mechanisms underlying switchgrass environmental resilience. Accumulation of specialized root diterpenoids and corresponding pathway transcripts supports a role in drought stress tolerance for these compounds.
C_LI

Significance statementWith an increasing demand for renewable energy opposed by rising climate-driven crop losses, understanding, and leveraging plant natural defenses can enable the development of sustainable crop production systems. Here, we integrated comparative transcriptomics and metabolomics analyses to gain a detailed understanding of the diversity and physiological relevance of specialized metabolites in upland and lowland switchgrass ecotypes and provide resources for future investigations of drought response mechanisms in switchgrass."
biorxiv,10.1101/2020.07.08.192997,10.1038/s41467-021-27314-4,Nature Communications,Loss of PRC2 subunits primes lineage choice during exit of pluripotency,Chet H Loh; Matteo Perino; Magnus R Bark; Gert Jan C Veenstra,molecular biology,2020-07-08,2021-11-30,"Polycomb Repressive Complex 2 (PRC2) is crucial for the coordinated expression of genes during early embryonic development, catalyzing histone H3 lysine 27 trimethylation. There are two distinct PRC2 complexes, PRC2.1 and PRC2.2, which contain respectively MTF2 and JARID2 in ES cells. Very little is known about the roles of these auxiliary PRC2 subunits during the exit of pluripotency. In this study, we explored their roles in lineage specification and commitment, using single-cell transcriptomics and mouse embryoid bodies derived from Mtf2 and Jarid2 null embryonic stem cells (ESCs). We observed that the loss of Mtf2 resulted in enhanced and faster differentiation towards cell fates from all germ layers, while the Jarid2 null cells were predominantly directed towards early differentiating precursors and neuro-ectodermal fates. Interestingly, we found that these effects are caused by derepression of developmental regulators that were poised for activation in pluripotent cells and gained H3K4me3 at their promoters in the absence of PRC2 repression. Upon lineage commitment, the differentiation trajectories were relatively similar to those of wild type cells. Together, our results uncovered a major role for MTF2-containing PRC2.1 in balancing poised lineage-specific gene activation, providing a threshold for lineage choice during the exit of pluripotency.

HighlightsO_LIEnhanced and faster differentiation into all three germ layers in Mtf2 null embryoid bodies
C_LIO_LIJarid2 null cells enriched for early differentiating precursors and neuro-ectodermal cell fates
C_LIO_LIMTF2 is critical for the balance of activation and repression of key developmental regulators
C_LIO_LIPRC2 coordinates lineage choice and execution of the lineage-specific program by thresholding of lineage-priming
C_LI"
biorxiv,10.1101/2025.03.07.642018,10.1016/j.isci.2025.113574,iScience,Sparse memory ensembles set brain-wide network states to sustain learned associations,"Haubrich, J.; Russo, G.; Manahan-Vaughan, D.",neuroscience,2025-03-10,2025-09-17,"The ability to recall spatial memories and adapt behavior to changing conditions is essential for efficient navigation of environments. These processes are thought to rely on sparse populations of neurons, embedded within distributed brain networks. However, how the activity of these neurons impacts large-scale network connectivity to sustain behavior remains poorly understood. To address this, we tagged neurons active during peak performance in an appetitive spatial memory T-maze task in male and female TetTag-hM3Dq transgenic mice and chemogenetically reactivated these ensembles during functional magnetic imaging (fMRI) of brain activity. Reactivation of these ensembles triggered widespread network reorganization, optimizing the brain's modular specialization while maintaining integration across the network via key hubs and gateways. We identified two distinct clusters dominated by the ventral and dorsal hippocampus, respectively, that exhibit distinct connectivity with cortical and subcortical areas. Control mice showed effective extinction learning (EL) in the T-maze when the reward incentive was absent. Reactivating the tagged memory ensembles during EL significantly prevented this process. These findings reveal the brain-wide network hubs that support effective spatial memory acquisition, but also indicate that decay of this network connectivity is likely to be an essential facet of effective EL of spatial experience."
biorxiv,10.1101/2024.10.01.616075,10.1371/journal.pone.0308431,PLOS ONE,Accuracy in bird predation assessment: Camera traps testing the efficacy of plasticine caterpillars as prey models,"SCHILLE, L.; PLAT, N.; BARBARO, L.; JACTEL, H.; RASPAIL, F.; RIVOAL, J.-B.; CASTAGNEYROL, B.; MRAZOVA, A.",ecology,2024-10-03,2025-03-06,"Sampling methods that are both scientifically rigorous and ethical are cornerstones of any experimental biological research. Since its introduction 30 years ago, the method of using plasticine prey to quantify predation pressure has become increasingly popular in biology. However, recent studies have questioned the accuracy of the method, suggesting that misinterpretation of predator bite marks and the artificiality of the models may bias the results. Yet, bias per se might not be a methodological issue as soon as its statistical distribution in the samples is even, quantifiable, and thus correctable in quantitative analyses. In this study, we focus on avian predation of lepidopteran larvae models, which is one of the most extensively studied predator-prey interactions across diverse ecosystems worldwide. We compared bird predation on plasticine caterpillar models to that on dead caterpillars of similar size and color, using camera traps to assess actual predation events and to evaluate observer accuracy in identifying predation marks a posteriori. The question of whether plasticine models reliably measure insectivorous bird predation remained unanswered, for two reasons: (1) even the evaluation of experienced observers in the posterior assessment of predation marks on plasticine models was subjective to some extent, and (2) camera traps failed to reflect predation rates as assessed by observers, partly because they could only record evidence of bird presence rather than actual predation events. Camera traps detected more evidence of bird presence than predation clues on plasticine models, suggesting that fake prey may underestimate the foraging activity of avian insectivores. The evaluation of avian predation on real caterpillar corpses was probably also compromised by losses to other predators, likely ants. Given the uncertainties and limitations revealed by this study, and in the current absence of more effective monitoring methods, it remains simpler, more cost-effective, ethical, and reliable to keep using plasticine models to assess avian predation. However, it is important to continue developing improved monitoring technologies to better evaluate and refine these methods in order to advance research in this field."
biorxiv,10.1101/2021.03.08.434355,10.1016/j.jneumeth.2021.109313,Journal of Neuroscience Methods,Characterizing neural phase-space trajectories via Principal Louvain Clustering,"Dekker, M. M.; Franca, A. S. C.; Panja, D.; Cohen, M. X.",neuroscience,2021-03-09,2021-08-09,"BackgroundWith the growing size and richness of neuroscience datasets in terms of dimension, volume, and resolution, identifying spatiotemporal patterns in those datasets is increasingly important. Multivariate dimension-reduction methods are particularly adept at addressing these challenges.

New MethodIn this paper, we propose a novel method, which we refer to as Principal Louvain Clustering (PLC), to identify clusters in a low-dimensional data subspace, based on time-varying trajectories of spectral dynamics across multisite local field potential (LFP) recordings in awake behaving mice. Data were recorded from prefrontal cortex, hippocampus, and parietal cortex in eleven mice while they explored novel and familiar environments.

ResultsPLC-identified subspaces and clusters showed high consistency across animals, and were modulated by the animals ongoing behavior.

ConclusionsPLC adds to an important growing literature on methods for characterizing dynamics in high-dimensional datasets, using a smaller number of parameters. The method is also applicable to other kinds of datasets, such as EEG or MEG."
biorxiv,10.1101/2020.01.27.921460,10.1104/pp.20.00144,Plant Physiology,Tomato wall-associated kinase SlWak1 acts in an Fls2- and Fls3-dependent manner to promote apoplastic immune responses to Pseudomonas syringae,"Zhang, N.; Pombo, M. A.; Rosli, H. G.; Martin, G. B.",plant biology,2020-01-28,2020-05-05,"Wall-associated kinases (Waks) are known to be important components of plant immunity against various pathogens including Pseudomonas syringae pv. tomato (Pst) although their molecular mechanisms are largely unknown. In tomato, SlWak1 has been implicated in immunity because its transcript abundance increases significantly in leaves after treatment with the flagellin-derived peptides flg22 and flgII-28, which activate the receptors Fls2 and Fls3, respectively. We generated two SlWak1 tomato mutants ({Delta}wak1) using CRISPR/Cas9 and investigated the role of SlWak1 in tomato-Pst interactions. PTI activated in the apoplast by flg22 or flgII-28 was compromised in {Delta}wak1 plants but PTI at the leaf surface was unaffected. The {Delta}wak1 plants developed fewer callose deposits than wild-type plants but retained the ability to generate reactive oxygen species and activate MAPKs in response to flg22 and flgII-28. The induction of Wak1 gene expression by flg22 and flgII-28 was greatly reduced in a tomato mutant lacking Fls2 and Fls3 but induction of Fls3 gene expression by flgII-28 was unaffected in {Delta}wak1 plants. After Pst inoculation, {Delta}wak1 plants developed disease symptoms more slowly than {Delta}fls2.1/fls2.2/fls3 mutant plants, although both plants ultimately were similarly susceptible. SlWak1 co-immunoprecipitated with both Fls2 and Fls3 independently of flg22/flgII-28 or Bak1. These observations suggest that SlWak1 acts in a complex with Fls2/Fls3 and plays an important role at later stages of the PTI in the apoplast."
biorxiv,10.1101/2023.06.20.545834,10.1109/jsen.2024.3359892,IEEE Sensors Journal,A 128-ch area-efficient neurochemical-sensing front-end for FSCV recordings of dopamine,"White, K. A.; Darroudi, M.; Park, J.; Kim, B. N.",bioengineering,2023-06-24,2024-02-05,"Neurochemical recordings rely on electrochemical reactions of electroactive neurotransmitters such as dopamine, serotonin, and norepinephrine. This electrochemical technique allows for highly sensitive monitoring of neurotransmitters in the brain. Traditionally, single-channel carbon-fiber microelectrode recordings have been considered the gold standard method. However, an alternative approach involves the use of a microelectrode array, which enables high spatiotemporal resolution imaging of electroactive neurotransmitters. To enable neurochemical imaging using a microelectrode array, the development of a high-density current-sensing microchip is necessary. Here, a neurochemical microchip is introduced, featuring a 128-channel current sensing front-end capable of supporting 128 parallel neurochemical measurements. The designed amplifier array employs a highly scalable resistive feedback transimpedance amplifier design. This design allows for a large neurochemical dynamic range of {+/-}5{micro}A with a noise performance as low as 0.22nARMS. With the integration of this microchip, in vivo neurochemical imaging of dopamine can be achieved with high spatiotemporal resolution."
biorxiv,10.1101/2024.05.02.592281,10.1186/s10194-025-01969-6,The Journal of Headache and Pain,Multilevel clinical fingerprinting: uncovering longitudinal changes in the functional connectome of the brain along the migraine cycle,"Esteves, I.; Fouto, A. R.; Ruiz-Tagle, A.; Caetano, G.; Nunes, R. G.; da Silva, N. A.; Vilela, P.; Gil-Gouveia, R.; Pavao Martins, I.; Caballero-Gaudes, C.; Figueiredo, P.",bioengineering,2024-05-05,2025-02-10,"Migraine is a common neurological disorder characterized by recurrent headache episodes alternating with symptom-free periods, which has been associated with alterations across large-scale functional brain networks albeit with variable findings. Critically, despite the cyclic nature of the disorder, longitudinal studies spanning the various phases of the migraine cycle are scarce. Here, we leverage the identifiability of individual functional connectomes (FC) to investigate changes along the migraine cycle. For this purpose, we employ a case-control longitudinal design to study a group of 10 patients with episodic menstrual or menstrual-related migraine without aura, in the 4 phases of their spontaneous migraine cycle (preictal, ictal, postictal, interictal), and a group of 14 healthy controls in corresponding phases of the menstrual cycle, using resting-state fMRI. We propose a novel multilevel clinical fingerprinting approach to analyse the differential FC identifiability within-subject, as well as within-session and within-group. The individual FC matrices are then reconstructed with 19 principal components maximizing identifiability at all levels, and analyzed with Network-Based Statistic to identify significant changes in FC strength. We observe decreased FC identifiability for patients in the preictal phase relative to controls, which increases with the progression of the attack and becomes comparable to controls in the interictal phase. Regarding the FC strength, is increased in the ictal and postictal phases relative to controls across several networks. Our novel multilevel clinical fingerprinting approach captures FC variations along the migraine cycle in a case-control longitudinal study, bringing new insights into the cyclic nature of the disorder."
biorxiv,10.1101/2025.06.11.659169,10.1002/lno.70240,Limnology and Oceanography,Terrigenous inputs link nutrient dynamics to microbial communities in a tropical lagoon,"John, C.; Silbiger, N. J.; Adam, T. C.; Barnas, D. M.; Bistolas, K. S.; Carpenter, R. C.; Castaneda, N.; Donahue, M. J.; Donovan, M. K.; Enright, L. N.; Epstein, H. E.; Gallagher, J. P.; Jorissen, H.; Kerlin, J. R.; Leidholt, S. L.; McLachlan, R. H.; Molina, N.; Mullenmeister, C. A.; Neumann, K.; Renzi, J. J.; Silva, D. P.; Speare, K. E.; Swift, S.; Vompe, A. D.; Kelly, L. W.; Zeff, M.; Nelson, C. E.; Thurber, R. V.; Burkepile, D. E.",ecology,2025-06-17,2025-10-30,"Nutrient availability drives community structure and ecosystem processes, especially in tropical lagoons that are typically oligotrophic but often receive allochthonous inputs from land. Terrestrially-derived nutrients are introduced to tropical lagoons by surface runoff and submarine groundwater discharge, which are influenced by seasonal precipitation. Lagoon habitats are distributed along an onshore-offshore gradient; terrigenous inputs presumably diminish along the same continuum. We characterized nutrient enrichment in the lagoons of a tropical high island, Moorea, French Polynesia, using spatially distributed measurements of nitrogen content in the tissues of a widespread macroalga during the rainy season over four years. We used synoptic water column sampling to identify associations among macroalgal nutrient content and the composition of inorganic macronutrients, dissolved organic matter, and microbial communities. We paired these data with quantifications of land use in nearby watersheds to uncover links between terrestrial factors, aquatic chemistry, and microbial communities. Algal N content was highest near shore and near large, human-impacted watersheds, and lower at offshore sites. Sites with high algal N had water columns with high nitrite + nitrate, silicate, and increased humic organic matter (based on a fluorescence humification index), especially following rain. Microbial communities were differentiated among nearshore habitats and covaried with algal N and water chemistry, supporting the hypothesis that terrigenous nutrient enrichment shapes microbial dynamics in otherwise oligotrophic tropical lagoons. This study reveals that land-sea connections create nutrient subsidies that are important for lagoon biogeochemistry and microbiology, indicating that changes in land use or precipitation will modify ecosystem processes in tropical lagoons."
biorxiv,10.1101/2022.11.24.517810,10.1126/sciadv.adf9297,Science Advances,Multiplexed selectivity screening of anti-GPCR antibodies,"Dahl, L.; Kotliar, I.; Bendes, A.; Dodig-Crnkovic, T.; Fromm, S.; Elofsson, A.; Uhlen, M.; Sakmar, T. P.; Schwenk, J.",biochemistry,2022-11-24,2023-05-03,"G protein-coupled receptors (GPCRs) control critical cellular signaling pathways. Therapeutic agents, such as antibodies (Abs), are being developed to modulate GPCR signaling pathways. However, validating the selectivity of anti-GPCR Abs is challenging due to sequence similarities of individual receptors within GPCR subfamilies. To address this, we developed a multiplexed immunoassay to test >400 anti-GPCR Abs from the Human Protein Atlas targeting a customized library of 215 expressed and solubilized GPCRs representing all GPCR subfamilies. We found that ~61% of Abs were selective for their intended target, ~11% to bind off-target, and ~28% not to bind any GPCR. Antigens of on-target Abs were, on average, significantly longer, more disordered, and less likely to be buried in the interior of the GPCR protein than the other Abs. These results provide important insights into the immunogenicity of GPCR epitopes and form a basis for the design of therapeutic Abs and the detection of pathological auto-antibodies.

TEASERA multiplexed library-to-library selectivity analysis of 400 anti-GPCR antibodies within subfamilies of 200 solubilized receptors."
biorxiv,10.1101/2020.03.11.987602,10.1371/journal.pone.0230835,PLOS ONE,Role of syndecan-1 in the interaction between dendritic cells and T cells,"Kouwenberg, M.; Rops, A. L.; Bakker-van Bebber, M.; Diepeveen, L.; Götte, M.; Hilbrands, L.; van der Vlag, J.",immunology,2020-03-11,2020-07-23,"Syndecan-1 (Sdc-1) is a heparan sulfate proteoglycan that can bind cytokines and chemokines via its heparan sulfate side chains, and has immunomodulatory properties in experimental models. Sdc-1 expression has been reported on dendritic cells (DC) and T cells. The potential role of Sdc-1 in DC - T cell interaction has not been investigated yet. We postulate that Sdc-1 is involved in DC - T cell interaction and may influence graft survival in an allogeneic transplant model.

Sdc-1 expression on bone marrow-derived DC and T cells was analyzed by flow cytometry. Unstimulated and LPS stimulated Sdc-1 deficient DC were evaluated in vitro for phenotype and stimulatory capacity in mixed lymphocyte reaction. Sdc-1 deficient T cells were evaluated for proliferative capacity and differentiation in a mixed lymphocyte reaction and a proliferation assay. Allograft survival was evaluated in a fully MHC mismatched heterotopic heart transplant model, with either Sdc-1 deficient donors or recipients.

Sdc-1 is expressed on the cell surface of unstimulated and LPS matured DC. Sdc-1 deficiency had no effect on expression of co-stimulatory molecules, cytokine production or T cell stimulatory capacity as compared to WT DC. Sdc-1 expression was not detectable on WT T cells, although intracellular Sdc-1 expression could be demonstrated after ConA activation. Sdc-1 deficient T cells showed reduced proliferation upon DC or ConA stimulation and reduced IL-17 production upon ConA stimulation, compared to WT T cells. Sdc-1 deficiency of either allograft or recipient did not prolong allograft survival.

In conclusion, Sdc-1 is expressed on the cell surface of DC, where its absence does not affect DC phenotype or T cell stimulatory capacity. Sdc-1 is intracellularly expressed in ConA activated T cells. Sdc-1 deficiency in T cells results in a reduced proliferative response in vitro, as induced by DC and ConA. Sdc-1 deficiency in donor or recipient does not affect allograft survival."
medrxiv,10.1101/2024.09.02.24312084,10.1038/s44220-024-00334-x,Nature Mental Health,Neuroimaging Biomarkers in Addiction,"Ekhtiari, H.; Sangchooli, A.; Carmichael, O.; Moeller, G.; ODonnell, P.; Oquendo, M.; Paulus, M. P.; Pizzagalli, D. A.; Ramey, T.; Schacht, J.; Zare-Bidoky, M.; Childress, A. R.; Brady, K.",addiction medicine,2024-09-03,2024-11-18,"As a neurobiological process, addiction involves pathological patterns of engagement with substances and a range of behaviors with a chronic and relapsing course. Neuroimaging technologies assess brain activity, structure, physiology, and metabolism at scales ranging from neurotransmitter receptors to large-scale brain networks, providing unique windows into the core neural processes implicated in substance use disorders. Identified aberrations in the neural substrates of reward and salience processing, response inhibition, interoception, and executive functions with neuroimaging can inform the development of pharmacological, neuromodulatory, and psychotherapeutic interventions to modulate the disordered neurobiology. Based on our systematic search, 409 protocols registered on ClinicalTrials.gov include the use of one or more neuroimaging paradigms as an outcome measure in addiction, with the majority (N=268) employing functional magnetic resonance imaging (fMRI), followed by positron emission tomography (PET) (N=71), electroencephalography (EEG) (N=50), structural magnetic resonance imaging (MRI) (N=35) and magnetic resonance spectroscopy (MRS) (N=35). Furthermore, in a PubMed systematic review, we identified 61 meta-analyses including 30 fMRI, 22 structural MRI, 8 EEG, 7 PET, and 3 MRS meta-analyses suggesting potential biomarkers in addictions. These studies can facilitate the development of a range of biomarkers that may prove useful in the arsenal of addiction treatments in the coming years. There is evidence that these markers of large-scale brain structure and activity may indicate vulnerability or separate disease subtypes, predict response to treatment, or provide objective measures of treatment response or recovery. Neuroimaging biomarkers can also suggest novel targets for interventions. Closed or open loop interventions can integrate these biomarkers with neuromodulation in real-time or offline to personalize stimulation parameters and deliver the precise intervention. This review provides an overview of neuroimaging modalities in addiction, potential neuroimaging biomarkers, and their physiologic and clinical relevance. Future directions and challenges in bringing these putative biomarkers from the bench to the bedside are also discussed."
medrxiv,10.1101/2024.04.23.24306232,10.1002/mus.28230,Muscle & Nerve,Mitochondrial genome variants associated with Amyotrophic Lateral Sclerosis and their haplogroup distribution,"Briones, M. R.; Campos, J. H.; Ferreira, R. C.; Schneper, L.; Santos, I. M.; Antoneli, F.; NYCG ALS Consortium,  ; Broach, J. R.",genetic and genomic medicine,2024-04-25,2024-08-09,"Introduction/AimsAmyotrophic lateral sclerosis (ALS) may be familial or sporadic, and twin studies have revealed that even sporadic forms have a significant genetic component. Variants in 55 nuclear genes have been associated with ALS and although mitochondrial disfunction is observed in ALS, variants in mitochondrial genomes (mitogenomes) have not yet been tested for association with ALS.

MethodsHere we conducted a genome wide association study (GWAS) in mitogenomes of 1,965 ALS patients and 2,547 controls to test the hypothesis that mitogenome variants are associated with ALS.

ResultsWe identified 51 mitogenome variants with p-values <10-7of which 13 variants have odds ratios (OR)>1, in genes RNR1, ND1, CO1, CO3, ND5, ND6 and CYB, while 38 variants have OR<1 in genes RNR1, RNA2, ND1, ND2, CO2, ATP8, ATP6, CO3, ND3, ND4, ND5, ND6 and CYB. The frequencies of haplogroups H, U and L, the most frequent in our ALS dataset, are the same in different onset sites (bulbar, limb, spinal and axial). Also, intra-haplogroup GWAS revealed unique ALS-associated variants in haplogroups L and U.

DiscussionOur study shows that mitogenome variants (SNVs) are associated with ALS and suggests that these SNVs could be included in routine genetic testing for ALS and that mitochondrial replacement therapy would have a potential basis for ALS treatment."
biorxiv,10.1101/2024.04.29.591589,10.1038/s41467-025-57340-5,Nature Communications,DNA Calorimetric Force Spectroscopy at Single Base Pair Resolution,"Rissone, P.; Rico-Pasto, M.; Smith, S.; Ritort, F.",biophysics,2024-04-30,2025-03-19,"DNA hybridization is a fundamental reaction with wide-ranging applications in biotechnology. The nearest-neighbor (NN) model provides the most reliable description of the energetics of duplex formation. Most DNA thermodynamics studies have been done in melting experiments in bulk, of limited resolution due to ensemble averaging. In contrast, single-molecule methods have reached the maturity to derive DNA thermodynamics with unprecedented accuracy. We combine single-DNA mechanical unzipping experiments using a temperature jump optical trap with machine learning methods and derive the temperature-dependent DNA energy parameters of the NN model. In particular, we measure the previously unknown ten heat-capacity change parameters{Delta} Cp, relevant for thermodynamical predictions throughout the DNA stability range. Calorimetric force spectroscopy establishes a groundbreaking methodology to accurately study nucleic acids, from chemically modified DNA to RNA and DNA/RNA hybrid structures."
biorxiv,10.1101/2022.03.28.486155,10.1093/pnasnexus/pgac258,PNAS Nexus,Hip osteoarthritis: A novel network analysis of subchondral trabecular bone structures,"Dorraki, M.; Muratovic, D.; Fouladzadeh, A.; Verjans, J. W.; Allison, A.; Findlay, D. M.; Abbott, D.",biophysics,2022-03-29,2022-11-21,"Hip osteoarthritis (HOA) is a degenerative joint disease that leads to the progressive destruction of subchondral bone and cartilage at the hip joint. Development of effective treatments for HOA remains an open problem, primarily due to the lack of knowledge of its pathogenesis and a typically late-stage diagnosis. We describe a novel network analysis methodology for micro-computed tomography (micro-CT) images of human trabecular bone. We explored differences between the trabecular bone microstructure of femoral heads with and without HOA. Large-scale automated extraction of the network formed by trabecular bone revealed significant network properties not previously reported for bone. Profound differences were discovered, particularly in the proximal third of the femoral head, where HOA networks demonstrated elevated numbers of edges, vertices and graph components. When further differentiating healthy joint and HOA networks, the latter showed fewer small-world network properties, due to decreased clustering coefficient and increased characteristic path length. Furthermore, we found that HOA networks had reduced length of edges, indicating the formation of compressed trabecular structures. In order to assess our network approach, we developed a deep learning model for classifying HOA and control cases, and we fed it with two separate inputs: (i) micro-CT images of the trabecular bone, and (ii) the network extracted from them. The model with plain micro-CT images achieves 74.63% overall accuracy while the trained model with extracted networks attains 96.47% accuracy. We anticipate our findings to be a starting point for a novel description of bone microstructure in HOA, by considering the phenomenon from a graph theory viewpoint."
biorxiv,10.1101/2023.09.07.556710,10.1111/acel.14083,Aging Cell,Rapid and synchronous chemical induction of replicative-like senescence via a small molecule inhibitor,"Palikyras, S.; Sofiadis, K.; Stavropoulou, A.; Danieli-Mackay, A.; Varamogianni-Mamatsi, V.; Hoerl, D.; Nasiscionyte, S.; Zhu, Y.; Josipovic, N.; Papadakis, A.; Zirkel, A.; O'Connell, A.; Loughran, G.; Keane, J.; Michel, A.; Wagner, W.; Beyer, A.; Harz, H.; Leonhardt, H.; Lukinavicius, G.; Nikolaou, C.; Papantonis, A.",genomics,2023-09-12,2024-01-09,"Cellular senescence is now acknowledged as a key contributor to organismal ageing and late-life disease. Although popular, the study of senescence in vitro can be complicated by the prolonged and asynchronous timing of cells committing to it and its paracrine effects. To address these issues, we repurposed the small molecule inhibitor inflachromene (ICM) to induce senescence to human primary cells. Within six days of treatment with ICM, senescence hallmarks, including the nuclear eviction of HMGB1 and -B2, are uniformly induced across IMR90 cell populations. By generating and comparing various high throughput datasets from ICM-induced and replicative senescence, we uncovered significant similarity of the two states. Notably though, ICM suppresses the proinflammatory secretome associated with senescence, thus alleviating most paracrine effects. In summary, ICM induces a senescence-like phenotype rapidly and synchronously thereby allowing the study of its core regulatory program without any confounding heterogeneity."
biorxiv,10.1101/2024.10.10.617531,10.1103/prxlife.3.013014,PRX Life,Loop-extruder mediated rigidity can globally order bacterial chromosomes,"Harju, J.; Armbruster, T.; Broedersz, C. P.",biophysics,2024-10-10,2025-03-07,"Many bacterial chromosomes show large-scale linear order, so that a locuss genomic position correlates with its position along the cell. In the model organism E. coli, for instance, the left and right arms of the circular chromosome lie in different cell halves. However, no mechanisms that anchor loci to the cell poles have been identified, and it remains unknown how this so-called ""left-ori-right"" organization arises. Here, we construct a biophysical model that explains how global chromosome order could be established via an active loop extrusion mechanism. Our model assumes that the motor protein complex MukBEF extrudes loops on most of the E. coli chromosome, but is excluded from the terminal region by the protein MatP, giving rise to a partially looped ring polymer structure. Using 3D simulations of loop extrusion on a chromosome, we find that our model can display stable left-ori-right chromosomal order in a parameter regime consistent with prior experiments. We explain this behavior by considering the effect of loop extrusion on the bending rigidity of the chromosome, and derive necessary conditions for left-ori-right order to emerge. Finally, we develop a phase diagram for the system, where order emerges when the loop size is large enough and the looped region is compacted enough. Our work provides a mechanistic explanation for how loop-extruders can establish linear chromosome order in E. coli, and how this order leads to accurate gene positioning within the cell, without locus anchoring."
medrxiv,10.1101/2021.12.15.21267852,10.1186/s13059-022-02837-1,Genome Biology,"Implicating genes, pleiotropy and sexual dimorphism at blood lipid loci through multi-ancestry meta-analysis","Kanoni, S.; Graham, S. E.; Wang, Y.; Surakka, I.; Ramdas, S.; Zhu, X.; Clarke, S. L.; Bhatti, K. F.; Vedantam, S.; Winkler, T. W.; Locke, A. E.; Marouli, E.; Zajac, G. J.; Wu, K.-H. H.; Ntalla, I.; Hui, Q.; Klarin, D.; Hilliard, A. T.; Wang, Z.; Xue, C.; Thorleifsson, G.; Helgadottir, A.; Gudbjartsson, D. F.; Holm, H.; Olafsson, I.; Hwang, M. Y.; Han, S.; Akiyama, M.; Sakaue, S.; Terao, C.; Kanai, M.; Zhou, W.; Brumpton, B. M.; Rasheed, H.; Havulinna, A. S.; Veturi, Y.; Pacheco, J. A.; Rosenthal, E. A.; Lingren, T.; Feng, Q.; Kullo, I. J.; Narita, A.; Takayama, J.; Martin, H. C.; Hunt, K. A.;",genetic and genomic medicine,2021-12-16,2022-12-27,"Genetic variants within nearly 1,000 loci are known to contribute to modulation of blood lipid levels. However, the biological pathways underlying these associations are frequently unknown, limiting understanding of these findings and hindering downstream translational efforts such as drug target discovery. To expand our understanding of the underlying biological pathways and mechanisms controlling blood lipid levels, we leverage a large multi-ancestry meta-analysis (N=1,654,960) of blood lipids to prioritize putative causal genes for 2,286 lipid associations by combining six gene prediction methods and assigning a confidence score. We assign, most confidently, 118 candidate causal genes and identify potential drug targets including bona-fide (PCSK9) and putative (PNLIP and ARF6) genes. Using phenome-wide association (PheWAS) scans, we identify relationships of genetically-predicted lipid levels to other diseases and conditions. We confirm known pleiotropic associations with cardiovascular phenotypes and determine novel associations, notably with cholelithiasis risk. We perform sex-stratified GWAS meta-analysis of lipid levels and show that 3-5% of autosomal lipid-associated loci demonstrate sex-biased effects. Finally, we report 21 novel lipid loci identified on the X chromosome. Many of the sex-biased autosomal and X chromosome lipid loci show pleiotropic associations with sex hormones, emphasizing the role of hormone regulation in lipid metabolism. Taken together, our findings provide insights into the mechanisms through which associated variants lead to altered lipid levels and potentially cardiovascular disease risk."
biorxiv,10.1101/2021.06.30.450484,10.3390/brainsci11091240,Brain Sciences,Epigenetic mediation of AKT1 rs1130233 s effect on delta-9-tetrahydrocannabinol-induced medial temporal function during fear processing,"Blest-Hopley, G.; Colizzi, M.; Prata, D.; Giampietro, V.; Brammer, M.; McGuire, P.; Bhattacharyya, S.",neuroscience,2021-07-01,2021-09-19,"High doses of delta-9-tetrahydrocannabinol (THC), the main psychoactive component of cannabis, have been shown to have anxiogenic effects. Also, THC effects have been shown to be modulated by genotype, including the single nucleotide polymorphism (SNP) rs1130233 at the protein kinase AKT1 gene, a key component of the dopamine signaling cascade. As such, it is likely that epigenetic methylation around this SNP may affect AKT gene expression, which may in turn impact on the acute effects of THC on brain function. We investigated the genetic (AKT1 rs1130233) and epigenetic modulation of brain function during fear processing in a 2-session, double-blind, cross-over, randomized placebo-controlled THC administration, in 36 healthy males. Fear processing was assessed using an emotion (fear processing) paradigm, under functional magnetic resonance imaging (fMRI). Complete genetic and fMRI data was available for 34 participants. THC caused an increase in anxiety and transient psychotomimetic symptoms and para-hippocampal gyrus/ amygdala activation. Number of A alleles at the AKT1 rs1130233 SNP, and percentage methylation at the CpG11-12 site, were independently associated with a greater effect of THC on activation in a network of brain regions including left and right parahippocampal gyri, respectively. AKT1 rs1130233 moderation of the THC effect on left parahippocampal activation persisted after covarying for methylation percentage, and was partially mediated in sections of the left parahippocampal gyrus/ hippocampus by methylation percentage. These results may offer an example of how genetic and epigenetic variations influence the psychotomimetic and neurofunctional effects of THC."
biorxiv,10.1101/2022.06.26.497665,10.32794/mr112500153,Melatonin Research,Spatio-temporal dynamics of nuclear CREB1: what does it mean?,"Farias Altamirano, L. E.; Vasquez, E.; Freites, C. L.; Ibanez, J. E.; Guido, M. E.; Munoz, E. M.",neuroscience,2022-06-29,2023-09-30,"In the mammalian pineal gland (PG), cyclic AMP responsive element-binding protein 1 (CREB1) participates in the nocturnal melatonin synthesis that rhythmically modulates physiology and behavior. Phosphorylation of CREB1 present in pinealocyte nuclei is one of the key regulatory steps that drives pineal transcription. The spatio-temporal dynamics of CREB1 itself within PG cell types have not yet been documented. In this study we analyzed total CREB1 via Western blot, and the dynamism of CREB1 nuclear distribution in individual rat pinealocytes using fluorescence immunohistochemistry followed by confocal laser-scanning microscopy and quantitative analysis. Total CREB1 levels remained constant in the PG throughout the light:dark cycle. The distribution pattern of nuclear CREB1 did vary, however, among different PG cells. Pinealocytes emerged as having discrete CREB1 domains within their nucleoplasm that were especially distinct. The number, size, and location of CREB1 foci fluctuated among pinealocytes, within the same PG and among Zeitgeber times. A significantly larger dispersion of CREB1-immunoreactive nuclear sites was found at night. This was not accompanied by changes in the overall transcription activity, which was mostly conserved between the light and dark phases, as shown by the expression of a particular phosphorylated form of the RNA polymerase II (RNAPII-pSer5CTD). Suppression of the nocturnal norepinephrine pulse by chronic bilateral superior cervical ganglionectomy increased CREB1 dispersion in pinealocyte nuclei, as compared to sham-derived cells. In addition, differences in CREB1 distribution were found between sham-operated and non-operated rats at early night. Together, these data suggest that in mature pinealocytes nuclear CREB1 is subjected to a dynamic spatio-temporal distribution. Further studies are necessary to elucidate the underlying mechanisms, including the role of chromatin and interchromatin elements, and to understand the impact of CREB1 reorganization in the pineal transcriptome."
biorxiv,10.1101/334854,10.1111/2041-210x.13256,Methods in Ecology and Evolution,Applications for deep learning in ecology,"Christin, S.; Hervet, E.; Lecomte, N.",ecology,2018-05-30,2019-07-05,"A lot of hype has recently been generated around deep learning, a group of artificial intelligence approaches able to break accuracy records in pattern recognition. Over the course of just a few years, deep learning revolutionized several research fields such as bioinformatics or medicine. Yet such a surge of tools and knowledge is still in its infancy in ecology despite the ever-growing size and the complexity of ecological datasets. Here we performed a literature review of deep learning implementations in ecology to identify its benefits in most ecological disciplines, even in applied ecology, up to decision makers and conservationists alike. We also provide guidelines on useful resources and recommendations for ecologists to start adding deep learning to their toolkit. At a time when automatic monitoring of populations and ecosystems generates a vast amount of data that cannot be processed by humans anymore, deep learning could become a necessity in ecology."
biorxiv,10.1101/2024.08.06.606659,10.1002/smll.202406671,Small,Hybrid Protocells based on Coacervate-Templated Fatty Acid Vesicles combine Improved Membrane Stability with Functional Interior Protocytoplasm,"Lee, J.; Cakmak, F. P.; Booth, R.; Keating, C. D.",biophysics,2024-08-08,2024-10-15,"Prebiotically-plausible compartmentalization mechanisms include membrane vesicles formed by amphiphile self-assembly and coacervate droplets formed by liquid-liquid phase separation. Both types of structures form spontaneously and can be related to cellular compartmentalization motifs in todays living cells. As prebiotic compartments, they have complementary capabilities, with coacervates offering excellent solute accumulation and membranes providing superior boundaries. Herein, we describe protocell models constructed by spontaneous encapsulation of coacervate droplets by mixed fatty acid/phospholipid and by purely fatty acid membranes. Coacervate-supported membranes formed over a range of coacervate and lipid compositions, with membrane properties impacted by charge-charge interactions between coacervates and membranes. Vesicles formed by coacervate-templated membrane assembly exhibited profoundly different permeability than traditional fatty acid or blended fatty acid/phospholipid membranes without coacervate interiors, particularly in the presence of Mg2+ ions. While fatty acid and blended membrane vesicles were disrupted by addition of 25 mM MgCl2, the corresponding coacervate-supported membranes remained intact and impermeable to externally-added solutes even in the presence of MgCl2. With the more robust membrane, fluorescein diacetate (FDA) hydrolysis, which is commonly used for cell viability assays, could be performed inside the protocell model due to the simple diffusion of FDA and then following with the coacervate-mediated abiotic hydrolysis to fluorescein."
medrxiv,10.1101/2021.01.12.21249477,10.1136/openhrt-2020-001479,Open Heart,Prognostic significance of BMI after PCI treatment in ST-elevation myocardial infarction A cohort study from the Swedish Coronary Angiography and Angioplasty Registry,"Jamaly, S.; karason, K.; Redfors, B.; carlsson, l.; Omerovic, E.",cardiovascular medicine,2021-01-20,2021-02-15,"BackgroundObesity along with clustering of cardiovascular risk factors is a promoter for coronary artery disease. On the other hand, a high BMI appears to exert a protective effect with respect to outcomes after a coronary artery event, termed the obesity paradox.

MethodsThe Swedish Coronary and Angiography and Angioplasty registry (SCAAR) collects information on all patients who undergo percutaneous coronary intervention (PCI) for ST-elevation myocardial infarction (STEMI) in Sweden along with demographic- and procedure-related data. We studied the predictability of four categories of BMI for 1-year all-cause mortality in people with STEMI undergoing PCI.

ResultsAmong 25,384 patients, mean (SD) age 67.7 (12.1) years and 71.1% male, who underwent PCI for STEMI a total of 5,529 (21.8%) died within one year. Using normal-weight (BMI 18.5-24.9 kg/m2) as a reference, subjects with obesity (BMI [&ge;]30 kg/m2) had a low 1-year all-cause mortality risk in unadjusted analysis, HR 0.59 (95% CI 0.53- 0.67). However, after adjustment for age, sex and other covariates the difference became non-significant, HR 0.88 (95% CI: 0.75-1.02). Patients with overweight (BMI 25.0-29.9 kg/m2) had the lowest 1-year mortality risk in analysis adjusted for age, sex and other covariates, HR 0.87 (95% CI 0.79-0.95), whereas those with underweight (BMI <18.5 kg/m2) had the highest mortality in both unadjusted HR 2.22 (95% CI 1.69-2.92) and adjusted analysis, HR 1.72 (95% CI: 1.31-2.26).

ConclusionThe protective effect of obesity with respect to 1-year mortality after coronary intervention became non-significant after adjusting for age, sex and relevant co-variates. Instead, overweight people displayed the lowest risk and underweight individuals the highest risk for adjusted all-cause mortality"
biorxiv,10.1101/2024.08.10.607452,10.1038/s41598-024-71669-9,Scientific Reports,Co-localized SNPs Affecting the Expression of Taste Perception Genes are linked to Alzheimer's Disease,"Joseph, P. V.; Abbas, M.; Goodney, G.; Diallo, A.; Gaye, A.",genomics,2024-08-10,2024-09-16,"BackgroundWhile previous research has shown the potential links between taste perception pathways and brain-related conditions, the area involving Alzheimers disease remains incompletely understood. Taste perception involves neurotransmitter signaling, including serotonin, glutamate, and dopamine. Disruptions in these pathways are implicated in neurodegenerative diseases. The integration of olfactory and taste signals in flavor perception may impact brain health, evident in olfactory dysfunction as an early symptom in neurodegenerative conditions. Shared immune response and inflammatory pathways may contribute to the association between altered taste perception and conditions like neurodegeneration, present in Alzheimers disease.

MethodsThis study consists of an exploration of expression-quantitative trait loci (eQTL), utilizing whole-blood transcriptome profiles, of 28 taste perception genes, from a combined cohort of 475 African American subjects. This comprehensive dataset was subsequently intersected with single-nucleotide polymorphisms (SNPs) identified in Genome-Wide Association Studies (GWAS) of Alzheimers Disease (AD). Finally, the investigation delved into assessing the association between eQTLs reported in GWAS of AD and the profiles of 741 proteins from the Olink Neurological Panel.

ResultsThe eQTL analysis unveiled 3,547 statistically significant SNP-Gene associations, involving 412 distinct SNPs that spanned all 28 taste genes. In 17 GWAS studies encompassing various traits, a total of 14 SNPs associated with 12 genes were identified, with three SNPs consistently linked to Alzheimers disease across four GWAS studies. All three SNPs demonstrated significant associations with the down-regulation of TAS2R41, and two of them were additionally associated with the down-regulation of TAS2R60. In the subsequent pQTL analysis, two of the SNPs linked to TAS2R41 and TAS2R60 genes (rs117771145 and rs10228407) were correlated with the upregulation of two proteins, namely EPHB6 and ADGRB3.

ConclusionsOur investigation introduces a new perspective to the understanding of Alzheimers disease, emphasizing the significance of bitter taste receptor genes in its pathogenesis. These discoveries set the stage for subsequent research to delve into these receptors as promising avenues for both intervention and diagnosis. Nevertheless, the translation of these genetic insights into clinical practice requires a more profound understanding of the implicated pathways and their pertinence to the diseases progression across diverse populations."
biorxiv,10.1101/2025.02.09.635277,10.3389/fimmu.2025.1605170,Frontiers in Immunology,Comprehensive analysis of αβT-cell receptor repertoires reveals signatures of thymic selection,"Luppov, D.; Vlasova, E.; Chudakov, D.; Shugay, M.",immunology,2025-02-10,2025-09-19,"Thymic selection is a multi-stage process that establishes a T-cell immunity that is efficient in fighting diverse foreign pathogens, while not being self-reactive. During the process, T-cell receptor (TCR) and {beta} chains are rearranged to form a highly diverse set of heterodimers that are selected based on their affinity to peptides presented by major histocompatibility molecules (MHC) in the thymus. Here we employ high-throughput TCR sequencing data, theoretical model of TCR rearrangement and dedicated statistical methods to infer how the selection process affects human TCR repertoire on different scales. On a global scale, our results indicate differences in V(D)J gene usage, complementarity determining region 3 (CDR3) amino acid composition, CDR3 physicochemical properties, k-mer composition and differences in loop structure induced by the selection process. On a local scale, we were able to determine enriched TCR motifs and ""holes"" in repertoire induced by positive and negative selection and characterize their features. Finally, we demonstrated how TCR sequence composition affects lineage commitment via thymic selection and highlighted the effect of individual MHC haplotype. Our results can aid in identification of potentially self-reactive TCRs in donor repertoires in autoimmunity and immunotherapy studies.

Graphical abstract (Figure 0)Study overview. A. Datasets used in the study and the way TCR sequences were analyzed. B. Main directions in which thymic selection shapes TCR repertoire. Selection results in TCR-CDR3 losing positively charged and large amino-acids while increasing its flexibility. Unlike CDR3 of the TCR chain, CDR3{beta} hydrophobicity is also increased by selection. CDR3s carrying Cysteines and glycosylation sites are unlikely to pass the selection. In contrast, CDR3 carrying poly-Glycine regions are more likely to be selected for both chains. T-cells committed to CD8+ lineage were more likely to feature bulged CDR3s compared to CD4+. C. CDR3s enriched after thymic selection guide lineage commitment according to single-cell RNA sequencing data analysis, e.g. the MAIT cells and CD8+ phenotypes. D. Enrichment and depletion of certain TCR motifs pinpoint fine-structure of post-selection repertoires, as inferred by sequence neighborhood analysis. E. Comparative analysis of enriched and depleted TCR clusters in monozygotic twins revealed that the selection process is shaped by HLA haplotype.



O_FIG O_LINKSMALLFIG WIDTH=200 HEIGHT=195 SRC=""FIGDIR/small/635277v2_ufig1.gif"" ALT=""Figure 1"">
View larger version (44K):
org.highwire.dtl.DTLVardef@148f9f1org.highwire.dtl.DTLVardef@117858org.highwire.dtl.DTLVardef@f3f837org.highwire.dtl.DTLVardef@12cf2c1_HPS_FORMAT_FIGEXP  M_FIG C_FIG"
medrxiv,10.1101/2020.09.24.20200857,10.1016/s1473-3099(21)00079-7,The Lancet Infectious Diseases,The potential health and economic value of SARS-CoV-2 vaccination alongside physical distancing in the UK: transmission model-based future scenario analysis and economic evaluation,"Sandmann, F.; Davies, N.; Centre for the Mathematical Modelling of Infectious Diseases COVID-19 working group,  ; Vassall, A.; Edmunds, W. J.; Jit, M.",health economics,2020-09-25,2021-03-20,"BackgroundIn response to the coronavirus disease 2019 (COVID-19), the UK adopted mandatory physical distancing measures in March 2020. Vaccines against the newly emerged severe acute respiratory syndrome coronavirus 2 (SARS-CoV-2) may become available as early as late 2020. We explored the health and economic value of introducing SARS-CoV-2 immunisation alongside physical distancing scenarios in the UK.

MethodsWe used an age-structured dynamic-transmission and economic model to explore different scenarios of immunisation programmes over ten years. Assuming vaccines are effective in 5-64 year olds, we compared vaccinating 90% of individuals in this age group to no vaccination. We assumed either vaccine effectiveness of 25% and 1-year protection and 90% re-vaccinated annually, or 75% vaccine effectiveness and 10-year protection and 10% re-vaccinated annually. Natural immunity was assumed to last 45 weeks in the base case. We also explored the additional impact of physical distancing. We considered benefits from disease prevented in terms of quality-adjusted life-years (QALYs), and costs to the healthcare payer versus the national economy. We discounted at 3.5% annually and monetised health impact at {pound}20,000 per QALY to obtain the net monetary value, which we explored in sensitivity analyses.

FindingsWithout vaccination and physical distancing, we estimated 147.9 million COVID-19 cases (95% uncertainty interval: 48.5 million, 198.7 million) and 2.8 million (770,000, 4.2 million) deaths in the UK over ten years. Vaccination with 75% vaccine effectiveness and 10-year protection may stop community transmission entirely for several years, whereas SARS-CoV-2 becomes endemic without highly effective vaccines. Introducing vaccination compared to no vaccination leads to economic gains (positive net monetary value) of {pound}0.37 billion to +{pound}1.33 billion across all physical distancing and vaccine effectiveness scenarios from the healthcare perspective, but net monetary values of physical distancing scenarios may be negative from societal perspective if the daily national economy losses are persistent and large.

InterpretationOur model findings highlight the substantial health and economic value of introducing SARS-CoV-2 vaccination. Given uncertainty around both characteristics of the eventually licensed vaccines and long-term COVID-19 epidemiology, our study provides early insights about possible future scenarios in a post-vaccination era from an economic and epidemiological perspective.

Research in ContextO_ST_ABSEvidence before this studyC_ST_ABSWe searched PubMed and medRxiv for economic evaluations of SARS-CoV-2 vaccines with the search string (coronavirus OR COVID OR SARS-CoV-2) AND (vaccin* OR immunisation) AND ((economic evaluation) OR (cost effectiveness analysis)) AND 2020[dp] on September 21, 2020, with no language restrictions. We found one pre-print that valued health outcomes in monetary terms and explored the additional impact of vaccines in a cost-benefit analysis of physical distancing for the USA; no study focused on vaccines in a full economic evaluation.

Added value of this studyWith a growing number of vaccine candidates under development and having entered clinical trials, our study is to our knowledge the first to explore the health and economic value of introducing a national SARS-CoV-2 immunisation programme. A programme with high vaccine effectiveness and long-lasting protection may stop the community transmission entirely for a couple of years, but even a vaccine with 25% vaccine effectiveness is worthwhile to use; even at short-lived natural and vaccine-induced protections. After an initial lockdown, voluntary physical distancing as a sole strategy risks a large second epidemic peak, unless accompanied by highly effective immunisation. Compared to no vaccination, introducing vaccination leads to positive net monetary value across physical distancing scenarios from the healthcare perspective, subject to the long-run vaccine price and cost-effectiveness of other treatments (e.g. new drugs). The net monetary value of immunisation decreases if vaccine introduction is delayed, natural immunity is long or vaccine-induced protection is short. Intermittent physical distancing leads to negative net benefits from the perspective of the wider economy if the daily national income losses are persistent and large.

Implications of all the available evidenceOur model findings highlight the health and economic value of introducing SARS-CoV-2 vaccination to control the COVID-19 epidemic. Despite the many uncertainties, continued physical distancing may be needed to reduce community transmission until vaccines with sufficiently high vaccine effectiveness and long-lasting protection are available. Our study provides first broad health-economic insights rather than precise quantitative projections given the many uncertainties and unknown characteristics of the vaccine candidates and aspects of the long-term COVID-19 epidemiology, and the value of vaccines will ultimately depend on other socioeconomic and health-related policies and population behaviours."
biorxiv,10.1101/652511,10.1080/09583157.2020.1771542,Biocontrol Science and Technology,Biological Control Potential of Ectomycorrhizal Fungi against Fusarium circinatum on Pinus patula seedlings,"Chartier Fitzgerald, V.; Dames, J. F.; Hawley, G.",microbiology,2019-05-28,2020-06-02,"The South Africa forestry industry, covering 1.3 million hectares, is dependent on exotic pine and eucalyptus species. Nursery seedlings are not inoculated with ectomycorrhizal (ECM) fungi or other beneficial microbes. Fusarium circinatum is an economically important pathogen affecting seedling survival. The purpose of this investigation was to assess to determine the effects of ectomycorrhizal fungal inoculation on Pinus paulta seedling growth and resistance to the fungal pathogen F. circiantum. Explants from ECM basidiocarps, collected from Pinus stands, were plated onto MMN medium to obtain isolates which were verified using molecular techniques. These isolates were identified as Boletus edulis f. reticulatus, Lactarius quieticolor, Suillus granulatus and an additional Suillus isolate. P. patula growth in the presence of the pathogen F. circinatum was significantly increased and promoted by the L. quieticolor and Suillus isolates. Inoculation of seedlings in the nursery would ensure the production of stronger healthy plants which may be more tolerant to fusarial infection, increasing survival in the plantation."
biorxiv,10.1101/2022.04.27.489810,10.1128/msystems.00067-24,mSystems,High transposase abundance in the deep ocean is linked to a particle-associated lifestyle,"Zhong, J.; Kyrysyuk, O.; del Rosario Herhandez, T.; Tully, B. J.; Anderson, R. E.",bioinformatics,2022-04-29,2024-02-21,"Transposases are mobile genetic elements (MGEs) that move within and between genomes, promoting genomic plasticity in microorganisms. In marine microbial communities, the abundance of transposases increases with depth, but the reasons behind this trend remain unclear. Our analysis of metagenomes from the Tara Oceans and Malaspina Expeditions suggests that a particle-associated lifestyle is the main covariate for the high occurrence of transposases in the deep ocean. We observed a strong and depth-independent correlation between transposase abundance and the presence of biofilm-associated genes, as well as the prevalence of secretory enzymes. This suggests that mobile genetic elements readily propagate among microbial communities within crowded biofilms. Furthermore, we show that particle association positively correlates with larger genome size, which is in turn is associated with higher transposase abundance. Cassette sequences associated with transposons are enriched with genes related to defense mechanisms, which are more highly expressed in the deep sea. Thus, while transposons spread at the expense of their microbial hosts, they also introduce novel genes and potentially benefit the hosts in helping to compete for limited resources. Overall, our results suggest a new understanding of deep ocean particles as highways for gene sharing among defensively oriented microbial genomes.

ImportanceGenes can move within and between microbial genomes via mobile genetic elements, which include transposases and transposons. In the oceans, there is a puzzling increase in transposase abundance in microbial genomes as depth increases. To gain insight into this trend, we conducted an extensive analysis of marine microbial metagenomes and metatranscriptomes. We found a significant correlation between transposase abundance and a particle-associated lifestyle among marine microbes. We also observed a link between transposase abundance and genes related to defense mechanisms. These results suggest that as microbes become densely packed into crowded particles, mobile genes are more likely to spread and carry genetic material that provides a competitive advantage in crowded habitats. This may enable deep sea microbes to effectively compete in such environments."
medrxiv,10.1101/2024.02.06.24302430,10.1212/cpj.0000000000200452,Neurology Clinical Practice,Benzodiazepine Initiation and the Risk of Falls or Fall-Related Injuries in Older Adults Following Acute Ischemic Stroke,"Sun, S.; Lomachinsky, V.; Smith, L. H.; Newhouse, J. P.; Westover, M. B.; Blacker, D.; Schwamm, L. H.; Haneuse, S.; Moura, L. M. V. R.",geriatric medicine,2024-02-08,2025-03-20,"BackgroundBenzodiazepine use in older adults following acute ischemic stroke (AIS) is common, yet short-term safety concerning falls or fall-related injuries remains unexplored.

MethodsWe emulated a hypothetical randomized trial of benzodiazepine use during the acute post stroke recovery period to assess incidence of falls or fall related injuries in older adults. Using linked data from the Get With the Guidelines Registry and Mass General Brighams electronic health records, we selected patients aged 65 and older admitted for Acute Ischemic Stroke (AIS) between 2014 and 2021 with no documented prior stroke and no benzodiazepine prescriptions in the previous 3 months. Potential for immortal-time and confounding biases was addressed via separate inverse-probability weighting strategies.

ResultsThe study included 495 patients who initiated inpatient benzodiazepines within three days of admission and 2,564 who did not. After standardization, the estimated 10-day risk of falls or fall-related injuries was 694 events per 1000 (95% confidence interval CI: 676-709) for the benzodiazepine initiation strategy and 584 events per 1000 (95% CI: 575-595) for the non-initiation strategy. Subgroup analyses showed risk differences of 142 events per 1000 (95% CI: 111-165) and 85 events per 1000 (95% CI: 64-107) for patients aged 65 to 74 years and for those aged 75 years or older, respectively. Risk differences were 187 events per 1000 (95% CI: 159-206) for patients with minor (NIHSS[&le;] 4) AIS and 32 events per 1000 (95% CI: 10-58) for those with moderate-to-severe AIS.

ConclusionsInitiating inpatient benzodiazepines within three days of AIS is associated with an elevated 10-day risk of falls or fall-related injuries, particularly for patients aged 65 to 74 years and for those with minor strokes. This underscores the need for caution with benzodiazepines, especially among individuals likely to be ambulatory during the acute and sub-acute post-stroke period."
medrxiv,10.1101/2022.04.28.22274086,10.1016/j.scitotenv.2022.158567,Science of The Total Environment,Quantifying the relationship between sub-population wastewater samples and community-wide SARS-CoV-2 seroprevalence,"Smith, T.; Holm, R. H.; Keith, R. J.; Amraotkar, A. R.; Alvarado, C. R.; Banecki, K.; Choi, B.; Santisteban, I. C.; Bushau-Sprinkle, A. M.; Kitterman, K. T.; Fuqua, J.; Hamorsky, K.; Palmer, K. E.; Brick, J. M.; Rempala, G.; Bhatnagar, A.",public and global health,2022-05-01,2022-09-06,"BackgroundWastewater-based epidemiology is a promising approach but robust epidemiological models to relate wastewater to community prevalence are lacking. Assessments of SARS-CoV-2 infection rates have relied primarily on convenience sampling, which does not provide reliable estimates of community prevalence because of inherent biases.

MethodsFrom August 2020 to February 2021, we conducted a serial stratified randomized samplings to estimate the prevalence of anti-SARS-CoV-2 antibodies in 3,717 participants, and weekly sampling of community wastewater for SARS-CoV-2 concentrations in Jefferson County, KY. With the use of a Susceptible, Infected, Recovered (SIR)-type model, we obtained longitudinal estimates of prevalence and compared these with wastewater concentration, using regression analysis.

FindingsModel analysis revealed significant temporal differences in epidemic peaks; the average incidence rate based on serological sampling in some areas was up to 50% higher than health department rates based on convenience sampling. The model-estimated average prevalence rates correlated well with wastewater (correlation=0{middle dot}63). In regression analysis, a weekly unit increase in wastewater concentration of SARS-CoV-2 corresponded to an average increase of between 1-1{middle dot}3 cases of SARS-CoV-2 infection per 100K residents.

InterpretationPublicly available health department incidence rates vastly underestimate true community incidence and wastewater has a high potential to provide robust estimates of community spread of infection.

Research in contextO_ST_ABSEvidence before this studyC_ST_ABSAdministratively reported clinical case rates of coronavirus disease 2019 (COVID-19) infected individuals are biased due to a wide range of factors from testing access to concerns about missing low and non-symptomatic and self-tested individuals. Wastewater estimates offer an alternative to support community monitoring based on fecal shedding of the virus but are difficult to interpret when compared with the available public health data sets of infection rates. We examined all English literature until February 24, 2022, on Web of Science and PubMed with the terms [""seroprevalence"" or ""antibody""] AND [""COVID-19"" or ""SARS-CoV-2""] AND [""wastewater""]. We identified six studies. None of these studies considered randomized COVID-19 community anti-SARS-CoV-2 antibody testing paired with wastewater data.

Added value of this studyThe study demonstrates how results from serial stratified randomized serological sampling of the community can be used to build a longitudinal model that can interpolate and extrapolate community levels of infection beyond specific testing dates. Such a model correlates well with wastewater concentrations indicating its utility as a surrogate for infection prevalence. The testing data used in the study were collected before wide availability of COVID-19 vaccines and are therefore unique as they are unlikely to include a significant number of false positive results.

Implications of all the available evidenceThe study demonstrates that convenience sampling obtained data from health department reporting seriously underestimates community-wide prevalence of infection. In contrast, wastewater-based epidemiology may be a faster, cost-effective, and more robust method of estimating the prevalence of viral infections within specific urban areas."
biorxiv,10.1101/2024.03.27.586940,10.1101/gr.279399.124,Genome Research,Inferring Ancestry with the Hierarchical Soft Clustering Approach tangleGen,"Burger, K. E.; Klepper, S.; von Luxburg, U.; Baumdicker, F.",bioinformatics,2024-03-29,2024-10-21,"Understanding the genetic ancestry of populations is central to numerous scientific and societal fields. It contributes to a better understanding of human evolutionary history, advances personalized medicine, aids in forensic identification, and allows individuals to connect to their genealogical roots. Existing methods, such as ADMIXTURE, have significantly improved our ability to infer ancestries. However, these methods typically work with a fixed number of independent ancestral populations. As a result, they provide insight into genetic admixture, but do not include a hierarchical interpretation. In particular, the intricate ancestral population structures remain difficult to unravel. Alternative methods with a consistent inheritance structure, such as hierarchical clustering, may offer benefits in terms of interpreting the inferred ancestries. Here, we present tangleGen, a soft clustering tool that transfers the hierarchical machine learning framework Tangles, which leverages graph theoretical concepts, to the field of population genetics. The hierarchical perspective of tangleGen on the composition and structure of populations improves the interpretability of the inferred ancestral relationships. Moreover, tangleGen adds a new layer of explainability, as it allows identifying the SNPs that are responsible for the clustering structure. We demonstrate the capabilities and benefits of tangleGen for the inference of ancestral relationships, using both simulated data and data from the 1000 Genomes Project."
biorxiv,10.1101/2021.05.19.444822,10.1088/1478-3975/ac08ec,Physical Biology,The folding space of protein β2-microglobulin is modulated by a single disulfide bond,"Morand, J.; Nunes, A.; Faisca, P. F.",biophysics,2021-05-20,2021-06-07,"Protein beta-2-microglobulin ({beta}2m) is classically considered the causative agent of dialysis related amyloidosis (DRA), a conformational disorder that affects patients undergoing long-term hemodialysis. Together with the wild type form, the {Delta}N6 structural variant, and the D76N mutant, have been extensively used as model systems of {beta}2m aggregation. In all of them, the native structure is stabilized by a disulfide bridge between the sulphur atoms of the cysteine residues 25 (at B strand) and 80 (at F strand), which has been considered fundamental in {beta}2m fibrillogenesis. Here, we use extensive Discrete Molecular Dynamics simulations of a full atomistic structurebased model to explore the role of this disulfide bridge as a modulator of the folding space of {beta}2m. In particular, by considering different models for the disulfide bridge, we explore the thermodynamics of the folding transition, and the formation of intermediate states that may have the potential to trigger the aggregation cascade. Our results show that the dissulfide bridge affects folding transition and folding thermodynamics of the considered model systems, although to different extents. In particular, when the interaction between the sulphur atoms is stabilized relative to the other intramolecular interactions, or even locked (i.e. permanently established), the WT form populates an intermediate state featuring a well preserved core, and two unstructured termini, which was previously detected only for the D76N mutant. The formation of this intermediate state may have important implications in our understanding of {beta}2m fibrillogenesis."
biorxiv,10.1101/2020.09.15.299081,10.18632/oncotarget.27769,Oncotarget,"Evaluations of CRC2631 toxicity, tumor colonization, and genetic stability in the TRAMP prostate cancer model","Kazmierczak, R.; Dhagat-Mehta, B.; Gulden, E.; Lee, L.; Ma, L.; Davis-Stober, C. P.; Barnett, A. A.; Chabu, C. Y.",cancer biology,2020-09-16,2020-11-03,"Conventional cancer chemotherapies are not fully efficacious and do not target tumors, leading to significant treatment-related morbidities. A number of genetically attenuated cancer-targeting bacteria are being developed to safely target tumors in vivo. Here we report the toxicological, tumor-targeting, and efficacy profiles of Salmonella enterica serovar Typhimurium CRC2631 in a syngeneic and autochthonous TRAMP model of aggressive prostate cancer. CRC2631 preferentially colonize primary and metastatic tumors in the TRAMP animals. In addition, longitudinal whole genome sequencing studies of CRC2631 recovered from prostate tumor tissues demonstrate that CRC2631 is genetically stable. Moreover, tumor-targeted CRC2631 generates an anti-tumor immune response. Combination of CRC2631 with checkpoint blockade reduces metastasis burden. Collectively, these findings demonstrate a potential for CRC2631 in cancer immunotherapy strategies."
biorxiv,10.1101/2021.09.15.460426,10.1126/scisignal.abm7134,Science Signaling,NLRP3 activation in response to disrupted endocytic traffic,"Lee, B.; Hoyle, C.; Green, J.; Wellens, R.; Martin-Sanchez, F.; Williams, D.; Seoane, P.; Bennett, H.; Adamson, A. D.; Lopez-Castejon, G.; Lowe, M.; Brough, D.",immunology,2021-09-16,2023-02-21,"Inflammation driven by the NLRP3 inflammasome is coordinated through multiple signaling pathways and with a poorly defined regulation by sub-cellular organelles. Here, we tested the hypothesis that NLRP3 senses disrupted endosome trafficking to trigger inflammasome formation and inflammatory cytokine secretion. NLRP3-activating stimuli disrupted endosome trafficking and triggered localization of NLRP3 to vesicles positive for endosome markers and the inositol lipid PtdIns4P. Chemical disruption of endosome trafficking sensitized macrophages to the NLRP3 activator imiquimod driving enhanced inflammasome activation and cytokine secretion. Together these data suggest that NLRP3 is capable of sensing disruptions in the trafficking of endosomal cargoes, and that this may explain in part the spatial activation of the NLRP3 inflammasome complex. These data highlight new mechanisms amenable for the therapeutic targeting of NLRP3.

One-Sentence SummaryNLRP3 senses disruptions in endosome trafficking to trigger the formation of an inflammasome complex and initiate an inflammatory response."
biorxiv,10.1101/211706,10.1073/pnas.1815365116,Proceedings of the National Academy of Sciences,HDAC11 regulates type I interferon signaling through defatty-acylation of SHMT2,"Cao, J.; Sun, L.; Aramsangtienchai, P.; Spiegelman, N. A.; Zhang, X.; Seto, E.; Lin, H.",biochemistry,2017-10-31,2019-02-28,"The smallest histone deacetylase (HDAC) and the only class IV HDAC member, HDAC11, is reported to regulate immune activation and tumorigenesis, yet its physiological function is largely unknown. Here we identify HDAC11 as an efficient lysine defatty-acylase that is >10,000-fold more efficient than its deacetylase activity. Through proteomics studies, we identified SHMT2 as a defatty-acylation substrate of HDAC11. HDAC11-catalyzed defatty-acylation did not affect the enzymatic activity of SHMT2. Instead, it affects the ability of SHMT2 to regulate type I interferon receptor ubiquitination and internalization. Correspondingly, HDAC11 depletion increased type I interferon signaling in both cell culture and mice. This study is the first time a zinc-dependent HDAC is found to have an activity that is much more efficient than the corresponding deacetylase activity. The finding expands the physiological functions of HDAC11 and protein lysine fatty acylation, and opens up opportunities to develop HDAC11-specific inhibitors as therapeutics to modulate immune responses."
biorxiv,10.1101/2022.10.12.511923,10.1016/j.beproc.2023.104960,Behavioural Processes,Cross-sex cecal microbiota transfer alters depressive-like behaviours in mice,"Swift-Gallant, A.; Hinks, M. E.; Martin, Y.; Burke, F.; Bambico, F.",neuroscience,2022-10-16,2023-10-24,"Major depressive disorder (MDD) is a leading cause of non-fatal global disease burden, with females being two-fold more likely than males to be diagnosed with the disorder. Despite this distinct sex-linked disparity of diagnosis, it is unclear what underlies the sex bias of MDD prevalence. Recent findings suggest a role for the gut in mediating affective disorders through the gut-brain-axis (GBA). However, few studies have included sex as a biological variable. For this study, cross-sex transfer of cecal microbiota was performed between male and female C57Bl/6 mice to elucidate the effects of sex and the gut microbiome on a standard battery of tests measuring depressive-like behaviours. Specifically, regardless of sex, recipients of male cecal content had a greater sucrose preference than controls and recipients of female cecum. Conversely, in the splash test, recipients of female cecum displayed a decrease in grooming behaviour compared to both controls and recipients of male cecum, suggestive of an increase in depressive-like behaviour. These results support a role for female-specific gut microbes in contributing to female vulnerability to depression, while male-specific gut microbes may protect in part against an anhedonia-like phenotype"
biorxiv,10.1101/2020.03.05.979021,10.3389/fncom.2020.00047,Frontiers in Computational Neuroscience,Theta-nested gamma oscillations in next generation neural mass models,"Olmi, S.; Torcini, A.; Segneri, M.; Bi, H.",neuroscience,2020-03-05,2020-05-28,"Theta-nested gamma oscillations have been reported in many areas of the brain and are believed to represent a fundamental mechanism to transfer information across spatial and temporal scales. In a series of recent experiments in vitro it has been possible to replicate with an optogenetic theta frequency stimulation several features of cross-frequency coupling (CFC) among theta and gamma rhythms observed in behaving animals. In order to reproduce the main findings of these experiments we have considered a new class of neural mass models able to reproduce exactly the macroscopic dynamics of spiking neural networks. In this framework, we have examined two set-ups able to support collective gamma oscillations: namely, the pyramidal interneuronal network gamma (PING) and the interneuronal network gamma (ING). In both set-ups we observe the emergence of theta-nested gamma oscillations by driving the system with a sinusoidal theta-forcing in proximity of a Hopf bifurcation. These mixed rhythms display always phase amplitude coupling. However two different types of nested oscillations can be identified: one characterized by a perfect phase locking between theta and gamma rhythms, corresponding to an overall periodic behaviour; another one where the locking is imperfect and the dynamics is quasi-periodic or even chaotic. From our analysis it emerges that the locked states are more frequent in the ING set-up. In agreement with the experiments, we find theta-nested gamma oscillations for forcing frequencies in the range [1:10] Hz, whose amplitudes grow proportionally to the forcing one and which are clearly modulated by the theta phase. Furthermore, analogously to the experiments, the gamma power and the frequency of the gamma-power peak increase with the forcing amplitude. At variance with experimental findings, the gamma-power peak does not shift to higher frequencies by increasing the theta frequency. This effect can be obtained, in or model, only by incrementing, at the same time, also the noise or the forcing amplitude. On the basis of our analysis both the PING and ING mechanisms give rise to theta-nested gamma oscillations with almost identical features."
biorxiv,10.1101/2020.09.01.276931,10.1093/aob/mcab020,Annals of Botany,Drought tolerance of Hakea species (Proteaceae) from a range of biomes and life-histories predicted by climatic niche.,"Oyanoghafo, O. O.; O Brien, C.; Choat, B.; Tissue, D.; Rymer, P. D.",ecology,2020-09-02,2021-02-19,"Extreme drought conditions across the globe are impacting biodiversity with serious implications for the persistence of native species. However, quantitative data on drought tolerance is not available for diverse flora to inform conservation management. We quantified physiological drought tolerance in the diverse Hakea genus (Proteaceae) to test predictions based on climatic-origin, life history and functional traits. We sampled terminal branches of replicate plants of 16 species in a common garden. Xylem cavitation was induced in branches under varying water potential (tension) in a centrifuge and the tension generating 50% loss of conductivity (stem P50) was characterized as a metric for drought tolerance. The same branches were used to estimate plant functional traits, including wood density, specific leaf area, and Huber value (sap flow area to leaf area ratio). There was significant variation in stem P50 among species, which was negatively associated with the species climate-origin (rainfall and aridity). Drought tolerance did not differ among life histories; however, a drought avoidance strategy with terete leaf form and greater Huber value may be important for species to colonize and persist in the arid biome. Our findings will contribute to future prediction of species vulnerability to drought and adaptive management under climate change."
biorxiv,10.1101/2024.10.03.616411,10.1016/j.jbc.2024.108020,Journal of Biological Chemistry,Purification of micrococcal nuclease (MNase) for use in ribosomal profiling of high-salinity extremophiles,"Gregorova, P.; Isada, M.; DiRuggiero, J.; Sarin, P.",biochemistry,2024-10-03,2024-11-27,"Nucleases, i.e. enzymes that catalyze the hydrolysis of phosphodiester bonds in nucleic acids, are essential tools in molecular biology and biotechnology. Staphylococcus aureus nuclease (MNase) is particularly interesting due to its thermostability and Ca2+-dependence, making it the prime choice for applications where nuclease modulation is critical, such as ribosome profiling in bacteria and halophilic archaea. The latter poses a technical and economical challenge: high salt reaction conditions are essential for maintaining ribosome integrity but negatively impact the MNase activity, necessitating using large amounts of nuclease to achieve efficient cleavage. Here, we set out to generate an optimized production protocol for two forms of MNase -- fully processed MNaseA and the 19 amino acid propeptide-containing MNaseB -- and to biochemically benchmark them against a commercial nuclease. Our results show that both MNases are highly active in normal reaction conditions, but MNaseA maintains higher enzymatic activity in high salt concentrations than MNaseB. MNaseA also retains >90% of its activity after multiple freeze-thaw cycles when stored at -80 {degrees}C in a buffer containing 5% glycerol. Importantly, ribosome profiling experiments in the haloarchaeon Haloferax volcanii demonstrated that MNaseA produces ribosome footprints and hallmarks of active translation highly comparable to those obtained with the commercial nuclease, making it a suitable alternative for high-salt ribosome profiling applications. In conclusion, our method can be easily implemented for efficient MNaseA production, thereby providing access to an effective, robust, and cost-efficient alternative to commercial nucleases, as well as facilitating future translation studies into halophilic organisms."
biorxiv,10.1101/2024.03.14.585061,10.1111/infa.12595,Infancy,Parent attention-orienting behavior is associated with neural entropy in infancy,"Williams, C. L.; Belkowitz, A. R.; Nance, M. G.; Mortman, E. T.; Bae, S.; Ahmed, S.-B.; Puglia, M. H.",neuroscience,2024-03-18,2024-04-27,"Parents play a significant role in directing infants attention to environmental stimuli via joint attention. We hypothesized that infants whose parents provide more bids for joint attention will display a more complex neural response when viewing social scenes. Sixty-one 8-month-old infants underwent electroencephalography (EEG) while viewing videos of joint-and parallel-play and participated in a parent-infant free play interaction. EEG data was analyzed using multiscale entropy, which quantifies moment-to-moment neural variability. Free play interactions were coded for parent alternating gaze, a behavioral mechanism for directing attention to environmental cues. We found a significant positive association between parent alternating gaze and neural entropy in frontal and central brain regions. These results suggest a relationship between parent behavior and infant neural mechanisms that regulate social attention, underlying the importance of parent cues in the formation of neural networks in infancy."
biorxiv,10.1101/2022.10.24.513174,10.1101/gr.277615.122,Genome Research,Extremely-fast construction and querying of compacted and colored de Bruijn graphs with GGCAT,"Cracco, A.; Tomescu, A. I.",bioinformatics,2022-10-25,2023-05-30,"Compacted de Bruijn graphs are one of the most fundamental data structures in computational genomics. Colored compacted graphs Bruijn graphs are a variant built on a collection of sequences, and associate to each k-mer the sequences in which it appears. We present GGCAT, a tool for constructing both types of graphs, based on a new approach merging the k-mer counting step with the unitig construction step, and on numerous practical optimizations.

For compacted de Bruijn graph construction, GGCAT achieves speed-ups of 3-21x compared to the state-of-the-art tool Cuttlefish 2 (Khan and Patro, Genome Biology, 2022). When constructing the colored variant, GGCAT achieves speed-ups of 5-39x compared to the state-of-the-art tool BiFrost (Holley and Melsted, Genome Biology, 2020). Additionally, GGCAT is up to 480x faster than BiFrost for batch sequence queries on colored graphs."
medrxiv,10.1101/2020.12.18.20248450,10.1186/s13690-021-00685-2,Archives of Public Health,On the timing of interventions to preserve hospital capacity: lessons to be learned from the Belgian SARS-CoV-2 pandemic,"Hens, N.; Faes, C.; Gilbert, M.",infectious diseases,2020-12-19,2021-09-13,"Using publicly available data on the number of new hospitalisations we use a newly developed phase portrait to monitor the epidemic allowing for assessing whether or not intervention measures are needed to keep hospital capacity under control. Using this phase portrait, we show that intervention measures were effective in mitigating a Summer resurgence but that too little too late was done to prevent a large autumn wave in Belgium."
biorxiv,10.1101/2019.12.17.864991,10.1371/journal.pcbi.1007981,PLOS Computational Biology,The genome polishing tool POLCA makes fast and accurate corrections in genome assemblies,"Zimin, A. V.; Salzberg, S. L.",bioinformatics,2019-12-17,2020-06-26,"The introduction of third-generation DNA sequencing technologies in recent years has allowed scientists to generate dramatically longer sequence reads, which when used in whole-genome sequencing projects have yielded better repeat resolution and far more contiguous genome assemblies. While the promise of better contiguity has held true, the relatively high error rate of long reads, averaging 8-15%, has made it challenging to generate a highly accurate final sequence. Current long-read sequencing technologies display a tendency toward systematic errors, in particular in homopolymer regions, which present additional challenges. A cost-effective strategy to generate highly contiguous assemblies with a very low overall error rate is to combine long reads with low-cost short-read data, which currently have an error rate below 0.5%. This hybrid strategy can be pursued either by incorporating the short-read data into the early phase of assembly, during the read correction step, or by using short reads to ""polish"" the consensus built from long reads. In this report, we present the assembly polishing tool POLCA (POLishing by Calling Alternatives) and compare its performance with two other popular polishing programs, Pilon and Racon. We show that on simulated data POLCA is more accurate than Pilon, and comparable in accuracy to Racon. On real data, all three programs show similar performance, but POLCA is consistently much faster than either of the other polishing programs."
biorxiv,10.1101/2025.03.24.644901,10.1126/sciadv.ady9807,Science Advances,Substrate recognition by human separase,"Yu, J.; Schmidt, S.; Botto, M.; Lee, K.; Ghent, C. M.; Goodfried, J. M.; Howe, A.; O'Reilly, F. J.; Morgan, D. O.; Boland, A.",biochemistry,2025-03-26,2025-11-12,"The protein complex cohesin encircles the sister chromatids in early mitosis1. At anaphase onset, sister separation is triggered by cleavage of the cohesin subunit SCC1/RAD21 by the cysteine protease separase2-5. SCC1 contains two cleavage sites, where cleavage is stimulated by SCC1 phosphorylation5,6. The molecular mechanisms of substrate recognition and cleavage are only partly understood7. Here, we determined a series of cryoEM structures of human separase in apo-or substrate-bound forms that, together with biochemical analysis, provide novel insights into the regulation of separase cleavage activity. We verify the first SCC1 cleavage site and reassign the second site. We show that multiple substrates, including separase autocleavage sites8,9 and the two SCC1 cleavage sites, interact with several docking sites in separase, including four phosphate-binding sites. We also describe the structural basis of the interaction between the cohesin subunit SA1/A2 and separase, which promotes cleavage at the second site in SCC1. Finally, using cross-linking mass spectrometry and cryoEM, we propose a model of how cohesin is targeted by human separase. Our work provides an extensive functional and structural framework that explains one of the most fundamental events in cell division."
biorxiv,10.1101/562546,10.1371/journal.pcbi.1008127,PLOS Computational Biology,The covariance perceptron: A new framework for classification and processing of time series in recurrent neural networks,"Gilson, M.; Dahmen, D.; Moreno-Bote, R.; Insabato, A.; Helias, M.",neuroscience,2019-02-27,2020-10-12,"Learning in neuronal networks has developed in many directions, in particular to reproduce cognitive tasks like image recognition and speech processing. Implementations have been inspired by stereotypical neuronal responses like tuning curves in the visual system, where, for example, ON/OFF cells fire or not depending on the contrast in their receptive fields. Classical models of neuronal networks therefore map a set of input signals to a set of activity levels in the output of the network. Each category of inputs is thereby predominantly characterized by its mean. In the case of time series, fluctuations around this mean constitute noise in this view. For this paradigm, the high variability exhibited by the cortical activity may thus imply limitations or constraints, which have been discussed for many years. For example, the need for averaging neuronal activity over long periods or large groups of cells to assess a robust mean and to diminish the effect of noise correlations. To reconcile robust computations with variable neuronal activity, we here propose a conceptual change of perspective by employing variability of activity as the basis for stimulus-related information to be learned by neurons, rather than merely being the noise that corrupts the mean signal. In this new paradigm both afferent and recurrent weights in a network are tuned to shape the input-output mapping for covariances, the second-order statistics of the fluctuating activity. When including time lags, covariance patterns define a natural metric for time series that capture their propagating nature. We develop the theory for classification of time series based on their spatio-temporal covariances, which reflect dynamical properties. We demonstrate that recurrent connectivity is able to transform information contained in the temporal structure of the signal into spatial covariances. Finally, we use the MNIST database to show how the covariance perceptron can capture specific second-order statistical patterns generated by moving digits.

Author summaryThe dynamics in cortex is characterized by highly fluctuating activity: Even under the very same experimental conditions the activity typically does not reproduce on the level of individual spikes. Given this variability, how then does the brain realize its quasi-deterministic function? One obvious solution is to compute averages over many cells, assuming that the mean activity, or rate, is actually the decisive signal. Variability across trials of an experiment is thus considered noise. We here explore the opposite view: Can fluctuations be used to actually represent information? And if yes, is there a benefit over a representation using the mean rate? We find that a fluctuation-based scheme is not only powerful in distinguishing signals into several classes, but also that networks can efficiently be trained in the new paradigm. Moreover, we argue why such a scheme of representation is more consistent with known forms of synaptic plasticity than rate-based network dynamics."
biorxiv,10.1101/2020.05.15.098251,10.7554/elife.57395,eLife,Optical control of ERK and AKT signaling promotes axon regeneration and functional recovery of PNS and CNS in Drosophila,"Wang, Q.; Fan, H.; Li, F.; Skeeters, S. S.; Krishnamurthy, V. V.; Song, Y.; Zhang, K.",neuroscience,2020-05-15,2020-10-06,"Neuroregeneration is a dynamic process synergizing the functional outcomes of multiple signaling circuits. Channelrhodopsin-based optogenetics shows feasibility of stimulating neural repair but does not pin down specific signaling cascades. Here, we utilized optogenetic systems, optoRaf and optoAKT, to delineate the contribution of the ERK and AKT signaling pathways to neuroregeneration in live Drosophila larvae. We showed that optoRaf or optoAKT activation not only enhanced axon regeneration in both regeneration competent and incompetent sensory neurons in the peripheral nervous system, but also allowed temporal tuning and proper guidance of axon regrowth. Furthermore, optoRaf and optoAKT differ in their signaling kinetics during regeneration, showing a gated versus graded response, respectively. Importantly in the central nervous system, their activation promotes axon regrowth and functional recovery of the thermonociceptive behavior. We conclude that non-neuronal optogenetics target damaged neurons and signaling subcircuits, providing a novel strategy in the intervention of neural damage with improved precision."
biorxiv,10.1101/2021.08.06.455362,10.1016/j.neucom.2022.09.078,Neurocomputing,Cross-Individual Affective Detection Using EEG Signals with Audio-Visual Embedding,"Liang, Z.; Zhang, X.; Zhou, R.; Zhang, L.; Li, L.; Huang, G.; Zhang, Z.",bioengineering,2021-08-08,2022-09-09,"EEG signals have been successfully used in affective detection applications, which could directly capture brain dynamics and reflect emotional changes at a high temporal resolution. However, the generalized ability of the model across individuals has not been thoroughly developed yet. An involvement of other data modality, such as audio-visual information which are usually used for emotion eliciting, could be beneficial to estimate intrinsic emotions in video content and solve the individual differences problem. In this paper, we propose a novel deep affective detection model, named as EEG with audio-visual embedding (EEG-AVE), for cross-individual affective detection. Here, EEG signals are exploited to identify the individualized emotional patterns and contribute the individual preferences in affective detection; while audio-visual information is leveraged to estimate the intrinsic emotions involved in the video content and enhance the reliability of the affective detection performance. Specifically, EEG-AVE is composed of two parts. For EEG-based individual preferences prediction, a multi-scale domain adversarial neural network is developed to explore the shared dynamic, informative, and domain-invariant EEG features across individuals. For video-based intrinsic emotions estimation, a deep audio-visual feature based hypergraph clustering method is proposed to examine the latent relationship between semantic audio-visual features and emotions. Through an embedding model, both estimated individual preferences and intrinsic emotions are incorporated with shared weights and further are used together to contribute to affective detection across individuals. We conduct cross-individual affective detection experiments on two well-known emotional databases for model evaluation and comparison. The results show our proposed EEG-AVE model achieves a better performance under a leave-one-individual-out cross-validation individual-independent evaluation protocol. EEG-AVE is demonstrated as an effective model with good generalizability, which makes it a power tool for cross-individual emotion detection in real-life applications."
biorxiv,10.1101/2022.12.13.520234,10.1016/j.patter.2023.100855,Patterns,"A universal workflow for creation, validation and generalization of detailed neuronal models","Reva, M.; Rössert, C.; Arnaudon, A.; Damart, T.; Mandge, D.; Tuncel, A.; Ramaswamy, S.; Markram, H.; Van Geit, W.",neuroscience,2022-12-13,2023-10-04,"Detailed single neuron modeling is widely used to study neuronal functions. While cellular and functional diversity across the mammalian cortex is vast, most of the available computational tools are dedicated to the reproduction of a small set of specific features characteristic of a single neuron. Here, we present a generalized automated workflow for the creation of robust electrical models and illustrate its performance by building cell models for the rat somatosensory cortex (SSCx). Each model is based on a 3D morphological reconstruction and a set of ionic mechanisms specific to the cell type. We use an evolutionary algorithm to optimize passive and active ionic parameters to match the electrophysiological features extracted from whole-cell patch-clamp recordings. To shed light on which parameters are constrained by experimental data and which could be degenerate, we perform a parameter sensitivity analysis. We also validate the optimized models against additional experimental stimuli and assess their generalizability on a population of morphologies with the same morphological type. With this workflow, we generate SSCx neuronal models producing the variability of neuronal responses. Due to its versatility, our workflow can be used to build robust biophysical models of any neuronal type."
biorxiv,10.1101/2020.03.20.985523,10.1002/adma.202008161,Advanced Materials,Mechanosensation Mediates Long-Range Spatial Decision-Making in an Aneural Organism,"Murugan, N.; Kaltman, D.; Jin, H.; Chien, M.; Flores, R.; Nguyen, C.; Tuzoff, D.; Minabutdinov, A.; Kane, A.; Novak, R.; Ingber, D.; Levin, M.",animal behavior and cognition,2020-03-21,2021-07-15,"The unicellular protist Physarum polycephalum is an important emerging model for understanding how aneural organisms process information toward adaptive behavior. Here, we reveal that Physarum can use mechanosensation to reliably make decisions about distant objects its environment, preferentially growing in the direction of heavier, substrate-deforming but chemically-inert masses. This long-range mass-sensing is abolished by gentle rhythmic mechanical disruption, changing substrate stiffness, or addition of a mechanosensitive transient receptor potential channel inhibitor. Computational modeling revealed that Physarum may perform this calculation by sensing the fraction of its growth perimeter that is distorted above a threshold strain - a fundamentally novel method of mechanosensation. Together, these data identify a surprising behavioral preference relying on biomechanical features and not nutritional content, and characterize a new example of an aneural organism that exploits physics to make decisions about growth and form.

HighlightsO_LIThe aneural Physarum makes behavioral decisions by control of its morphology
C_LIO_LIIt has a preference for larger masses, which it can detect at long range
C_LIO_LIThis effect is mediated by mechanosensing, not requiring chemical attractants
C_LIO_LIMachine learning reveals that it surveys environment and makes decision in < 4 hours
C_LIO_LIA biophysical model reveals how its pulsations enable long-distance mapping of environmental features
C_LI"
biorxiv,10.1101/2025.02.27.640670,10.1016/j.onehlt.2025.101060,One Health,Limited diversity of bat-associated RNA viruses in endangered and geographically isolated Christmas Island flying foxes,"Ortiz-Baez, A. S.; Rose, K.; Lang, B. J.; Hall, J.; Holmes, E. C.",microbiology,2025-02-27,2025-05-03,"Bats are commonly thought to harbour a high diversity and abundance of RNA viruses, some of which are able to jump species boundaries to emerge in new hosts. However, gaps remain in our understanding of the ecological factors that shape the bat virome and influence the diversity, circulation and persistence of viral infections. Flying foxes (Pteropodidae) are representative of the chiropteran fauna in Australia, holding significant ecological, cultural, and social importance. However, some species have also been linked to the circulation of mammalian pathogens such as Hendra virus and Australian bat lyssavirus. Here, we characterised the virome of the Christmas Island flying fox (Pteropus melanotus natalis), an endemic and endangered species only found on the remote Australian territory of Christmas Island. Through metatranscriptomic sequencing of 46 samples, including faeces, blood, urine and tissue lesions, we found that these bats exhibit limited RNA virus diversity dominated by dietary viruses. The paucity of RNA viruses likely results from their small population size (between 1500 and 2600 individuals) and the virtual geographic isolation from other bat and mammalian species, except for pests and humans. However, we identified a novel alphacoronavirus in urine, related to viruses circulating in microbats in mainland Australia, and a picorna-like virus related to picornaviruses found in invertebrates. Although this novel picorna-like virus may be of a dietary origin, these flying foxes predominantly eat nectar, pollen and fruit, and viral RNA was also present in blood, urine and wing lesion samples, such that a broader tropism cannot be excluded. Overall, these data reveal how ecological factors have a profound impact on RNA virome diversity, highlighting risks to bat conservation, and showing that bats are not always persistent reservoirs for zoonotic viruses."
biorxiv,10.1101/2023.01.15.524086,10.1016/j.fmre.2024.05.003,Fundamental Research,Multiple conformational states assembly of multidomain proteins using evolutionary algorithm based on structural analogues and sequential homologues,"Peng, C.; Zhou, X.; Liu, J.; Hou, M.; Li, S. Z.; Zhang, G.",bioinformatics,2023-01-18,2024-05-16,"With the breakthrough of AlphaFold2, nearly all single-domain protein structures can be built at experimental resolution. However, accurate modelling of full-chain structures of multidomain proteins, particularly all relevant conformations for those with multiple states remain challenging. In this study, we develop a multidomain protein assembly method, M-SADA, for assembling multiple conformational states. In M-SADA, a multiple population-based evolutionary algorithm is proposed to sample multiple conformational states under the guidance of multiple energy functions constructed by combining homologous and analogous templates with inter-domain distances predicted by deep learning. On a developed benchmark dataset containing 72 multidomain proteins with multiple conformational states, the performance of M-SADA is significantly better than that of AlphaFold2 on multiple conformational states modelling, where 29/72 (40.3%) of proteins can be assembled with a TM-score >0.90 for highly distinct conformational states with M-SADA while AlphaFold2 does so in only 2/72 (2.8%) of proteins. Furthermore, M-SADA is tested on a developed benchmark dataset containing 296 multidomain proteins with single conformational state, and results show that the average TM-score of M-SADA on the best models is 0.913, which is 5.2% higher than that of AlphaFold2 models (0.868)."
biorxiv,10.1101/441352,10.1242/dev.172734,Development,Cyclin B2 is required for progression through meiosis in mouse oocytes,"Daldello, E. M.; Luong, X. G.; Yang, C.-R.; Huhn, J.; Conti, M.",developmental biology,2018-10-12,2019-04-05,"Cyclins associate with CDK1 to generate the M-phase-promoting factor (MPF) essential for progression through mitosis and meiosis. Previous studies concluded that CCNB2 is dispensable for cell cycle progression. Given our findings of high translation rates of CcnB2 mRNA in prophase-arrested oocytes, we have reevaluated its role during meiosis. CcnB2-/- oocytes undergo delayed germinal vesicle breakdown followed by a defective M-phase due to reduced pre-MPF activity. This disrupted maturation is associated with compromised CcnB1 and Mos mRNA translation and delayed spindle assembly. Given these defects, a significant population of oocytes fail to complete meiosis I because SAC remains activated and APC function is inhibited. In vivo, CCNB2 depletion leads to decreased oocyte developmental competence, compromised fecundity, and premature ovarian failure. These findings demonstrate that CCNB2 is required to assemble sufficient pre-MPF for timely meiosis reentry and progression. Although endogenous cyclins cannot compensate, overexpression of CCNB1 rescues the meiotic phenotypes, demonstrating similar molecular properties but divergent modes of regulation of these cyclins."
biorxiv,10.1101/666388,10.1038/s41467-020-16738-z,Nature Communications,Caveolae coupling of melanocytes signaling and mechanics is required for human skin pigmentation,"Domingues, L.; Hurbain, I.; Gilles-Marsens, F.; Andre, N.; Dewulf, M.; Romao, M.; Viaris de Lesegno, C.; Blouin, C.; Guere, C.; Vie, K.; Raposo, G.; Lamaze, C.; Delevoye, C.",cell biology,2019-06-10,2020-06-12,"Tissue homeostasis requires regulation of cell-cell communication, which relies on signaling molecules and cell contacts. In skin epidermis, keratinocytes secrete specific factors transduced by melanocytes into signaling cues to promote their pigmentation and dendrite outgrowth, while melanocytes transfer melanin pigments to keratinocytes to convey skin photoprotection. How epidermal cells integrate these functions remains poorly characterized. Here, we found that caveolae polarize in melanocytes and are particularly abundant at melanocyte-keratinocyte interface. Caveolae in melanocytes are sensitive to ultra-violet radiations and miRNAs released by keratinocytes. Preventing caveolae formation in melanocytes results in increased production of intracellular cAMP and melanin pigments, but decreases cell protrusions, cell-cell contacts, pigment transfer and epidermis pigmentation. Altogether, our data establish that, in melanocytes, caveolae serve as key molecular hubs that couple signaling outputs from keratinocytes to mechanical plasticity. This process is crucial to maintain cell-cell contacts and intercellular communication, skin pigmentation and tissue homeostasis."
medrxiv,10.1101/2021.10.07.21264418,10.1111/camh.12571,Child and Adolescent Mental Health,Assessing the Feasibility of a Web-based Outcome Measurement System in Child and Adolescent Mental Health Services: myHealthE (MHE) a Randomised Controlled Feasibility Pilot Study,"Morris, A. C.; Ibrahim, Z.; Heslin, M.; Moghraby, O. S.; Stringaris, A.; Grant, I. M.; Zalewski, L.; Pritchard, M.; Stewart, R.; Hotopf, M.; Pickles, A.; Dobson, R. J. B.; Simonoff, E.; Downs, J.",health systems and quality improvement,2021-10-11,2022-06-10,"BackgroundInterest in internet-based patient reported outcome measure (PROM) collection is increasing. The NHS myHealthE (MHE) web-based monitoring system was developed to address the limitations of paper-based PROM completion. MHE provides a simple and secure way for families accessing Child and Adolescent Mental Health Services to report clinical information and track their childs progress. This study aimed to assess whether MHE improves the completion of the Strengths and Difficulties Questionnaire (SDQ) compared with paper collection. Secondary objectives were to explore caregiver satisfaction and application acceptability.

MethodsA twelve-week single-blinded randomised controlled feasibility pilot trial of MHE was conducted with 196 families accessing neurodevelopmental services in south London to examine whether electronic questionnaires are completed more readily than paper-based questionnaires over a 3-month period. Follow up process evaluation phone calls with a subset (n=8) of caregivers explored system satisfaction and usability.

ResultsMHE group assignment was significantly associated with an increased probability of completing an SDQ-P in the study period (adjusted hazard ratio, (HR) 12.1, 95% CI 4.7-31.0; p= <0.001). Of those caregivers who received the MHE invitation (n=68) 69.1% completed an SDQ using the platform compared to 8.8% in the control group (n=68). The system was well received by caregivers, who cited numerous benefits of using MHE, for example, real time feedback and ease of completion.

ConclusionsMHE holds promise for improving PROM completion rates. Research is needed to refine MHE, evaluate large scale MHE implementation, cost effectiveness and explore factors associated with differences in electronic questionnaire uptake.

Key practitioner messagesO_LIPatient reported outcome measures (PROMs) are considered an important tool for measuring treatment success and outcomes in healthcare systems.
C_LIO_LIAdherence to routine PROM guidance in Child and Adolescent Mental Health Services (CAMHS) remains low, largely driven by limitations associated with paper-based data collection.
C_LIO_LIPaperless monitoring systems (i.e., digital) as an alternative to traditional outcome measure delivery and collection are growing in healthcare settings.
C_LIO_LIRemote questionnaire completion using the myHealthE (MHE) system is feasible and acceptable to caregivers of children accessing CAMHS in South London, yielding a 60.3 % increase in Strengths and Difficulties questionnaire reporting compared to standard practice.
C_LIO_LIMore research is required to understand whether MHE implementation affords similar improvements in remote PROM completion at scale and whether electronic questionnaire uptake is equal for different socio-demographic and clinical populations.
C_LI"
biorxiv,10.1101/2021.03.01.433403,10.1073/pnas.2104131118,Proceedings of the National Academy of Sciences,Genetic Basis of Variation in Cocaine and Methamphetamine Consumption in Outbred Populations of Drosophila melanogaster,"Baker, B.; Carbone, M. A.; Huang, W.; Anholt, R. R. H.; Mackay, T.",genetics,2021-03-02,2021-06-01,"We used Drosophila melanogaster to map the genetic basis of naturally occurring variation in voluntary consumption of cocaine and methamphetamine. We derived an outbred advanced intercross population (AIP) from 37 sequenced inbred wild-derived lines of the Drosophila melanogaster Genetic Reference Panel (DGRP), which are maximally genetically divergent, have minimal residual heterozygosity, are not segregating for common inversions, and are not infected with Wolbachia pipientis. We assessed consumption of sucrose, methamphetamine-supplemented sucrose and cocaine-supplemented sucrose, and found considerable phenotypic variation for consumption of both drugs, in both sexes. We performed whole genome sequencing and extreme QTL mapping on the top 10% of consumers for each replicate, sex and condition, and an equal number of randomly selected flies. We evaluated changes in allele frequencies among high consumers and control flies and identified 3,033 variants significantly (P < 1.9 x 10-8) associated with increased consumption, located in or near 1,962 genes. Many of these genes are associated with nervous system development and function, and 77 belong to a known gene-gene interaction subnetwork. We assessed the effects of RNA interference (RNAi) on drug consumption for 22 candidate genes; 17 had a significant effect in at least one sex. We constructed allele-specific AIPs which were homozygous for alternative candidate alleles for 10 SNPs and measured average consumption for each population; nine SNPs had significant effects in at least one sex. The genetic basis of voluntary drug consumption in Drosophila is polygenic and implicates genes with human orthologs and associated variants with sex- and drug-specific effects.

Significance StatementThe use of cocaine and methamphetamine presents significant socioeconomic problems. However, identifying the genetic underpinnings that determine susceptibility to substance use is challenging in human populations. The fruit fly, Drosophila melanogaster, presents a powerful genetic model since we can control the genetic background and environment, 75% of disease-causing genes in humans have a fly counterpart, and flies - like humans - exhibit adverse effects upon cocaine and methamphetamine exposure. We showed that the genetic architecture underlying variation in voluntary cocaine and methamphetamine consumption differs between sexes and is dominated by variants in genes associated with connectivity and function of the nervous system. Results obtained from the Drosophila gene discovery model can guide studies on substance abuse susceptibility in human populations."
biorxiv,10.64898/2025.12.19.695482,10.1371/journal.pbio.3003799,PLOS Biology,What sets the mutation rate of a cell type in an animal species?,"de Manuel, M.; Przeworski, M.; Spisak, N.; Stolyarova, A.",evolutionary biology,2025-12-22,2026-06-08,"Germline mutation rates per generation are strikingly similar across animals, despite vast differences in life histories. Analogously, in at least one somatic cell type, mutation rates at the end of lifespan are comparable across mammals. These observations point to a key role for natural selection in shaping mutation rates. In this essay, we summarize the patterns identified to date and outline existing theories for how selection pressures might shape mutation rates in animal germline and soma. We argue that an understanding of what sets the mutation rate of a given cell type in a species requires better integration of genetics and development with population processes of selection and genetic drift."
biorxiv,10.1101/2024.10.29.620955,10.1016/j.biopsych.2025.10.001,Biological Psychiatry,Transcriptional profiling of the cortico-accumbal pathway reveals sex-specific alterations underlying stress susceptibility,"Pessoni, A. M.; Blanc-Arabe, L.; Pancotti, L.; Mansouri, S.; D'Angelo, M.; Huot, K.; Rivera, A. M.; Peralta, M.; Zhao, C.; Leboulleux, Q.; Levesque, M.; Proulx, C. D.; Labonte, B.",neuroscience,2024-10-29,2025-10-09,"Anxiety and depressive disorders, including major depressive disorder (MDD), affect millions of people every year, imposing significant socio-economic burdens. In this scenario, current treatments for MDD show limited efficacy, highlighting the need to better understand its molecular mechanisms. The medial prefrontal cortex (mPFC) has been identified as a critical brain region in MDD pathology, displaying altered activity and morphology. This study targets the mPFC-to-nucleus accumbens (NAc) pathway, which is implicated in the regulation of emotional behavior. We used a pathway-specific approach to uncover transcriptional profiles in mPFC neurons projecting to the NAc in stressed male and female mice. Using the RiboTag technique and RNA sequencing, we identified sex-specific gene expression changes, revealing potential roles in stress susceptibility. Differential expression and weighted gene co-expression network analyses revealed distinct transcriptional responses to chronic stress in males and females. Key findings include the identification of the X-linked lymphocyte-regulated 4B (Xlr4b) gene, within a highly relevant gene module, as a stress susceptibility driver in males. By experimentally overexpressing the Xlr4b gene, we characterized its crucial role in regulating neuronal firing and influencing arborization patterns to promote anxiety-like behavior in a sex-specific fashion. These findings suggest that chronic stress induces unique and shared transcriptional alterations in mPFC neurons projecting to the NAc. Some of these alterations change the morphological and functional properties of neuronal pathways ultimately contributing to the differential manifestation of anxiety-like and depressive-like behaviors in male and female mice."
biorxiv,10.64898/2026.03.05.709782,10.1093/gpbjnl/qzag074,"Genomics, Proteomics & Bioinformatics",Deciphering Cell Cycle Dynamics and Cell States in Single-cell RNA-seq data with SPAE,"Yi, J.; Liu, J.; Guo, P.; Ye, Y.-n.; zhou, X.",bioinformatics,2026-03-08,2026-07-29,"Rapid advances in single-cell RNA sequencing (scRNA-seq) technology have enabled the investigation of gene expression changes at the single-cell level, particularly for elucidating the heterogeneity among cells and complex biological processes. This technique reveals subtle molecular differences within individual cells, thereby offering a unique viewpoint for the investigation of cell cycle progression, cellular differentiation, and disease pathogenesis. However, accurately identifying and analyzing cell cycle dynamics in scRNA-seq data remains challenging due to the complexity of the data and the subtle differences between cell states. To address this challenge, we developed the integrated Sinusoidal and Piecewise AutoEncoder (SPAE), an autoencoder-based piecewise linear model, for characterizing the cell cycle dynamics and cell states in scRNA-seq data. Compared with existing methods, SPAE demonstrates substantially improved accuracy and robustness in cell cycle characterization. Additionally, SPAE can accurately predict cancer cell cycle transitions and effectively facilitate the removal of cell cycle effects from gene expression data. SPAE is available for non-commercial use at https://github.com/YaJahn/SPAE."
biorxiv,10.1101/2021.04.26.441501,10.1016/j.immuni.2021.08.016,Immunity,A potently neutralizing anti-SARS-CoV-2 antibody inhibits variants of concern by binding a highly conserved epitope,"VanBlargan, L.; Adams, L.; Liu, Z.; Chen, R. E.; Gilchuk, P.; Raju, S.; Smith, B.; Zhao, H.; Case, J. B.; Winkler, E. S.; Whitener, B.; Droit, L.; Aziati, I.; Shi, P.-Y.; Creanga, A.; Pegu, A.; Handley, S.; Wang, D.; Boon, A.; Crowe, J. E.; Whelan, S. P. J.; Fremont, D.; Diamond, M.",microbiology,2021-04-26,2021-08-19,"With the emergence of SARS-CoV-2 variants with increased transmissibility and potential resistance, antibodies and vaccines with broadly inhibitory activity are needed. Here we developed a panel of neutralizing anti-SARS-CoV-2 mAbs that bind the receptor binding domain of the spike protein at distinct epitopes and block virus attachment to cells and its receptor, human angiotensin converting enzyme-2 (hACE2). While several potently neutralizing mAbs protected K18-hACE2 transgenic mice against infection caused by historical SARS-CoV-2 strains, others induced escape variants in vivo and lost activity against emerging strains. We identified one mAb, SARS2-38, that potently neutralizes all SARS-CoV-2 variants of concern tested and protects mice against challenge by multiple SARS-CoV-2 strains. Structural analysis showed that SARS2-38 engages a conserved epitope proximal to the receptor binding motif. Thus, treatment with or induction of inhibitory antibodies that bind conserved spike epitopes may limit the loss of potency of therapies or vaccines against emerging SARS-CoV-2 variants."
medrxiv,10.1101/2021.03.05.21253014,10.1016/j.meegid.2021.105087,"Infection, Genetics and Evolution",Investigating the first wave of the COVID-19 pandemic in Ukraine using epidemiological and genomic sequencing data,"Gankin, Y.; Koniukhovskii, V.; Nemira, A.; Chowell, G.; Weppelmann, T. A.; Skums, P.; Kirpich, A.",epidemiology,2021-03-08,2021-09-27,"The novel coronavirus SARS-CoV-2 was first detected in China in December 2019 and has rapidly spread around the globe. The World Health Organization declared COVID-19 a pandemic in March 2020 just three months after the introduction of the virus. Individual nations have implemented and enforced a variety of social distancing interventions to slow the virus spread, that had different degrees of success. Understanding the role of non-pharmaceutical interventions (NPIs) on COVID-19 transmission in different settings is highly important. While most such studies have focused on China, neighboring Asian counties, Western Europe, and North America, there is a scarcity of studies for Eastern Europe. The aim of this study is to contribute to filling this gap by analyzing the characteristics of the first months of the epidemic in Ukraine using agent-based modelling and phylodynamics. Specifically, first we studied the dynamics of COVID-19 incidence and mortality and explored the impact of epidemic NPIs. Our stochastic model suggests, that even a small delay of weeks could have increased the number of cases by up to 50%, with the potential to overwhelm hospital systems. Second, the genomic data analysis suggests that there have been multiple introductions of SARS-CoV-2 into Ukraine during the early stages of the epidemic. Our findings support the conclusion that the implemented travel restrictions may have had limited impact on the epidemic spread. Third, the basic reproduction number for the epidemic that has been estimated independently from case counts data and from genomic data suggest sustained intra-country transmissions."
biorxiv,10.1101/847335,10.1016/j.cub.2020.07.063,Current Biology,A Division of Labor in the Recruitment and TopologicalOrganization of a Bacterial Morphogenic Complex,"Caccamo, P. D.; Jacq, M.; VanNieuwenhze, M. S.; Brun, Y. V.",microbiology,2019-11-20,2020-08-13,"Bacteria come in an array of shapes and sizes, but the mechanisms underlying diverse morphologies are poorly understood. The peptidoglycan (PG) cell wall is the primary determinant of cell shape. At the molecular level, morphological variation often results from the regulation of enzymes involved in cell elongation and division. These enzymes are spatially controlled by cytoskeletal scaffolding proteins, that both recruit and organize the PG synthesis complex. How then do cells define alternative morphogenic processes that are distinct from cell elongation and division? To address this, we have turned to the specific morphotype of Alphaproteobacterial stalks. Stalk synthesis is a specialized form of zonal growth, which requires PG synthesis in a spatially constrained zone to extend a thin cylindrical projection of the cell envelope. The morphogen SpmX defines the site of stalk PG synthesis, but SpmX is a PG hydrolase. How then does a non-cytoskeletal protein, SpmX, define and constrain PG synthesis to form stalks? Here we report that SpmX and the bactofilin BacA act in concert to regulate stalk synthesis in Asticcacaulis biprosthecum. We show that SpmX recruits BacA to the site of stalk synthesis. BacA then serves as a stalk-specific topological organizer for PG synthesis activity, including its recruiter SpmX, at the base of the stalk. In the absence of BacA, cells produce ""pseudostalks"" that are the result of unconstrained PG synthesis. Therefore, the protein responsible for recruitment of a morphogenic PG remodeling complex, SpmX, is distinct from the protein that topologically organizes the complex, BacA."
biorxiv,10.1101/487751,10.1007/s12195-019-00602-2,Cellular and Molecular Bioengineering,CCN4 shifts melanoma cells from a fragile proliferative state to a resilient metastatic state,"Deng, W.; Fernandez, A.; McLaughlin, S. L.; Klinke, D. J.",cancer biology,2018-12-06,2019-10-17,"While deregulated intracellular signaling initiates melanoma, intercellular crosstalk within the tumor microenvironment, often coordinated by soluble factors, is essential for melanoma progression and metastasis. One such secreted matricellular protein, cellular communication network factor 4 (CCN4), stimulates metastasis in other malignancies. Here, we report that CCN4 expression is associated progressively with reduced overall survival in patients with primary melanomas. To reveal the roles of CCN4 in melanoma progression, we used mouse melanoma models and knocked out Ccn4 using a homology-directed repair CRISPR/CAS9 system to generate pools of Ccn4-knockout cells. In vitro assays supported previous findings using clones generated using a double nickase-based CRISPR/CAS9 system that CCN4 promoted an epithelial - mesenchymal-like transition in melanoma cells and stimulated invasion and metastasis. We also found that, while Ccn4 knockout enhanced cell growth in optimal 2D culture conditions, the knockout suppressed certain cell survival signaling pathways and rendered cells less resistant to stress conditions. Tumor cell growth assays at sub-optimal conditions in vitro, quantitative analysis of tumor growth assays in vivo, and transcriptomics analysis of human melanoma cell lines suggested that CCN4 repressed cell growth and simultaneously enhanced cell survival. The collective role of CCN4 suggests a potential therapeutic target for limiting metastatic invasion in melanoma and a biomarker for metastatic potential."
biorxiv,10.1101/2023.08.18.552093,10.1016/j.actbio.2024.05.033,Acta Biomaterialia,2D cell culture on soft hydrogel drives an endoplasmic reticulum stress-dependent S quiescence underlying molecular traits of pulmonary basal cells,"Laval, P.-A.; Piecyk, M.; Le Guen, P.; Ilie, M.; Fauvre, J.; Coste, I.; Renno, T.; Aznar, N.; Ansieau, S.; Hadji, C.; Migdal, C.; Duret, C.; Bertolino, P.; Ferraro-Peyret, C.; Nicolas, A.; Chaveroux, C.",cell biology,2023-08-19,2024-05-23,"Cell culture on soft matrix, either in 2D and 3D, preserves the characteristics of progenitors. However, the mechanism by which the mechanical microenvironment determines progenitor phenotype, and its relevance to human biology, remains poorly described. Here we designed multi-well hydrogel plates with a high degree of physico-chemical uniformity to reliably address the molecular mechanism underlying cell state modification driven by physiological stiffness. Cell cycle, differentiation and metabolic activity could be studied in parallel assays, showing that the soft environment promotes an atypical S-phase quiescence and prevents cell drift, while preserving the differentiation capacities of human bronchoepithelial cells. These softness-sensitive responses are driven by defects in proteostasis and enhanced basal endoplasmic reticulum stress. The analysis of available single cell data of the human lung also showed that this non-conventional state coming from the soft extracellular environment is indeed consistent with molecular feature of pulmonary basal cells. Overall, this study demonstrates that mechanical mimicry in 2D culture supports allows to maintain progenitor cells in a state of high physiological relevance for characterizing novel molecular events that govern progenitor biology in human tissues."
biorxiv,10.1101/2025.08.11.669596,10.1093/jxb/erag192,Journal of Experimental Botany,Esca Disease triggers local transcriptomic response and systemic DNA methylation changes in grapevine,"Berger, M. M. J.; Garcia, V.; Rubio, B.; Bortolami, G.; Gambetta, G.; Delmas, C. E. L.; Gallusci, P.",plant biology,2025-08-13,2026-06-01,"Woody plants such as grapevine are vulnerable to trunk diseases caused by pathogens that colonize the wood, disrupt vascular function, and induce recurrent leaf symptoms associated with major metabolic disturbances and canopy decline. Over time, these diseases can irreversibly alter plant physiology and phenotype, ultimately reducing vine longevity. One of the most predominant of such diseases is esca, which is a major cause of vineyard dieback, with rising incidence worldwide over the past decade. However, the molecular mechanisms underlying esca symptom development remain unclear. In this study, we leveraged the heterogeneous expression of esca-symptoms within individual grapevines to investigate molecular responses in both symptomatic and asymptomatic leaf tissues. By combining metabolite profiling, RNA-seq and whole genome bisulfite sequencing, we show that metabolic alterations and extensive transcriptomic reprogramming are restricted to symptomatic leaves and are partially associated with local changes in DNA methylation. Asymptomatic leaves display distinct DNA methylation changes, some of which are shared with symptomatic tissues, suggesting a systemic response to the disease at the epigenetic level. Notably, subset of these methylation marks are observable prior to symptom emergence, highlighting the potential of epigenetic biomarkers for the early detection of trunk diseases in perennial plants."
biorxiv,10.1101/2023.10.23.563675,10.1126/sciadv.adm7039,Science Advances,FOXP1 regulates the development of excitatory synaptic inputs onto striatal neurons and induces phenotypic reversal with reinstatement,"Khandelwal, N.; Kulkarni, A.; Ahmed, N.; Harper, M.; Konopka, G.; Gibson, J. R.",neuroscience,2023-10-24,2024-05-03,"Long-range glutamatergic inputs from the cortex and thalamus are critical for motor and cognitive processing in the striatum. Transcription factors that orchestrate the development of these inputs are largely unknown. We investigated the role of a transcription factor and high-risk autism-associated gene, FOXP1, in the development of glutamatergic inputs onto spiny projection neurons (SPNs) in the striatum. We find that FOXP1 robustly drives the strengthening and maturation of glutamatergic input onto dopamine receptor 2-expressing SPNs (D2 SPNs) but has a comparatively milder effect on D1 SPNs. This process is cell-autonomous and is likely mediated through postnatal FOXP1 function at the postsynapse. We identified postsynaptic FOXP1-regulated transcripts as potential candidates for mediating these effects. Postnatal reinstatement of FOXP1 rescues electrophysiological deficits, reverses gene expression alterations resulting from embryonic deletion, and mitigates behavioral phenotypes. These results provide support for a possible therapeutic approach for individuals with FOXP1 syndrome."
